[26Jul2026 01:32:50.277] [main/INFO] [cpw.mods.modlauncher.Launcher/MODLAUNCHER]: ModLauncher running: args [--launchTarget, forgeserver, --fml.forgeVersion, 40.2.21, --fml.mcVersion, 1.18.2, --fml.forgeGroup, net.minecraftforge, --fml.mcpVersion, 20220404.173914, nogui]
[26Jul2026 01:32:50.281] [main/INFO] [cpw.mods.modlauncher.Launcher/MODLAUNCHER]: ModLauncher 9.1.3+9.1.3+main.9b69c82a starting: java version 17.0.19 by Ubuntu
[26Jul2026 01:32:50.298] [main/DEBUG] [cpw.mods.modlauncher.LaunchServiceHandler/MODLAUNCHER]: Found launch services [fmlclientdev,forgeclient,minecraft,forgegametestserverdev,fmlserveruserdev,fmlclient,fmldatauserdev,forgeserverdev,forgeserveruserdev,forgeclientdev,forgeclientuserdev,forgeserver,forgedatadev,fmlserver,fmlclientuserdev,fmlserverdev,forgedatauserdev,testharness,forgegametestserveruserdev]
[26Jul2026 01:32:50.310] [main/DEBUG] [cpw.mods.modlauncher.NameMappingServiceHandler/MODLAUNCHER]: Found naming services : [srgtomcp]
[26Jul2026 01:32:50.323] [main/DEBUG] [cpw.mods.modlauncher.LaunchPluginHandler/MODLAUNCHER]: Found launch plugins: [mixin,eventbus,slf4jfixer,object_holder_definalize,runtime_enum_extender,capability_token_subclass,accesstransformer,runtimedistcleaner]
[26Jul2026 01:32:50.331] [main/DEBUG] [cpw.mods.modlauncher.TransformationServicesHandler/MODLAUNCHER]: Discovering transformation services
[26Jul2026 01:32:50.496] [main/DEBUG] [cpw.mods.modlauncher.TransformationServicesHandler/MODLAUNCHER]: Found additional transformation services from discovery services: java.util.stream.ReferencePipeline$3@40844aab
[26Jul2026 01:32:50.508] [main/DEBUG] [cpw.mods.modlauncher.TransformationServicesHandler/MODLAUNCHER]: Found transformer services : [mixin,fml]
[26Jul2026 01:32:50.508] [main/DEBUG] [cpw.mods.modlauncher.TransformationServicesHandler/MODLAUNCHER]: Transformation services loading
[26Jul2026 01:32:50.509] [main/DEBUG] [cpw.mods.modlauncher.TransformationServiceDecorator/MODLAUNCHER]: Loading service mixin
[26Jul2026 01:32:50.509] [main/DEBUG] [cpw.mods.modlauncher.TransformationServiceDecorator/MODLAUNCHER]: Loaded service mixin
[26Jul2026 01:32:50.510] [main/DEBUG] [cpw.mods.modlauncher.TransformationServiceDecorator/MODLAUNCHER]: Loading service fml
[26Jul2026 01:32:50.512] [main/DEBUG] [net.minecraftforge.fml.loading.LauncherVersion/CORE]: Found FMLLauncher version 1.0
[26Jul2026 01:32:50.512] [main/DEBUG] [net.minecraftforge.fml.loading.FMLLoader/CORE]: FML 1.0 loading
[26Jul2026 01:32:50.512] [main/DEBUG] [net.minecraftforge.fml.loading.FMLLoader/CORE]: FML found ModLauncher version : 9.1.3+9.1.3+main.9b69c82a
[26Jul2026 01:32:50.512] [main/DEBUG] [net.minecraftforge.fml.loading.FMLLoader/CORE]: FML found AccessTransformer version : 8.0.4+66+master.c09db6d7
[26Jul2026 01:32:50.513] [main/DEBUG] [net.minecraftforge.fml.loading.FMLLoader/CORE]: FML found EventBus version : 5.0.3+70+master.d7d405b
[26Jul2026 01:32:50.513] [main/DEBUG] [net.minecraftforge.fml.loading.FMLLoader/CORE]: Found Runtime Dist Cleaner
[26Jul2026 01:32:50.514] [main/DEBUG] [net.minecraftforge.fml.loading.FMLLoader/CORE]: FML found CoreMod version : 5.0.1+15+master.dc5a2922
[26Jul2026 01:32:50.515] [main/DEBUG] [net.minecraftforge.fml.loading.FMLLoader/CORE]: Found ForgeSPI package implementation version 4.0.15-4.x+4.0.15-4.x+4.x.038e91c0
[26Jul2026 01:32:50.515] [main/DEBUG] [net.minecraftforge.fml.loading.FMLLoader/CORE]: Found ForgeSPI package specification 4
[26Jul2026 01:32:50.517] [main/DEBUG] [cpw.mods.modlauncher.TransformationServiceDecorator/MODLAUNCHER]: Loaded service fml
[26Jul2026 01:32:50.518] [main/DEBUG] [cpw.mods.modlauncher.TransformationServicesHandler/MODLAUNCHER]: Configuring option handling for services
[26Jul2026 01:32:50.524] [main/DEBUG] [cpw.mods.modlauncher.TransformationServicesHandler/MODLAUNCHER]: Transformation services initializing
[26Jul2026 01:32:50.525] [main/DEBUG] [cpw.mods.modlauncher.TransformationServiceDecorator/MODLAUNCHER]: Initializing transformation service mixin
[26Jul2026 01:32:50.543] [main/DEBUG] [mixin/]: MixinService [ModLauncher] was successfully booted in cpw.mods.cl.ModuleClassLoader@370736d9
[26Jul2026 01:32:50.563] [main/INFO] [mixin/]: SpongePowered MIXIN Subsystem Version=0.8.5 Source=union:/workspaces/servermods/servidor_minecraft/libraries/org/spongepowered/mixin/0.8.5/mixin-0.8.5.jar%2314!/ Service=ModLauncher Env=SERVER
[26Jul2026 01:32:50.569] [main/DEBUG] [mixin/]: Initialising Mixin Platform Manager
[26Jul2026 01:32:50.569] [main/DEBUG] [mixin/]: Adding mixin platform agents for container ModLauncher Root Container(ModLauncher:4f56a0a2)
[26Jul2026 01:32:50.570] [main/DEBUG] [mixin/]: Instancing new MixinPlatformAgentMinecraftForge for ModLauncher Root Container(ModLauncher:4f56a0a2)
[26Jul2026 01:32:50.570] [main/DEBUG] [mixin/]: MixinPlatformAgentMinecraftForge rejected container ModLauncher Root Container(ModLauncher:4f56a0a2)
[26Jul2026 01:32:50.571] [main/DEBUG] [mixin/]: Instancing new MixinPlatformAgentDefault for ModLauncher Root Container(ModLauncher:4f56a0a2)
[26Jul2026 01:32:50.571] [main/DEBUG] [mixin/]: MixinPlatformAgentDefault accepted container ModLauncher Root Container(ModLauncher:4f56a0a2)
[26Jul2026 01:32:50.575] [main/DEBUG] [cpw.mods.modlauncher.TransformationServiceDecorator/MODLAUNCHER]: Initialized transformation service mixin
[26Jul2026 01:32:50.575] [main/DEBUG] [cpw.mods.modlauncher.TransformationServiceDecorator/MODLAUNCHER]: Initializing transformation service fml
[26Jul2026 01:32:50.575] [main/DEBUG] [net.minecraftforge.fml.loading.FMLServiceProvider/CORE]: Setting up basic FML game directories
[26Jul2026 01:32:50.576] [main/DEBUG] [net.minecraftforge.fml.loading.FileUtils/CORE]: Found existing GAMEDIR directory : /workspaces/servermods/servidor_minecraft
[26Jul2026 01:32:50.577] [main/DEBUG] [net.minecraftforge.fml.loading.FMLPaths/CORE]: Path GAMEDIR is /workspaces/servermods/servidor_minecraft
[26Jul2026 01:32:50.577] [main/DEBUG] [net.minecraftforge.fml.loading.FileUtils/CORE]: Found existing MODSDIR directory : /workspaces/servermods/servidor_minecraft/mods
[26Jul2026 01:32:50.577] [main/DEBUG] [net.minecraftforge.fml.loading.FMLPaths/CORE]: Path MODSDIR is /workspaces/servermods/servidor_minecraft/mods
[26Jul2026 01:32:50.577] [main/DEBUG] [net.minecraftforge.fml.loading.FileUtils/CORE]: Found existing CONFIGDIR directory : /workspaces/servermods/servidor_minecraft/config
[26Jul2026 01:32:50.578] [main/DEBUG] [net.minecraftforge.fml.loading.FMLPaths/CORE]: Path CONFIGDIR is /workspaces/servermods/servidor_minecraft/config
[26Jul2026 01:32:50.578] [main/DEBUG] [net.minecraftforge.fml.loading.FMLPaths/CORE]: Path FMLCONFIG is /workspaces/servermods/servidor_minecraft/config/fml.toml
[26Jul2026 01:32:50.578] [main/DEBUG] [net.minecraftforge.fml.loading.FMLServiceProvider/CORE]: Loading configuration
[26Jul2026 01:32:50.615] [main/DEBUG] [net.minecraftforge.fml.loading.FileUtils/CORE]: Found existing default config directory directory : /workspaces/servermods/servidor_minecraft/defaultconfigs
[26Jul2026 01:32:50.616] [main/DEBUG] [net.minecraftforge.fml.loading.FMLServiceProvider/CORE]: Preparing ModFile
[26Jul2026 01:32:50.619] [main/DEBUG] [net.minecraftforge.fml.loading.FMLServiceProvider/CORE]: Preparing launch handler
[26Jul2026 01:32:50.619] [main/DEBUG] [net.minecraftforge.fml.loading.FMLLoader/CORE]: Using forgeserver as launch service
[26Jul2026 01:32:50.637] [main/DEBUG] [net.minecraftforge.fml.loading.FMLLoader/CORE]: Received command line version data  : VersionInfo[forgeVersion=40.2.21, mcVersion=1.18.2, mcpVersion=20220404.173914, forgeGroup=net.minecraftforge]
[26Jul2026 01:32:50.639] [main/DEBUG] [cpw.mods.modlauncher.TransformationServiceDecorator/MODLAUNCHER]: Initialized transformation service fml
[26Jul2026 01:32:50.639] [main/DEBUG] [cpw.mods.modlauncher.NameMappingServiceHandler/MODLAUNCHER]: Current naming domain is 'srg'
[26Jul2026 01:32:50.640] [main/DEBUG] [cpw.mods.modlauncher.NameMappingServiceHandler/MODLAUNCHER]: Identified name mapping providers {}
[26Jul2026 01:32:50.640] [main/DEBUG] [cpw.mods.modlauncher.TransformationServicesHandler/MODLAUNCHER]: Transformation services begin scanning
[26Jul2026 01:32:50.640] [main/DEBUG] [cpw.mods.modlauncher.TransformationServiceDecorator/MODLAUNCHER]: Beginning scan trigger - transformation service mixin
[26Jul2026 01:32:50.641] [main/DEBUG] [cpw.mods.modlauncher.TransformationServiceDecorator/MODLAUNCHER]: End scan trigger - transformation service mixin
[26Jul2026 01:32:50.641] [main/DEBUG] [cpw.mods.modlauncher.TransformationServiceDecorator/MODLAUNCHER]: Beginning scan trigger - transformation service fml
[26Jul2026 01:32:50.641] [main/DEBUG] [net.minecraftforge.fml.loading.FMLServiceProvider/CORE]: Initiating mod scan
[26Jul2026 01:32:50.650] [main/DEBUG] [net.minecraftforge.fml.loading.moddiscovery.ModListHandler/CORE]: Found mod coordinates from lists: []
[26Jul2026 01:32:50.652] [main/DEBUG] [net.minecraftforge.fml.loading.moddiscovery.ModDiscoverer/CORE]: Found Mod Locators : (mods folder:null),(maven libs:null),(exploded directory:null),(minecraft:null),(userdev classpath:null),(JarInJar:null)
[26Jul2026 01:32:50.677] [main/DEBUG] [net.minecraftforge.fml.loading.moddiscovery.ModFileParser/LOADING]: Considering mod file candidate /workspaces/servermods/servidor_minecraft/mods/alexsmobs-1.18.6.jar
[26Jul2026 01:32:50.718] [main/DEBUG] [net.minecraftforge.fml.loading.moddiscovery.ModFileInfo/LOADING]: Found valid mod file alexsmobs-1.18.6.jar with {alexsmobs} mods - versions {1.18.6}
[26Jul2026 01:32:50.720] [main/DEBUG] [net.minecraftforge.fml.loading.moddiscovery.ModFileParser/LOADING]: Considering mod file candidate /workspaces/servermods/servidor_minecraft/mods/architectury-4.12.94-forge.jar
[26Jul2026 01:32:50.721] [main/DEBUG] [net.minecraftforge.fml.loading.moddiscovery.ModFileInfo/LOADING]: Found valid mod file architectury-4.12.94-forge.jar with {architectury} mods - versions {4.12.94}
[26Jul2026 01:32:50.722] [main/DEBUG] [net.minecraftforge.fml.loading.moddiscovery.ModFileParser/LOADING]: Considering mod file candidate /workspaces/servermods/servidor_minecraft/mods/artifacts-1.18.2-4.2.4.jar
[26Jul2026 01:32:50.726] [main/DEBUG] [net.minecraftforge.fml.loading.moddiscovery.ModFileInfo/LOADING]: Found valid mod file artifacts-1.18.2-4.2.4.jar with {artifacts} mods - versions {1.18.2-4.2.4}
[26Jul2026 01:32:50.728] [main/DEBUG] [net.minecraftforge.fml.loading.moddiscovery.ModFileParser/LOADING]: Considering mod file candidate /workspaces/servermods/servidor_minecraft/mods/betteranimalsplus-1.18.2-11.0.10-forge.jar
[26Jul2026 01:32:50.729] [main/DEBUG] [net.minecraftforge.fml.loading.moddiscovery.ModFileInfo/LOADING]: Found valid mod file betteranimalsplus-1.18.2-11.0.10-forge.jar with {betteranimalsplus} mods - versions {1.18.2-11.0.10}
[26Jul2026 01:32:50.733] [main/DEBUG] [net.minecraftforge.fml.loading.moddiscovery.ModFileParser/LOADING]: Considering mod file candidate /workspaces/servermods/servidor_minecraft/mods/BiomesOPlenty-1.18.2-16.0.0.134.jar
[26Jul2026 01:32:50.734] [main/DEBUG] [net.minecraftforge.fml.loading.moddiscovery.ModFileInfo/LOADING]: Found valid mod file BiomesOPlenty-1.18.2-16.0.0.134.jar with {biomesoplenty} mods - versions {0.0NONE}
[26Jul2026 01:32:50.736] [main/DEBUG] [net.minecraftforge.fml.loading.moddiscovery.ModFileParser/LOADING]: Considering mod file candidate /workspaces/servermods/servidor_minecraft/mods/BOMD-Forge-1.18.2-1.0.6.jar
[26Jul2026 01:32:50.737] [main/DEBUG] [net.minecraftforge.fml.loading.moddiscovery.ModFileInfo/LOADING]: Found valid mod file BOMD-Forge-1.18.2-1.0.6.jar with {bosses_of_mass_destruction} mods - versions {1.0.6}
[26Jul2026 01:32:50.741] [main/DEBUG] [net.minecraftforge.fml.loading.moddiscovery.ModFileParser/LOADING]: Considering mod file candidate /workspaces/servermods/servidor_minecraft/mods/born_in_chaos_[Forge]1.18.2_1.17.jar
[26Jul2026 01:32:50.743] [main/DEBUG] [net.minecraftforge.fml.loading.moddiscovery.ModFileInfo/LOADING]: Found valid mod file born_in_chaos_[Forge]1.18.2_1.17.jar with {born_in_chaos_v1} mods - versions {1.0.0}
[26Jul2026 01:32:50.744] [main/DEBUG] [net.minecraftforge.fml.loading.moddiscovery.ModFileParser/LOADING]: Considering mod file candidate /workspaces/servermods/servidor_minecraft/mods/champions-forge-1.18.2-2.1.6.3.jar
[26Jul2026 01:32:50.745] [main/DEBUG] [net.minecraftforge.fml.loading.moddiscovery.ModFileInfo/LOADING]: Found valid mod file champions-forge-1.18.2-2.1.6.3.jar with {champions} mods - versions {1.18.2-2.1.6.3}
[26Jul2026 01:32:50.746] [main/DEBUG] [net.minecraftforge.fml.loading.moddiscovery.ModFileParser/LOADING]: Considering mod file candidate /workspaces/servermods/servidor_minecraft/mods/citadel-1.11.3-1.18.2.jar
[26Jul2026 01:32:50.747] [main/DEBUG] [net.minecraftforge.fml.loading.moddiscovery.ModFileInfo/LOADING]: Found valid mod file citadel-1.11.3-1.18.2.jar with {citadel} mods - versions {1.11.3}
[26Jul2026 01:32:50.749] [main/DEBUG] [net.minecraftforge.fml.loading.moddiscovery.ModFileParser/LOADING]: Considering mod file candidate /workspaces/servermods/servidor_minecraft/mods/cloth-config-6.5.133-forge.jar
[26Jul2026 01:32:50.750] [main/DEBUG] [net.minecraftforge.fml.loading.moddiscovery.ModFileInfo/LOADING]: Found valid mod file cloth-config-6.5.133-forge.jar with {cloth_config} mods - versions {6.5.133}
[26Jul2026 01:32:50.750] [main/DEBUG] [net.minecraftforge.fml.loading.moddiscovery.ModFileParser/LOADING]: Considering mod file candidate /workspaces/servermods/servidor_minecraft/mods/curios-forge-1.18.2-5.0.9.2.jar
[26Jul2026 01:32:50.752] [main/DEBUG] [net.minecraftforge.fml.loading.moddiscovery.ModFileInfo/LOADING]: Found valid mod file curios-forge-1.18.2-5.0.9.2.jar with {curios} mods - versions {1.18.2-5.0.9.2}
[26Jul2026 01:32:50.754] [main/DEBUG] [net.minecraftforge.fml.loading.moddiscovery.ModFileParser/LOADING]: Considering mod file candidate /workspaces/servermods/servidor_minecraft/mods/DungeonsArise-1.18.2-2.1.52-release.jar
[26Jul2026 01:32:50.756] [main/DEBUG] [net.minecraftforge.fml.loading.moddiscovery.ModFileInfo/LOADING]: Found valid mod file DungeonsArise-1.18.2-2.1.52-release.jar with {dungeons_arise} mods - versions {2.1.52-1.18.2}
[26Jul2026 01:32:50.758] [main/DEBUG] [net.minecraftforge.fml.loading.moddiscovery.ModFileParser/LOADING]: Considering mod file candidate /workspaces/servermods/servidor_minecraft/mods/ecologics-forge-1.18.2-1.7.11.jar
[26Jul2026 01:32:50.759] [main/DEBUG] [net.minecraftforge.fml.loading.moddiscovery.ModFileInfo/LOADING]: Found valid mod file ecologics-forge-1.18.2-1.7.11.jar with {ecologics} mods - versions {1.7.11}
[26Jul2026 01:32:50.760] [main/DEBUG] [net.minecraftforge.fml.loading.moddiscovery.ModFileParser/LOADING]: Considering mod file candidate /workspaces/servermods/servidor_minecraft/mods/expandability-6.0.0.jar
[26Jul2026 01:32:50.760] [main/DEBUG] [net.minecraftforge.fml.loading.moddiscovery.ModFileInfo/LOADING]: Found valid mod file expandability-6.0.0.jar with {expandability} mods - versions {6.0.0}
[26Jul2026 01:32:50.763] [main/DEBUG] [net.minecraftforge.fml.loading.moddiscovery.ModFileParser/LOADING]: Considering mod file candidate /workspaces/servermods/servidor_minecraft/mods/geckolib-forge-1.18-3.0.57.jar
[26Jul2026 01:32:50.764] [main/DEBUG] [net.minecraftforge.fml.loading.moddiscovery.ModFileInfo/LOADING]: Found valid mod file geckolib-forge-1.18-3.0.57.jar with {geckolib3} mods - versions {3.0.57}
[26Jul2026 01:32:50.769] [main/DEBUG] [net.minecraftforge.fml.loading.moddiscovery.ModFileParser/LOADING]: Considering mod file candidate /workspaces/servermods/servidor_minecraft/mods/iceandfire-2.1.13-1.18.2-beta-3.jar
[26Jul2026 01:32:50.770] [main/DEBUG] [net.minecraftforge.fml.loading.moddiscovery.ModFileInfo/LOADING]: Found valid mod file iceandfire-2.1.13-1.18.2-beta-3.jar with {iceandfire} mods - versions {2.1.13-1.18.2+build.beta-3}
[26Jul2026 01:32:50.772] [main/DEBUG] [net.minecraftforge.fml.loading.moddiscovery.ModFileParser/LOADING]: Considering mod file candidate /workspaces/servermods/servidor_minecraft/mods/immersive_armors-1.5.6+1.18.2-forge.jar
[26Jul2026 01:32:50.773] [main/DEBUG] [net.minecraftforge.fml.loading.moddiscovery.ModFileInfo/LOADING]: Found valid mod file immersive_armors-1.5.6+1.18.2-forge.jar with {immersive_armors} mods - versions {1.5.6+1.18.2}
[26Jul2026 01:32:50.777] [main/DEBUG] [net.minecraftforge.fml.loading.moddiscovery.ModFileParser/LOADING]: Considering mod file candidate /workspaces/servermods/servidor_minecraft/mods/Incendium_1.18.2_v5.0.8.jar
[26Jul2026 01:32:50.778] [main/DEBUG] [net.minecraftforge.fml.loading.moddiscovery.ModFileInfo/LOADING]: Found valid mod file Incendium_1.18.2_v5.0.8.jar with {incendium} mods - versions {5.0.8}
[26Jul2026 01:32:50.779] [main/DEBUG] [net.minecraftforge.fml.loading.moddiscovery.ModFileParser/LOADING]: Considering mod file candidate /workspaces/servermods/servidor_minecraft/mods/InsaneLib-1.5.3-mc1.18.2.jar
[26Jul2026 01:32:50.779] [main/DEBUG] [net.minecraftforge.fml.loading.moddiscovery.ModFileInfo/LOADING]: Found valid mod file InsaneLib-1.5.3-mc1.18.2.jar with {insanelib} mods - versions {1.5.3}
[26Jul2026 01:32:50.781] [main/DEBUG] [net.minecraftforge.fml.loading.moddiscovery.ModFileParser/LOADING]: Considering mod file candidate /workspaces/servermods/servidor_minecraft/mods/jei-1.18.2-forge-10.2.1.1009.jar
[26Jul2026 01:32:50.782] [main/DEBUG] [net.minecraftforge.fml.loading.moddiscovery.ModFileInfo/LOADING]: Found valid mod file jei-1.18.2-forge-10.2.1.1009.jar with {jei} mods - versions {10.2.1.1009}
[26Jul2026 01:32:50.787] [main/DEBUG] [net.minecraftforge.fml.loading.moddiscovery.ModFileParser/LOADING]: Considering mod file candidate /workspaces/servermods/servidor_minecraft/mods/journeymap-1.18.2-5.9.8-forge.jar
[26Jul2026 01:32:50.788] [main/DEBUG] [net.minecraftforge.fml.loading.moddiscovery.ModFileInfo/LOADING]: Found valid mod file journeymap-1.18.2-5.9.8-forge.jar with {journeymap} mods - versions {5.9.8}
[26Jul2026 01:32:50.790] [main/DEBUG] [net.minecraftforge.fml.loading.moddiscovery.ModFileParser/LOADING]: Considering mod file candidate /workspaces/servermods/servidor_minecraft/mods/mowziesmobs-1.6.3.jar
[26Jul2026 01:32:50.790] [main/DEBUG] [net.minecraftforge.fml.loading.moddiscovery.ModFileInfo/LOADING]: Found valid mod file mowziesmobs-1.6.3.jar with {mowziesmobs} mods - versions {1.6.3}
[26Jul2026 01:32:50.797] [main/DEBUG] [net.minecraftforge.fml.loading.moddiscovery.ModFileParser/LOADING]: Considering mod file candidate /workspaces/servermods/servidor_minecraft/mods/MutantMonsters-v3.0.1-1.18.2-Forge.jar
[26Jul2026 01:32:50.798] [main/DEBUG] [net.minecraftforge.fml.loading.moddiscovery.ModFileInfo/LOADING]: Found valid mod file MutantMonsters-v3.0.1-1.18.2-Forge.jar with {mutantmonsters} mods - versions {3.0.1}
[26Jul2026 01:32:50.799] [main/DEBUG] [net.minecraftforge.fml.loading.moddiscovery.ModFileParser/LOADING]: Considering mod file candidate /workspaces/servermods/servidor_minecraft/mods/ProgressiveBosses-3.6.8-mc1.18.2.jar
[26Jul2026 01:32:50.800] [main/DEBUG] [net.minecraftforge.fml.loading.moddiscovery.ModFileInfo/LOADING]: Found valid mod file ProgressiveBosses-3.6.8-mc1.18.2.jar with {progressivebosses} mods - versions {3.6.8}
[26Jul2026 01:32:50.816] [main/DEBUG] [net.minecraftforge.fml.loading.moddiscovery.ModFileParser/LOADING]: Considering mod file candidate /workspaces/servermods/servidor_minecraft/mods/PuzzlesLib-v3.5.10-1.18.2-Forge.jar
[26Jul2026 01:32:50.816] [main/DEBUG] [net.minecraftforge.fml.loading.moddiscovery.ModFileInfo/LOADING]: Found valid mod file PuzzlesLib-v3.5.10-1.18.2-Forge.jar with {puzzleslib} mods - versions {3.5.10}
[26Jul2026 01:32:50.817] [main/DEBUG] [net.minecraftforge.fml.loading.moddiscovery.ModFileParser/LOADING]: Considering mod file candidate /workspaces/servermods/servidor_minecraft/mods/sophisticatedbackpacks-1.18.2-3.20.3.1063.jar
[26Jul2026 01:32:50.818] [main/DEBUG] [net.minecraftforge.fml.loading.moddiscovery.ModFileInfo/LOADING]: Found valid mod file sophisticatedbackpacks-1.18.2-3.20.3.1063.jar with {sophisticatedbackpacks} mods - versions {1.18.2-3.20.3.1063}
[26Jul2026 01:32:50.819] [main/DEBUG] [net.minecraftforge.fml.loading.moddiscovery.ModFileParser/LOADING]: Considering mod file candidate /workspaces/servermods/servidor_minecraft/mods/sophisticatedcore-1.18.2-0.6.4.604.jar
[26Jul2026 01:32:50.821] [main/DEBUG] [net.minecraftforge.fml.loading.moddiscovery.ModFileInfo/LOADING]: Found valid mod file sophisticatedcore-1.18.2-0.6.4.604.jar with {sophisticatedcore} mods - versions {1.18.2-0.6.4.604}
[26Jul2026 01:32:50.821] [main/DEBUG] [net.minecraftforge.fml.loading.moddiscovery.ModFileParser/LOADING]: Considering mod file candidate /workspaces/servermods/servidor_minecraft/mods/SpartanShields-1.18.2-3.0.1.jar
[26Jul2026 01:32:50.822] [main/DEBUG] [net.minecraftforge.fml.loading.moddiscovery.ModFileInfo/LOADING]: Found valid mod file SpartanShields-1.18.2-3.0.1.jar with {spartanshields} mods - versions {3.0.1}
[26Jul2026 01:32:50.824] [main/DEBUG] [net.minecraftforge.fml.loading.moddiscovery.ModFileParser/LOADING]: Considering mod file candidate /workspaces/servermods/servidor_minecraft/mods/SpartanWeaponry-1.18.2-3.0.5-all.jar
[26Jul2026 01:32:50.826] [main/DEBUG] [net.minecraftforge.fml.loading.moddiscovery.ModFileInfo/LOADING]: Found valid mod file SpartanWeaponry-1.18.2-3.0.5-all.jar with {spartanweaponry} mods - versions {3.0.5}
[26Jul2026 01:32:50.826] [main/DEBUG] [net.minecraftforge.fml.loading.moddiscovery.ModFileParser/LOADING]: Considering mod file candidate /workspaces/servermods/servidor_minecraft/mods/Structory-1.18.2-1.0.2.jar
[26Jul2026 01:32:50.827] [main/DEBUG] [net.minecraftforge.fml.loading.moddiscovery.ModFileInfo/LOADING]: Found valid mod file Structory-1.18.2-1.0.2.jar with {structory} mods - versions {0.0NONE}
[26Jul2026 01:32:50.828] [main/DEBUG] [net.minecraftforge.fml.loading.moddiscovery.ModFileParser/LOADING]: Considering mod file candidate /workspaces/servermods/servidor_minecraft/mods/TerraBlender-forge-1.18.2-1.2.0.126.jar
[26Jul2026 01:32:50.829] [main/DEBUG] [net.minecraftforge.fml.loading.moddiscovery.ModFileInfo/LOADING]: Found valid mod file TerraBlender-forge-1.18.2-1.2.0.126.jar with {terrablender} mods - versions {1.2.0.126}
[26Jul2026 01:32:50.830] [main/DEBUG] [net.minecraftforge.fml.loading.moddiscovery.ModFileParser/LOADING]: Considering mod file candidate /workspaces/servermods/servidor_minecraft/mods/The_Graveyard_1.9.7_(FORGE)_for_1.18.2.jar
[26Jul2026 01:32:50.831] [main/DEBUG] [net.minecraftforge.fml.loading.moddiscovery.ModFileInfo/LOADING]: Found valid mod file The_Graveyard_1.9.7_(FORGE)_for_1.18.2.jar with {graveyard} mods - versions {1.9.7}
[26Jul2026 01:32:50.833] [main/DEBUG] [net.minecraftforge.fml.loading.moddiscovery.ModFileParser/LOADING]: Considering mod file candidate /workspaces/servermods/servidor_minecraft/mods/tombstone-1.18.2-7.7.7.jar
[26Jul2026 01:32:50.835] [main/DEBUG] [net.minecraftforge.fml.loading.moddiscovery.ModFileInfo/LOADING]: Found valid mod file tombstone-1.18.2-7.7.7.jar with {tombstone} mods - versions {7.7.7}
[26Jul2026 01:32:50.835] [main/DEBUG] [net.minecraftforge.fml.loading.moddiscovery.ModFileParser/LOADING]: Considering mod file candidate /workspaces/servermods/servidor_minecraft/mods/usefulslime-1.4-1.18.2.jar
[26Jul2026 01:32:50.836] [main/DEBUG] [net.minecraftforge.fml.loading.moddiscovery.ModFileInfo/LOADING]: Found valid mod file usefulslime-1.4-1.18.2.jar with {usefulslime} mods - versions {1.4}
[26Jul2026 01:32:50.837] [main/DEBUG] [net.minecraftforge.fml.loading.moddiscovery.ModFileParser/LOADING]: Considering mod file candidate /workspaces/servermods/servidor_minecraft/mods/woodarmor-forge-1.18.2-v1.0.1.jar
[26Jul2026 01:32:50.837] [main/DEBUG] [net.minecraftforge.fml.loading.moddiscovery.ModFileInfo/LOADING]: Found valid mod file woodarmor-forge-1.18.2-v1.0.1.jar with {woodarmor} mods - versions {1.18.2}
[26Jul2026 01:32:50.939] [main/DEBUG] [net.minecraftforge.fml.loading.moddiscovery.ModFileInfo/LOADING]: Found valid mod file server-1.18.2-20220404.173914-srg.jar with {minecraft} mods - versions {1.18.2}
[26Jul2026 01:32:50.942] [main/DEBUG] [net.minecraftforge.fml.loading.moddiscovery.ModFileParser/LOADING]: Considering mod file candidate /workspaces/servermods/servidor_minecraft/libraries/net/minecraftforge/fmlcore/1.18.2-40.2.21/fmlcore-1.18.2-40.2.21.jar
[26Jul2026 01:32:50.942] [main/WARN] [net.minecraftforge.fml.loading.moddiscovery.ModFileParser/LOADING]: Mod file /workspaces/servermods/servidor_minecraft/libraries/net/minecraftforge/fmlcore/1.18.2-40.2.21/fmlcore-1.18.2-40.2.21.jar is missing mods.toml file
[26Jul2026 01:32:50.944] [main/DEBUG] [net.minecraftforge.fml.loading.moddiscovery.ModFileParser/LOADING]: Considering mod file candidate /workspaces/servermods/servidor_minecraft/libraries/net/minecraftforge/javafmllanguage/1.18.2-40.2.21/javafmllanguage-1.18.2-40.2.21.jar
[26Jul2026 01:32:50.944] [main/WARN] [net.minecraftforge.fml.loading.moddiscovery.ModFileParser/LOADING]: Mod file /workspaces/servermods/servidor_minecraft/libraries/net/minecraftforge/javafmllanguage/1.18.2-40.2.21/javafmllanguage-1.18.2-40.2.21.jar is missing mods.toml file
[26Jul2026 01:32:50.946] [main/DEBUG] [net.minecraftforge.fml.loading.moddiscovery.ModFileParser/LOADING]: Considering mod file candidate /workspaces/servermods/servidor_minecraft/libraries/net/minecraftforge/lowcodelanguage/1.18.2-40.2.21/lowcodelanguage-1.18.2-40.2.21.jar
[26Jul2026 01:32:50.946] [main/WARN] [net.minecraftforge.fml.loading.moddiscovery.ModFileParser/LOADING]: Mod file /workspaces/servermods/servidor_minecraft/libraries/net/minecraftforge/lowcodelanguage/1.18.2-40.2.21/lowcodelanguage-1.18.2-40.2.21.jar is missing mods.toml file
[26Jul2026 01:32:50.947] [main/DEBUG] [net.minecraftforge.fml.loading.moddiscovery.ModFileParser/LOADING]: Considering mod file candidate /workspaces/servermods/servidor_minecraft/libraries/net/minecraftforge/mclanguage/1.18.2-40.2.21/mclanguage-1.18.2-40.2.21.jar
[26Jul2026 01:32:50.947] [main/WARN] [net.minecraftforge.fml.loading.moddiscovery.ModFileParser/LOADING]: Mod file /workspaces/servermods/servidor_minecraft/libraries/net/minecraftforge/mclanguage/1.18.2-40.2.21/mclanguage-1.18.2-40.2.21.jar is missing mods.toml file
[26Jul2026 01:32:50.985] [main/DEBUG] [net.minecraftforge.fml.loading.moddiscovery.ModFileParser/LOADING]: Considering mod file candidate /workspaces/servermods/servidor_minecraft/libraries/net/minecraftforge/forge/1.18.2-40.2.21/forge-1.18.2-40.2.21-universal.jar
[26Jul2026 01:32:50.986] [main/DEBUG] [net.minecraftforge.fml.loading.moddiscovery.ModFileInfo/LOADING]: Found valid mod file forge-1.18.2-40.2.21-universal.jar with {forge} mods - versions {40.2.21}
[26Jul2026 01:32:51.007] [main/DEBUG] [net.minecraftforge.fml.loading.moddiscovery.AbstractJarFileDependencyLocator/]: Failed to load resource META-INF/jarjar/metadata.json from server-1.18.2-20220404.173914-srg.jar, it does not contain dependency information.
[26Jul2026 01:32:51.008] [main/DEBUG] [net.minecraftforge.fml.loading.moddiscovery.AbstractJarFileDependencyLocator/]: Failed to load resource META-INF/jarjar/metadata.json from mowziesmobs-1.6.3.jar, it does not contain dependency information.
[26Jul2026 01:32:51.008] [main/DEBUG] [net.minecraftforge.fml.loading.moddiscovery.AbstractJarFileDependencyLocator/]: Failed to load resource META-INF/jarjar/metadata.json from woodarmor-forge-1.18.2-v1.0.1.jar, it does not contain dependency information.
[26Jul2026 01:32:51.008] [main/DEBUG] [net.minecraftforge.fml.loading.moddiscovery.AbstractJarFileDependencyLocator/]: Failed to load resource META-INF/jarjar/metadata.json from TerraBlender-forge-1.18.2-1.2.0.126.jar, it does not contain dependency information.
[26Jul2026 01:32:51.008] [main/DEBUG] [net.minecraftforge.fml.loading.moddiscovery.AbstractJarFileDependencyLocator/]: Failed to load resource META-INF/jarjar/metadata.json from alexsmobs-1.18.6.jar, it does not contain dependency information.
[26Jul2026 01:32:51.008] [main/DEBUG] [net.minecraftforge.fml.loading.moddiscovery.AbstractJarFileDependencyLocator/]: Failed to load resource META-INF/jarjar/metadata.json from MutantMonsters-v3.0.1-1.18.2-Forge.jar, it does not contain dependency information.
[26Jul2026 01:32:51.008] [main/DEBUG] [net.minecraftforge.fml.loading.moddiscovery.AbstractJarFileDependencyLocator/]: Failed to load resource META-INF/jarjar/metadata.json from BiomesOPlenty-1.18.2-16.0.0.134.jar, it does not contain dependency information.
[26Jul2026 01:32:51.008] [main/DEBUG] [net.minecraftforge.fml.loading.moddiscovery.AbstractJarFileDependencyLocator/]: Failed to load resource META-INF/jarjar/metadata.json from jei-1.18.2-forge-10.2.1.1009.jar, it does not contain dependency information.
[26Jul2026 01:32:51.009] [main/DEBUG] [net.minecraftforge.fml.loading.moddiscovery.AbstractJarFileDependencyLocator/]: Failed to load resource META-INF/jarjar/metadata.json from The_Graveyard_1.9.7_(FORGE)_for_1.18.2.jar, it does not contain dependency information.
[26Jul2026 01:32:51.009] [main/DEBUG] [net.minecraftforge.fml.loading.moddiscovery.AbstractJarFileDependencyLocator/]: Failed to load resource META-INF/jarjar/metadata.json from born_in_chaos_[Forge]1.18.2_1.17.jar, it does not contain dependency information.
[26Jul2026 01:32:51.009] [main/DEBUG] [net.minecraftforge.fml.loading.moddiscovery.AbstractJarFileDependencyLocator/]: Failed to load resource META-INF/jarjar/metadata.json from Incendium_1.18.2_v5.0.8.jar, it does not contain dependency information.
[26Jul2026 01:32:51.009] [main/DEBUG] [net.minecraftforge.fml.loading.moddiscovery.AbstractJarFileDependencyLocator/]: Failed to load resource META-INF/jarjar/metadata.json from sophisticatedcore-1.18.2-0.6.4.604.jar, it does not contain dependency information.
[26Jul2026 01:32:51.009] [main/DEBUG] [net.minecraftforge.fml.loading.moddiscovery.AbstractJarFileDependencyLocator/]: Failed to load resource META-INF/jarjar/metadata.json from InsaneLib-1.5.3-mc1.18.2.jar, it does not contain dependency information.
[26Jul2026 01:32:51.009] [main/DEBUG] [net.minecraftforge.fml.loading.moddiscovery.AbstractJarFileDependencyLocator/]: Failed to load resource META-INF/jarjar/metadata.json from curios-forge-1.18.2-5.0.9.2.jar, it does not contain dependency information.
[26Jul2026 01:32:51.009] [main/DEBUG] [net.minecraftforge.fml.loading.moddiscovery.AbstractJarFileDependencyLocator/]: Failed to load resource META-INF/jarjar/metadata.json from SpartanShields-1.18.2-3.0.1.jar, it does not contain dependency information.
[26Jul2026 01:32:51.010] [main/DEBUG] [net.minecraftforge.fml.loading.moddiscovery.AbstractJarFileDependencyLocator/]: Failed to load resource META-INF/jarjar/metadata.json from ecologics-forge-1.18.2-1.7.11.jar, it does not contain dependency information.
[26Jul2026 01:32:51.010] [main/DEBUG] [net.minecraftforge.fml.loading.moddiscovery.AbstractJarFileDependencyLocator/]: Failed to load resource META-INF/jarjar/metadata.json from Structory-1.18.2-1.0.2.jar, it does not contain dependency information.
[26Jul2026 01:32:51.010] [main/DEBUG] [net.minecraftforge.fml.loading.moddiscovery.AbstractJarFileDependencyLocator/]: Failed to load resource META-INF/jarjar/metadata.json from journeymap-1.18.2-5.9.8-forge.jar, it does not contain dependency information.
[26Jul2026 01:32:51.010] [main/DEBUG] [net.minecraftforge.fml.loading.moddiscovery.AbstractJarFileDependencyLocator/]: Failed to load resource META-INF/jarjar/metadata.json from citadel-1.11.3-1.18.2.jar, it does not contain dependency information.
[26Jul2026 01:32:51.010] [main/DEBUG] [net.minecraftforge.fml.loading.moddiscovery.AbstractJarFileDependencyLocator/]: Failed to load resource META-INF/jarjar/metadata.json from artifacts-1.18.2-4.2.4.jar, it does not contain dependency information.
[26Jul2026 01:32:51.010] [main/DEBUG] [net.minecraftforge.fml.loading.moddiscovery.AbstractJarFileDependencyLocator/]: Failed to load resource META-INF/jarjar/metadata.json from champions-forge-1.18.2-2.1.6.3.jar, it does not contain dependency information.
[26Jul2026 01:32:51.010] [main/DEBUG] [net.minecraftforge.fml.loading.moddiscovery.AbstractJarFileDependencyLocator/]: Failed to load resource META-INF/jarjar/metadata.json from tombstone-1.18.2-7.7.7.jar, it does not contain dependency information.
[26Jul2026 01:32:51.010] [main/DEBUG] [net.minecraftforge.fml.loading.moddiscovery.AbstractJarFileDependencyLocator/]: Failed to load resource META-INF/jarjar/metadata.json from betteranimalsplus-1.18.2-11.0.10-forge.jar, it does not contain dependency information.
[26Jul2026 01:32:51.011] [main/DEBUG] [net.minecraftforge.fml.loading.moddiscovery.AbstractJarFileDependencyLocator/]: Failed to load resource META-INF/jarjar/metadata.json from sophisticatedbackpacks-1.18.2-3.20.3.1063.jar, it does not contain dependency information.
[26Jul2026 01:32:51.011] [main/DEBUG] [net.minecraftforge.fml.loading.moddiscovery.AbstractJarFileDependencyLocator/]: Failed to load resource META-INF/jarjar/metadata.json from ProgressiveBosses-3.6.8-mc1.18.2.jar, it does not contain dependency information.
[26Jul2026 01:32:51.011] [main/DEBUG] [net.minecraftforge.fml.loading.moddiscovery.AbstractJarFileDependencyLocator/]: Failed to load resource META-INF/jarjar/metadata.json from architectury-4.12.94-forge.jar, it does not contain dependency information.
[26Jul2026 01:32:51.011] [main/DEBUG] [net.minecraftforge.fml.loading.moddiscovery.AbstractJarFileDependencyLocator/]: Failed to load resource META-INF/jarjar/metadata.json from iceandfire-2.1.13-1.18.2-beta-3.jar, it does not contain dependency information.
[26Jul2026 01:32:51.011] [main/DEBUG] [net.minecraftforge.fml.loading.moddiscovery.AbstractJarFileDependencyLocator/]: Failed to load resource META-INF/jarjar/metadata.json from BOMD-Forge-1.18.2-1.0.6.jar, it does not contain dependency information.
[26Jul2026 01:32:51.011] [main/DEBUG] [net.minecraftforge.fml.loading.moddiscovery.AbstractJarFileDependencyLocator/]: Failed to load resource META-INF/jarjar/metadata.json from immersive_armors-1.5.6+1.18.2-forge.jar, it does not contain dependency information.
[26Jul2026 01:32:51.012] [main/DEBUG] [net.minecraftforge.fml.loading.moddiscovery.AbstractJarFileDependencyLocator/]: Failed to load resource META-INF/jarjar/metadata.json from usefulslime-1.4-1.18.2.jar, it does not contain dependency information.
[26Jul2026 01:32:51.012] [main/DEBUG] [net.minecraftforge.fml.loading.moddiscovery.AbstractJarFileDependencyLocator/]: Failed to load resource META-INF/jarjar/metadata.json from cloth-config-6.5.133-forge.jar, it does not contain dependency information.
[26Jul2026 01:32:51.012] [main/DEBUG] [net.minecraftforge.fml.loading.moddiscovery.AbstractJarFileDependencyLocator/]: Failed to load resource META-INF/jarjar/metadata.json from forge-1.18.2-40.2.21-universal.jar, it does not contain dependency information.
[26Jul2026 01:32:51.012] [main/DEBUG] [net.minecraftforge.fml.loading.moddiscovery.AbstractJarFileDependencyLocator/]: Failed to load resource META-INF/jarjar/metadata.json from expandability-6.0.0.jar, it does not contain dependency information.
[26Jul2026 01:32:51.012] [main/DEBUG] [net.minecraftforge.fml.loading.moddiscovery.AbstractJarFileDependencyLocator/]: Failed to load resource META-INF/jarjar/metadata.json from geckolib-forge-1.18-3.0.57.jar, it does not contain dependency information.
[26Jul2026 01:32:51.012] [main/DEBUG] [net.minecraftforge.fml.loading.moddiscovery.AbstractJarFileDependencyLocator/]: Failed to load resource META-INF/jarjar/metadata.json from DungeonsArise-1.18.2-2.1.52-release.jar, it does not contain dependency information.
[26Jul2026 01:32:51.012] [main/DEBUG] [net.minecraftforge.fml.loading.moddiscovery.AbstractJarFileDependencyLocator/]: Failed to load resource META-INF/jarjar/metadata.json from mclanguage-1.18.2-40.2.21.jar, it does not contain dependency information.
[26Jul2026 01:32:51.012] [main/DEBUG] [net.minecraftforge.fml.loading.moddiscovery.AbstractJarFileDependencyLocator/]: Failed to load resource META-INF/jarjar/metadata.json from javafmllanguage-1.18.2-40.2.21.jar, it does not contain dependency information.
[26Jul2026 01:32:51.013] [main/DEBUG] [net.minecraftforge.fml.loading.moddiscovery.AbstractJarFileDependencyLocator/]: Failed to load resource META-INF/jarjar/metadata.json from fmlcore-1.18.2-40.2.21.jar, it does not contain dependency information.
[26Jul2026 01:32:51.013] [main/DEBUG] [net.minecraftforge.fml.loading.moddiscovery.AbstractJarFileDependencyLocator/]: Failed to load resource META-INF/jarjar/metadata.json from lowcodelanguage-1.18.2-40.2.21.jar, it does not contain dependency information.
[26Jul2026 01:32:51.078] [main/DEBUG] [net.minecraftforge.fml.loading.moddiscovery.ModFileParser/LOADING]: Considering mod file candidate 
[26Jul2026 01:32:51.079] [main/DEBUG] [net.minecraftforge.fml.loading.moddiscovery.ModFileInfo/LOADING]: Found valid mod file mixinextras-forge-0.3.5.jar with {mixinextras} mods - versions {0.3.5}
[26Jul2026 01:32:51.088] [main/DEBUG] [net.minecraftforge.fml.loading.moddiscovery.AbstractJarFileDependencyLocator/]: Failed to load resource META-INF/jarjar/metadata.json from MixinExtras-0.3.5.jar, it does not contain dependency information.
[26Jul2026 01:32:51.119] [main/DEBUG] [net.minecraftforge.fml.loading.moddiscovery.ModFileParser/LOADING]: Considering mod file candidate 
[26Jul2026 01:32:51.120] [main/DEBUG] [net.minecraftforge.fml.loading.moddiscovery.ModFileInfo/LOADING]: Found valid mod file mixinextras-forge-0.3.5.jar with {mixinextras} mods - versions {0.3.5}
[26Jul2026 01:32:51.123] [main/INFO] [net.minecraftforge.fml.loading.moddiscovery.JarInJarDependencyLocator/]: Found 2 dependencies adding them to mods collection
[26Jul2026 01:32:51.125] [main/DEBUG] [net.minecraftforge.fml.loading.moddiscovery.ModFileInfo/LOADING]: Found valid mod file server-1.18.2-20220404.173914-srg.jar with {minecraft} mods - versions {1.18.2}
[26Jul2026 01:32:51.128] [main/DEBUG] [net.minecraftforge.fml.loading.moddiscovery.ModFile/LOADING]: Loading mod file /workspaces/servermods/servidor_minecraft/libraries/net/minecraft/server/1.18.2-20220404.173914/server-1.18.2-20220404.173914-srg.jar with languages [LanguageSpec[languageName=minecraft, acceptedVersions=1]]
[26Jul2026 01:32:51.129] [main/DEBUG] [net.minecraftforge.fml.loading.moddiscovery.ModFileParser/LOADING]: Considering mod file candidate /workspaces/servermods/servidor_minecraft/mods/mowziesmobs-1.6.3.jar
[26Jul2026 01:32:51.129] [main/DEBUG] [net.minecraftforge.fml.loading.moddiscovery.ModFileInfo/LOADING]: Found valid mod file mowziesmobs-1.6.3.jar with {mowziesmobs} mods - versions {1.6.3}
[26Jul2026 01:32:51.129] [main/DEBUG] [net.minecraftforge.fml.loading.moddiscovery.ModFile/LOADING]: Loading mod file /workspaces/servermods/servidor_minecraft/mods/mowziesmobs-1.6.3.jar with languages [LanguageSpec[languageName=javafml, acceptedVersions=[40,)]]
[26Jul2026 01:32:51.130] [main/DEBUG] [net.minecraftforge.fml.loading.moddiscovery.ModFileParser/LOADING]: Considering mod file candidate /workspaces/servermods/servidor_minecraft/mods/TerraBlender-forge-1.18.2-1.2.0.126.jar
[26Jul2026 01:32:51.130] [main/DEBUG] [net.minecraftforge.fml.loading.moddiscovery.ModFileInfo/LOADING]: Found valid mod file TerraBlender-forge-1.18.2-1.2.0.126.jar with {terrablender} mods - versions {1.2.0.126}
[26Jul2026 01:32:51.130] [main/DEBUG] [net.minecraftforge.fml.loading.moddiscovery.ModFile/LOADING]: Loading mod file /workspaces/servermods/servidor_minecraft/mods/TerraBlender-forge-1.18.2-1.2.0.126.jar with languages [LanguageSpec[languageName=javafml, acceptedVersions=[40,)]]
[26Jul2026 01:32:51.130] [main/DEBUG] [net.minecraftforge.fml.loading.moddiscovery.ModFileParser/LOADING]: Considering mod file candidate /workspaces/servermods/servidor_minecraft/mods/woodarmor-forge-1.18.2-v1.0.1.jar
[26Jul2026 01:32:51.133] [main/DEBUG] [net.minecraftforge.fml.loading.moddiscovery.ModFileInfo/LOADING]: Found valid mod file woodarmor-forge-1.18.2-v1.0.1.jar with {woodarmor} mods - versions {1.18.2}
[26Jul2026 01:32:51.133] [main/DEBUG] [net.minecraftforge.fml.loading.moddiscovery.ModFile/LOADING]: Loading mod file /workspaces/servermods/servidor_minecraft/mods/woodarmor-forge-1.18.2-v1.0.1.jar with languages [LanguageSpec[languageName=javafml, acceptedVersions=[40,)]]
[26Jul2026 01:32:51.133] [main/DEBUG] [net.minecraftforge.fml.loading.moddiscovery.ModFileParser/LOADING]: Considering mod file candidate /workspaces/servermods/servidor_minecraft/mods/alexsmobs-1.18.6.jar
[26Jul2026 01:32:51.133] [main/DEBUG] [net.minecraftforge.fml.loading.moddiscovery.ModFileInfo/LOADING]: Found valid mod file alexsmobs-1.18.6.jar with {alexsmobs} mods - versions {1.18.6}
[26Jul2026 01:32:51.134] [main/DEBUG] [net.minecraftforge.fml.loading.moddiscovery.ModFile/LOADING]: Loading mod file /workspaces/servermods/servidor_minecraft/mods/alexsmobs-1.18.6.jar with languages [LanguageSpec[languageName=javafml, acceptedVersions=[40,)]]
[26Jul2026 01:32:51.134] [main/DEBUG] [net.minecraftforge.fml.loading.moddiscovery.ModFileParser/LOADING]: Considering mod file candidate /workspaces/servermods/servidor_minecraft/mods/BiomesOPlenty-1.18.2-16.0.0.134.jar
[26Jul2026 01:32:51.134] [main/DEBUG] [net.minecraftforge.fml.loading.moddiscovery.ModFileInfo/LOADING]: Found valid mod file BiomesOPlenty-1.18.2-16.0.0.134.jar with {biomesoplenty} mods - versions {0.0NONE}
[26Jul2026 01:32:51.134] [main/DEBUG] [net.minecraftforge.fml.loading.moddiscovery.ModFile/LOADING]: Loading mod file /workspaces/servermods/servidor_minecraft/mods/BiomesOPlenty-1.18.2-16.0.0.134.jar with languages [LanguageSpec[languageName=javafml, acceptedVersions=[39,)]]
[26Jul2026 01:32:51.135] [main/DEBUG] [net.minecraftforge.fml.loading.moddiscovery.ModFileParser/LOADING]: Considering mod file candidate /workspaces/servermods/servidor_minecraft/mods/MutantMonsters-v3.0.1-1.18.2-Forge.jar
[26Jul2026 01:32:51.135] [main/DEBUG] [net.minecraftforge.fml.loading.moddiscovery.ModFileInfo/LOADING]: Found valid mod file MutantMonsters-v3.0.1-1.18.2-Forge.jar with {mutantmonsters} mods - versions {3.0.1}
[26Jul2026 01:32:51.135] [main/DEBUG] [net.minecraftforge.fml.loading.moddiscovery.ModFile/LOADING]: Loading mod file /workspaces/servermods/servidor_minecraft/mods/MutantMonsters-v3.0.1-1.18.2-Forge.jar with languages [LanguageSpec[languageName=javafml, acceptedVersions=[40,)]]
[26Jul2026 01:32:51.135] [main/DEBUG] [net.minecraftforge.fml.loading.moddiscovery.ModFileParser/LOADING]: Considering mod file candidate /workspaces/servermods/servidor_minecraft/mods/jei-1.18.2-forge-10.2.1.1009.jar
[26Jul2026 01:32:51.136] [main/DEBUG] [net.minecraftforge.fml.loading.moddiscovery.ModFileInfo/LOADING]: Found valid mod file jei-1.18.2-forge-10.2.1.1009.jar with {jei} mods - versions {10.2.1.1009}
[26Jul2026 01:32:51.136] [main/DEBUG] [net.minecraftforge.fml.loading.moddiscovery.ModFile/LOADING]: Loading mod file /workspaces/servermods/servidor_minecraft/mods/jei-1.18.2-forge-10.2.1.1009.jar with languages [LanguageSpec[languageName=javafml, acceptedVersions=[40,)]]
[26Jul2026 01:32:51.136] [main/DEBUG] [net.minecraftforge.fml.loading.moddiscovery.ModFileParser/LOADING]: Considering mod file candidate /workspaces/servermods/servidor_minecraft/mods/The_Graveyard_1.9.7_(FORGE)_for_1.18.2.jar
[26Jul2026 01:32:51.137] [main/DEBUG] [net.minecraftforge.fml.loading.moddiscovery.ModFileInfo/LOADING]: Found valid mod file The_Graveyard_1.9.7_(FORGE)_for_1.18.2.jar with {graveyard} mods - versions {1.9.7}
[26Jul2026 01:32:51.137] [main/DEBUG] [net.minecraftforge.fml.loading.moddiscovery.ModFile/LOADING]: Loading mod file /workspaces/servermods/servidor_minecraft/mods/The_Graveyard_1.9.7_(FORGE)_for_1.18.2.jar with languages [LanguageSpec[languageName=javafml, acceptedVersions=[38,)]]
[26Jul2026 01:32:51.137] [main/DEBUG] [net.minecraftforge.fml.loading.moddiscovery.ModFileParser/LOADING]: Considering mod file candidate /workspaces/servermods/servidor_minecraft/mods/born_in_chaos_[Forge]1.18.2_1.17.jar
[26Jul2026 01:32:51.138] [main/DEBUG] [net.minecraftforge.fml.loading.moddiscovery.ModFileInfo/LOADING]: Found valid mod file born_in_chaos_[Forge]1.18.2_1.17.jar with {born_in_chaos_v1} mods - versions {1.0.0}
[26Jul2026 01:32:51.138] [main/DEBUG] [net.minecraftforge.fml.loading.moddiscovery.ModFile/LOADING]: Loading mod file /workspaces/servermods/servidor_minecraft/mods/born_in_chaos_[Forge]1.18.2_1.17.jar with languages [LanguageSpec[languageName=javafml, acceptedVersions=[40,)]]
[26Jul2026 01:32:51.138] [main/DEBUG] [net.minecraftforge.fml.loading.moddiscovery.ModFileParser/LOADING]: Considering mod file candidate /workspaces/servermods/servidor_minecraft/mods/Incendium_1.18.2_v5.0.8.jar
[26Jul2026 01:32:51.138] [main/DEBUG] [net.minecraftforge.fml.loading.moddiscovery.ModFileInfo/LOADING]: Found valid mod file Incendium_1.18.2_v5.0.8.jar with {incendium} mods - versions {5.0.8}
[26Jul2026 01:32:51.139] [main/DEBUG] [net.minecraftforge.fml.loading.moddiscovery.ModFile/LOADING]: Loading mod file /workspaces/servermods/servidor_minecraft/mods/Incendium_1.18.2_v5.0.8.jar with languages [LanguageSpec[languageName=lowcodefml, acceptedVersions=[40,)]]
[26Jul2026 01:32:51.139] [main/DEBUG] [net.minecraftforge.fml.loading.moddiscovery.ModFileParser/LOADING]: Considering mod file candidate /workspaces/servermods/servidor_minecraft/mods/sophisticatedcore-1.18.2-0.6.4.604.jar
[26Jul2026 01:32:51.139] [main/DEBUG] [net.minecraftforge.fml.loading.moddiscovery.ModFileInfo/LOADING]: Found valid mod file sophisticatedcore-1.18.2-0.6.4.604.jar with {sophisticatedcore} mods - versions {1.18.2-0.6.4.604}
[26Jul2026 01:32:51.139] [main/DEBUG] [net.minecraftforge.fml.loading.moddiscovery.ModFile/LOADING]: Loading mod file /workspaces/servermods/servidor_minecraft/mods/sophisticatedcore-1.18.2-0.6.4.604.jar with languages [LanguageSpec[languageName=javafml, acceptedVersions=[18,)]]
[26Jul2026 01:32:51.140] [main/DEBUG] [net.minecraftforge.fml.loading.moddiscovery.ModFileParser/LOADING]: Considering mod file candidate /workspaces/servermods/servidor_minecraft/mods/curios-forge-1.18.2-5.0.9.2.jar
[26Jul2026 01:32:51.140] [main/DEBUG] [net.minecraftforge.fml.loading.moddiscovery.ModFileInfo/LOADING]: Found valid mod file curios-forge-1.18.2-5.0.9.2.jar with {curios} mods - versions {1.18.2-5.0.9.2}
[26Jul2026 01:32:51.140] [main/DEBUG] [net.minecraftforge.fml.loading.moddiscovery.ModFile/LOADING]: Loading mod file /workspaces/servermods/servidor_minecraft/mods/curios-forge-1.18.2-5.0.9.2.jar with languages [LanguageSpec[languageName=javafml, acceptedVersions=[40,)]]
[26Jul2026 01:32:51.140] [main/DEBUG] [net.minecraftforge.fml.loading.moddiscovery.ModFileParser/LOADING]: Considering mod file candidate /workspaces/servermods/servidor_minecraft/mods/InsaneLib-1.5.3-mc1.18.2.jar
[26Jul2026 01:32:51.141] [main/DEBUG] [net.minecraftforge.fml.loading.moddiscovery.ModFileInfo/LOADING]: Found valid mod file InsaneLib-1.5.3-mc1.18.2.jar with {insanelib} mods - versions {1.5.3}
[26Jul2026 01:32:51.141] [main/DEBUG] [net.minecraftforge.fml.loading.moddiscovery.ModFile/LOADING]: Loading mod file /workspaces/servermods/servidor_minecraft/mods/InsaneLib-1.5.3-mc1.18.2.jar with languages [LanguageSpec[languageName=javafml, acceptedVersions=[40,)]]
[26Jul2026 01:32:51.141] [main/DEBUG] [net.minecraftforge.fml.loading.moddiscovery.ModFileParser/LOADING]: Considering mod file candidate /workspaces/servermods/servidor_minecraft/mods/ecologics-forge-1.18.2-1.7.11.jar
[26Jul2026 01:32:51.142] [main/DEBUG] [net.minecraftforge.fml.loading.moddiscovery.ModFileInfo/LOADING]: Found valid mod file ecologics-forge-1.18.2-1.7.11.jar with {ecologics} mods - versions {1.7.11}
[26Jul2026 01:32:51.142] [main/DEBUG] [net.minecraftforge.fml.loading.moddiscovery.ModFile/LOADING]: Loading mod file /workspaces/servermods/servidor_minecraft/mods/ecologics-forge-1.18.2-1.7.11.jar with languages [LanguageSpec[languageName=javafml, acceptedVersions=[40,)]]
[26Jul2026 01:32:51.142] [main/DEBUG] [net.minecraftforge.fml.loading.moddiscovery.ModFileParser/LOADING]: Considering mod file candidate /workspaces/servermods/servidor_minecraft/mods/SpartanShields-1.18.2-3.0.1.jar
[26Jul2026 01:32:51.143] [main/DEBUG] [net.minecraftforge.fml.loading.moddiscovery.ModFileInfo/LOADING]: Found valid mod file SpartanShields-1.18.2-3.0.1.jar with {spartanshields} mods - versions {3.0.1}
[26Jul2026 01:32:51.143] [main/DEBUG] [net.minecraftforge.fml.loading.moddiscovery.ModFile/LOADING]: Loading mod file /workspaces/servermods/servidor_minecraft/mods/SpartanShields-1.18.2-3.0.1.jar with languages [LanguageSpec[languageName=javafml, acceptedVersions=[40,)]]
[26Jul2026 01:32:51.143] [main/DEBUG] [net.minecraftforge.fml.loading.moddiscovery.ModFileParser/LOADING]: Considering mod file candidate /workspaces/servermods/servidor_minecraft/mods/Structory-1.18.2-1.0.2.jar
[26Jul2026 01:32:51.143] [main/DEBUG] [net.minecraftforge.fml.loading.moddiscovery.ModFileInfo/LOADING]: Found valid mod file Structory-1.18.2-1.0.2.jar with {structory} mods - versions {0.0NONE}
[26Jul2026 01:32:51.144] [main/DEBUG] [net.minecraftforge.fml.loading.moddiscovery.ModFile/LOADING]: Loading mod file /workspaces/servermods/servidor_minecraft/mods/Structory-1.18.2-1.0.2.jar with languages [LanguageSpec[languageName=javafml, acceptedVersions=[40,)]]
[26Jul2026 01:32:51.144] [main/DEBUG] [net.minecraftforge.fml.loading.moddiscovery.ModFileParser/LOADING]: Considering mod file candidate /workspaces/servermods/servidor_minecraft/mods/journeymap-1.18.2-5.9.8-forge.jar
[26Jul2026 01:32:51.145] [main/DEBUG] [net.minecraftforge.fml.loading.moddiscovery.ModFileInfo/LOADING]: Found valid mod file journeymap-1.18.2-5.9.8-forge.jar with {journeymap} mods - versions {5.9.8}
[26Jul2026 01:32:51.145] [main/DEBUG] [net.minecraftforge.fml.loading.moddiscovery.ModFile/LOADING]: Loading mod file /workspaces/servermods/servidor_minecraft/mods/journeymap-1.18.2-5.9.8-forge.jar with languages [LanguageSpec[languageName=javafml, acceptedVersions=[40,)]]
[26Jul2026 01:32:51.147] [main/DEBUG] [net.minecraftforge.fml.loading.moddiscovery.ModFileParser/LOADING]: Found coremod journeymap potion effect transformer with Javascript path potion-effects-shift.js
[26Jul2026 01:32:51.147] [main/DEBUG] [net.minecraftforge.fml.loading.moddiscovery.ModFile/LOADING]: Found coremod potion-effects-shift.js
[26Jul2026 01:32:51.148] [main/DEBUG] [net.minecraftforge.fml.loading.moddiscovery.ModFileParser/LOADING]: Considering mod file candidate /workspaces/servermods/servidor_minecraft/mods/citadel-1.11.3-1.18.2.jar
[26Jul2026 01:32:51.148] [main/DEBUG] [net.minecraftforge.fml.loading.moddiscovery.ModFileInfo/LOADING]: Found valid mod file citadel-1.11.3-1.18.2.jar with {citadel} mods - versions {1.11.3}
[26Jul2026 01:32:51.148] [main/DEBUG] [net.minecraftforge.fml.loading.moddiscovery.ModFile/LOADING]: Loading mod file /workspaces/servermods/servidor_minecraft/mods/citadel-1.11.3-1.18.2.jar with languages [LanguageSpec[languageName=javafml, acceptedVersions=[40,)]]
[26Jul2026 01:32:51.148] [main/DEBUG] [net.minecraftforge.fml.loading.moddiscovery.ModFileParser/LOADING]: Considering mod file candidate /workspaces/servermods/servidor_minecraft/mods/artifacts-1.18.2-4.2.4.jar
[26Jul2026 01:32:51.149] [main/DEBUG] [net.minecraftforge.fml.loading.moddiscovery.ModFileInfo/LOADING]: Found valid mod file artifacts-1.18.2-4.2.4.jar with {artifacts} mods - versions {1.18.2-4.2.4}
[26Jul2026 01:32:51.149] [main/DEBUG] [net.minecraftforge.fml.loading.moddiscovery.ModFile/LOADING]: Loading mod file /workspaces/servermods/servidor_minecraft/mods/artifacts-1.18.2-4.2.4.jar with languages [LanguageSpec[languageName=javafml, acceptedVersions=[40,)]]
[26Jul2026 01:32:51.149] [main/DEBUG] [net.minecraftforge.fml.loading.moddiscovery.ModFileParser/LOADING]: Considering mod file candidate /workspaces/servermods/servidor_minecraft/mods/champions-forge-1.18.2-2.1.6.3.jar
[26Jul2026 01:32:51.150] [main/DEBUG] [net.minecraftforge.fml.loading.moddiscovery.ModFileInfo/LOADING]: Found valid mod file champions-forge-1.18.2-2.1.6.3.jar with {champions} mods - versions {1.18.2-2.1.6.3}
[26Jul2026 01:32:51.150] [main/DEBUG] [net.minecraftforge.fml.loading.moddiscovery.ModFile/LOADING]: Loading mod file /workspaces/servermods/servidor_minecraft/mods/champions-forge-1.18.2-2.1.6.3.jar with languages [LanguageSpec[languageName=javafml, acceptedVersions=[39,)]]
[26Jul2026 01:32:51.150] [main/DEBUG] [net.minecraftforge.fml.loading.moddiscovery.ModFileParser/LOADING]: Considering mod file candidate /workspaces/servermods/servidor_minecraft/mods/betteranimalsplus-1.18.2-11.0.10-forge.jar
[26Jul2026 01:32:51.151] [main/DEBUG] [net.minecraftforge.fml.loading.moddiscovery.ModFileInfo/LOADING]: Found valid mod file betteranimalsplus-1.18.2-11.0.10-forge.jar with {betteranimalsplus} mods - versions {1.18.2-11.0.10}
[26Jul2026 01:32:51.151] [main/DEBUG] [net.minecraftforge.fml.loading.moddiscovery.ModFile/LOADING]: Loading mod file /workspaces/servermods/servidor_minecraft/mods/betteranimalsplus-1.18.2-11.0.10-forge.jar with languages [LanguageSpec[languageName=javafml, acceptedVersions=[40,)]]
[26Jul2026 01:32:51.151] [main/DEBUG] [net.minecraftforge.fml.loading.moddiscovery.ModFileParser/LOADING]: Considering mod file candidate /workspaces/servermods/servidor_minecraft/mods/tombstone-1.18.2-7.7.7.jar
[26Jul2026 01:32:51.152] [main/DEBUG] [net.minecraftforge.fml.loading.moddiscovery.ModFileInfo/LOADING]: Found valid mod file tombstone-1.18.2-7.7.7.jar with {tombstone} mods - versions {7.7.7}
[26Jul2026 01:32:51.152] [main/DEBUG] [net.minecraftforge.fml.loading.moddiscovery.ModFile/LOADING]: Loading mod file /workspaces/servermods/servidor_minecraft/mods/tombstone-1.18.2-7.7.7.jar with languages [LanguageSpec[languageName=javafml, acceptedVersions=[40,)]]
[26Jul2026 01:32:51.152] [main/DEBUG] [net.minecraftforge.fml.loading.moddiscovery.ModFileParser/LOADING]: Considering mod file candidate /workspaces/servermods/servidor_minecraft/mods/sophisticatedbackpacks-1.18.2-3.20.3.1063.jar
[26Jul2026 01:32:51.152] [main/DEBUG] [net.minecraftforge.fml.loading.moddiscovery.ModFileInfo/LOADING]: Found valid mod file sophisticatedbackpacks-1.18.2-3.20.3.1063.jar with {sophisticatedbackpacks} mods - versions {1.18.2-3.20.3.1063}
[26Jul2026 01:32:51.153] [main/DEBUG] [net.minecraftforge.fml.loading.moddiscovery.ModFile/LOADING]: Loading mod file /workspaces/servermods/servidor_minecraft/mods/sophisticatedbackpacks-1.18.2-3.20.3.1063.jar with languages [LanguageSpec[languageName=javafml, acceptedVersions=[18,)]]
[26Jul2026 01:32:51.153] [main/DEBUG] [net.minecraftforge.fml.loading.moddiscovery.ModFileParser/LOADING]: Considering mod file candidate /workspaces/servermods/servidor_minecraft/mods/SpartanWeaponry-1.18.2-3.0.5-all.jar
[26Jul2026 01:32:51.153] [main/DEBUG] [net.minecraftforge.fml.loading.moddiscovery.ModFileInfo/LOADING]: Found valid mod file SpartanWeaponry-1.18.2-3.0.5-all.jar with {spartanweaponry} mods - versions {3.0.5}
[26Jul2026 01:32:51.154] [main/DEBUG] [net.minecraftforge.fml.loading.moddiscovery.ModFile/LOADING]: Loading mod file /workspaces/servermods/servidor_minecraft/mods/SpartanWeaponry-1.18.2-3.0.5-all.jar with languages [LanguageSpec[languageName=javafml, acceptedVersions=[40,)]]
[26Jul2026 01:32:51.154] [main/DEBUG] [net.minecraftforge.fml.loading.moddiscovery.ModFileParser/LOADING]: Considering mod file candidate /workspaces/servermods/servidor_minecraft/mods/architectury-4.12.94-forge.jar
[26Jul2026 01:32:51.154] [main/DEBUG] [net.minecraftforge.fml.loading.moddiscovery.ModFileInfo/LOADING]: Found valid mod file architectury-4.12.94-forge.jar with {architectury} mods - versions {4.12.94}
[26Jul2026 01:32:51.154] [main/DEBUG] [net.minecraftforge.fml.loading.moddiscovery.ModFile/LOADING]: Loading mod file /workspaces/servermods/servidor_minecraft/mods/architectury-4.12.94-forge.jar with languages [LanguageSpec[languageName=javafml, acceptedVersions=[40,)]]
[26Jul2026 01:32:51.154] [main/DEBUG] [net.minecraftforge.fml.loading.moddiscovery.ModFileParser/LOADING]: Considering mod file candidate /workspaces/servermods/servidor_minecraft/mods/ProgressiveBosses-3.6.8-mc1.18.2.jar
[26Jul2026 01:32:51.155] [main/DEBUG] [net.minecraftforge.fml.loading.moddiscovery.ModFileInfo/LOADING]: Found valid mod file ProgressiveBosses-3.6.8-mc1.18.2.jar with {progressivebosses} mods - versions {3.6.8}
[26Jul2026 01:32:51.155] [main/DEBUG] [net.minecraftforge.fml.loading.moddiscovery.ModFile/LOADING]: Loading mod file /workspaces/servermods/servidor_minecraft/mods/ProgressiveBosses-3.6.8-mc1.18.2.jar with languages [LanguageSpec[languageName=javafml, acceptedVersions=[40,)]]
[26Jul2026 01:32:51.155] [main/DEBUG] [net.minecraftforge.fml.loading.moddiscovery.ModFileParser/LOADING]: Considering mod file candidate /workspaces/servermods/servidor_minecraft/mods/iceandfire-2.1.13-1.18.2-beta-3.jar
[26Jul2026 01:32:51.156] [main/DEBUG] [net.minecraftforge.fml.loading.moddiscovery.ModFileInfo/LOADING]: Found valid mod file iceandfire-2.1.13-1.18.2-beta-3.jar with {iceandfire} mods - versions {2.1.13-1.18.2+build.beta-3}
[26Jul2026 01:32:51.156] [main/DEBUG] [net.minecraftforge.fml.loading.moddiscovery.ModFile/LOADING]: Loading mod file /workspaces/servermods/servidor_minecraft/mods/iceandfire-2.1.13-1.18.2-beta-3.jar with languages [LanguageSpec[languageName=javafml, acceptedVersions=[37.0,)]]
[26Jul2026 01:32:51.156] [main/DEBUG] [net.minecraftforge.fml.loading.moddiscovery.ModFileParser/LOADING]: Considering mod file candidate /workspaces/servermods/servidor_minecraft/mods/BOMD-Forge-1.18.2-1.0.6.jar
[26Jul2026 01:32:51.157] [main/DEBUG] [net.minecraftforge.fml.loading.moddiscovery.ModFileInfo/LOADING]: Found valid mod file BOMD-Forge-1.18.2-1.0.6.jar with {bosses_of_mass_destruction} mods - versions {1.0.6}
[26Jul2026 01:32:51.157] [main/DEBUG] [net.minecraftforge.fml.loading.moddiscovery.ModFile/LOADING]: Loading mod file /workspaces/servermods/servidor_minecraft/mods/BOMD-Forge-1.18.2-1.0.6.jar with languages [LanguageSpec[languageName=javafml, acceptedVersions=[40,)]]
[26Jul2026 01:32:51.157] [main/DEBUG] [net.minecraftforge.fml.loading.moddiscovery.ModFileParser/LOADING]: Considering mod file candidate /workspaces/servermods/servidor_minecraft/mods/PuzzlesLib-v3.5.10-1.18.2-Forge.jar
[26Jul2026 01:32:51.158] [main/DEBUG] [net.minecraftforge.fml.loading.moddiscovery.ModFileInfo/LOADING]: Found valid mod file PuzzlesLib-v3.5.10-1.18.2-Forge.jar with {puzzleslib} mods - versions {3.5.10}
[26Jul2026 01:32:51.158] [main/DEBUG] [net.minecraftforge.fml.loading.moddiscovery.ModFile/LOADING]: Loading mod file /workspaces/servermods/servidor_minecraft/mods/PuzzlesLib-v3.5.10-1.18.2-Forge.jar with languages [LanguageSpec[languageName=javafml, acceptedVersions=[40,)]]
[26Jul2026 01:32:51.158] [main/DEBUG] [net.minecraftforge.fml.loading.moddiscovery.ModFileParser/LOADING]: Considering mod file candidate /workspaces/servermods/servidor_minecraft/mods/immersive_armors-1.5.6+1.18.2-forge.jar
[26Jul2026 01:32:51.159] [main/DEBUG] [net.minecraftforge.fml.loading.moddiscovery.ModFileInfo/LOADING]: Found valid mod file immersive_armors-1.5.6+1.18.2-forge.jar with {immersive_armors} mods - versions {1.5.6+1.18.2}
[26Jul2026 01:32:51.159] [main/DEBUG] [net.minecraftforge.fml.loading.moddiscovery.ModFile/LOADING]: Loading mod file /workspaces/servermods/servidor_minecraft/mods/immersive_armors-1.5.6+1.18.2-forge.jar with languages [LanguageSpec[languageName=javafml, acceptedVersions=[40,)]]
[26Jul2026 01:32:51.159] [main/DEBUG] [net.minecraftforge.fml.loading.moddiscovery.ModFileParser/LOADING]: Considering mod file candidate /workspaces/servermods/servidor_minecraft/mods/usefulslime-1.4-1.18.2.jar
[26Jul2026 01:32:51.159] [main/DEBUG] [net.minecraftforge.fml.loading.moddiscovery.ModFileInfo/LOADING]: Found valid mod file usefulslime-1.4-1.18.2.jar with {usefulslime} mods - versions {1.4}
[26Jul2026 01:32:51.159] [main/DEBUG] [net.minecraftforge.fml.loading.moddiscovery.ModFile/LOADING]: Loading mod file /workspaces/servermods/servidor_minecraft/mods/usefulslime-1.4-1.18.2.jar with languages [LanguageSpec[languageName=javafml, acceptedVersions=[38,)]]
[26Jul2026 01:32:51.160] [main/DEBUG] [net.minecraftforge.fml.loading.moddiscovery.ModFileParser/LOADING]: Considering mod file candidate /workspaces/servermods/servidor_minecraft/mods/cloth-config-6.5.133-forge.jar
[26Jul2026 01:32:51.160] [main/DEBUG] [net.minecraftforge.fml.loading.moddiscovery.ModFileInfo/LOADING]: Found valid mod file cloth-config-6.5.133-forge.jar with {cloth_config} mods - versions {6.5.133}
[26Jul2026 01:32:51.160] [main/DEBUG] [net.minecraftforge.fml.loading.moddiscovery.ModFile/LOADING]: Loading mod file /workspaces/servermods/servidor_minecraft/mods/cloth-config-6.5.133-forge.jar with languages [LanguageSpec[languageName=javafml, acceptedVersions=[34,)]]
[26Jul2026 01:32:51.160] [main/DEBUG] [net.minecraftforge.fml.loading.moddiscovery.ModFileParser/LOADING]: Considering mod file candidate /workspaces/servermods/servidor_minecraft/libraries/net/minecraftforge/forge/1.18.2-40.2.21/forge-1.18.2-40.2.21-universal.jar
[26Jul2026 01:32:51.161] [main/DEBUG] [net.minecraftforge.fml.loading.moddiscovery.ModFileInfo/LOADING]: Found valid mod file forge-1.18.2-40.2.21-universal.jar with {forge} mods - versions {40.2.21}
[26Jul2026 01:32:51.161] [main/DEBUG] [net.minecraftforge.fml.loading.moddiscovery.ModFile/LOADING]: Loading mod file /workspaces/servermods/servidor_minecraft/libraries/net/minecraftforge/forge/1.18.2-40.2.21/forge-1.18.2-40.2.21-universal.jar with languages [LanguageSpec[languageName=javafml, acceptedVersions=[24,]]]
[26Jul2026 01:32:51.161] [main/DEBUG] [net.minecraftforge.fml.loading.moddiscovery.ModFileParser/LOADING]: Found coremod field_to_method with Javascript path coremods/field_to_method.js
[26Jul2026 01:32:51.162] [main/DEBUG] [net.minecraftforge.fml.loading.moddiscovery.ModFileParser/LOADING]: Found coremod field_to_instanceof with Javascript path coremods/field_to_instanceof.js
[26Jul2026 01:32:51.162] [main/DEBUG] [net.minecraftforge.fml.loading.moddiscovery.ModFileParser/LOADING]: Found coremod add_bouncer_method with Javascript path coremods/add_bouncer_method.js
[26Jul2026 01:32:51.162] [main/DEBUG] [net.minecraftforge.fml.loading.moddiscovery.ModFileParser/LOADING]: Found coremod registry_object_binary_compat with Javascript path coremods/registry_object_binary_compat.js
[26Jul2026 01:32:51.162] [main/DEBUG] [net.minecraftforge.fml.loading.moddiscovery.ModFile/LOADING]: Found coremod coremods/field_to_method.js
[26Jul2026 01:32:51.162] [main/DEBUG] [net.minecraftforge.fml.loading.moddiscovery.ModFile/LOADING]: Found coremod coremods/field_to_instanceof.js
[26Jul2026 01:32:51.162] [main/DEBUG] [net.minecraftforge.fml.loading.moddiscovery.ModFile/LOADING]: Found coremod coremods/add_bouncer_method.js
[26Jul2026 01:32:51.162] [main/DEBUG] [net.minecraftforge.fml.loading.moddiscovery.ModFile/LOADING]: Found coremod coremods/registry_object_binary_compat.js
[26Jul2026 01:32:51.162] [main/DEBUG] [net.minecraftforge.fml.loading.moddiscovery.ModFileParser/LOADING]: Considering mod file candidate /workspaces/servermods/servidor_minecraft/mods/expandability-6.0.0.jar
[26Jul2026 01:32:51.163] [main/DEBUG] [net.minecraftforge.fml.loading.moddiscovery.ModFileInfo/LOADING]: Found valid mod file expandability-6.0.0.jar with {expandability} mods - versions {6.0.0}
[26Jul2026 01:32:51.163] [main/DEBUG] [net.minecraftforge.fml.loading.moddiscovery.ModFile/LOADING]: Loading mod file /workspaces/servermods/servidor_minecraft/mods/expandability-6.0.0.jar with languages [LanguageSpec[languageName=javafml, acceptedVersions=[37,)]]
[26Jul2026 01:32:51.163] [main/DEBUG] [net.minecraftforge.fml.loading.moddiscovery.ModFileParser/LOADING]: Considering mod file candidate /workspaces/servermods/servidor_minecraft/mods/geckolib-forge-1.18-3.0.57.jar
[26Jul2026 01:32:51.163] [main/DEBUG] [net.minecraftforge.fml.loading.moddiscovery.ModFileInfo/LOADING]: Found valid mod file geckolib-forge-1.18-3.0.57.jar with {geckolib3} mods - versions {3.0.57}
[26Jul2026 01:32:51.164] [main/DEBUG] [net.minecraftforge.fml.loading.moddiscovery.ModFile/LOADING]: Loading mod file /workspaces/servermods/servidor_minecraft/mods/geckolib-forge-1.18-3.0.57.jar with languages [LanguageSpec[languageName=javafml, acceptedVersions=[40,)]]
[26Jul2026 01:32:51.164] [main/DEBUG] [net.minecraftforge.fml.loading.moddiscovery.ModFileParser/LOADING]: Considering mod file candidate /workspaces/servermods/servidor_minecraft/mods/DungeonsArise-1.18.2-2.1.52-release.jar
[26Jul2026 01:32:51.164] [main/DEBUG] [net.minecraftforge.fml.loading.moddiscovery.ModFileInfo/LOADING]: Found valid mod file DungeonsArise-1.18.2-2.1.52-release.jar with {dungeons_arise} mods - versions {2.1.52-1.18.2}
[26Jul2026 01:32:51.164] [main/DEBUG] [net.minecraftforge.fml.loading.moddiscovery.ModFile/LOADING]: Loading mod file /workspaces/servermods/servidor_minecraft/mods/DungeonsArise-1.18.2-2.1.52-release.jar with languages [LanguageSpec[languageName=javafml, acceptedVersions=[40,)]]
[26Jul2026 01:32:51.165] [main/DEBUG] [net.minecraftforge.fml.loading.moddiscovery.ModFileParser/LOADING]: Considering mod file candidate 
[26Jul2026 01:32:51.165] [main/DEBUG] [net.minecraftforge.fml.loading.moddiscovery.ModFileInfo/LOADING]: Found valid mod file mixinextras-forge-0.3.5.jar with {mixinextras} mods - versions {0.3.5}
[26Jul2026 01:32:51.165] [main/DEBUG] [net.minecraftforge.fml.loading.moddiscovery.ModFile/LOADING]: Loading mod file  with languages [LanguageSpec[languageName=javafml, acceptedVersions=*]]
[26Jul2026 01:32:51.165] [main/DEBUG] [net.minecraftforge.fml.loading.moddiscovery.ModFile/LOADING]: Loading mod file  with languages []
[26Jul2026 01:32:51.167] [main/DEBUG] [cpw.mods.modlauncher.TransformationServiceDecorator/MODLAUNCHER]: End scan trigger - transformation service fml
[26Jul2026 01:32:51.179] [main/DEBUG] [net.minecraftforge.fml.loading.LanguageLoadingProvider/CORE]: Found 3 language providers
[26Jul2026 01:32:51.179] [main/DEBUG] [net.minecraftforge.fml.loading.LanguageLoadingProvider/CORE]: Found language provider minecraft, version 1.0
[26Jul2026 01:32:51.180] [main/DEBUG] [net.minecraftforge.fml.loading.LanguageLoadingProvider/CORE]: Found language provider lowcodefml, version 40
[26Jul2026 01:32:51.180] [main/DEBUG] [net.minecraftforge.fml.loading.LanguageLoadingProvider/CORE]: Found language provider javafml, version 40
[26Jul2026 01:32:51.188] [main/DEBUG] [net.minecraftforge.fml.loading.ModSorter/]: Configured system mods: [minecraft, forge]
[26Jul2026 01:32:51.188] [main/DEBUG] [net.minecraftforge.fml.loading.ModSorter/]: Found system mod: minecraft
[26Jul2026 01:32:51.188] [main/DEBUG] [net.minecraftforge.fml.loading.ModSorter/]: Found system mod: forge
[26Jul2026 01:32:51.191] [main/DEBUG] [net.minecraftforge.fml.loading.ModSorter/LOADING]: Found 74 mod requirements (70 mandatory, 4 optional)
[26Jul2026 01:32:51.192] [main/DEBUG] [net.minecraftforge.fml.loading.ModSorter/LOADING]: Found 0 mod requirements missing (0 mandatory, 0 optional)
[26Jul2026 01:32:51.734] [main/DEBUG] [cpw.mods.modlauncher.TransformationServicesHandler/MODLAUNCHER]: Transformation services loading transformers
[26Jul2026 01:32:51.735] [main/DEBUG] [cpw.mods.modlauncher.TransformationServiceDecorator/MODLAUNCHER]: Initializing transformers for transformation service mixin
[26Jul2026 01:32:51.736] [main/DEBUG] [cpw.mods.modlauncher.TransformationServiceDecorator/MODLAUNCHER]: Initialized transformers for transformation service mixin
[26Jul2026 01:32:51.736] [main/DEBUG] [cpw.mods.modlauncher.TransformationServiceDecorator/MODLAUNCHER]: Initializing transformers for transformation service fml
[26Jul2026 01:32:51.736] [main/DEBUG] [net.minecraftforge.fml.loading.FMLServiceProvider/CORE]: Loading coremod transformers
[26Jul2026 01:32:51.736] [main/DEBUG] [net.minecraftforge.coremod.CoreModEngine/COREMOD]: Loading CoreMod from potion-effects-shift.js
[26Jul2026 01:32:52.000] [main/DEBUG] [net.minecraftforge.coremod.CoreModEngine/COREMOD]: CoreMod loaded successfully
[26Jul2026 01:32:52.001] [main/DEBUG] [net.minecraftforge.coremod.CoreModEngine/COREMOD]: Loading CoreMod from coremods/field_to_method.js
[26Jul2026 01:32:52.047] [main/DEBUG] [net.minecraftforge.coremod.CoreModEngine/COREMOD]: CoreMod loaded successfully
[26Jul2026 01:32:52.047] [main/DEBUG] [net.minecraftforge.coremod.CoreModEngine/COREMOD]: Loading CoreMod from coremods/field_to_instanceof.js
[26Jul2026 01:32:52.103] [main/DEBUG] [net.minecraftforge.coremod.CoreModEngine/COREMOD]: CoreMod loaded successfully
[26Jul2026 01:32:52.104] [main/DEBUG] [net.minecraftforge.coremod.CoreModEngine/COREMOD]: Loading CoreMod from coremods/add_bouncer_method.js
[26Jul2026 01:32:52.151] [main/DEBUG] [net.minecraftforge.coremod.CoreModEngine/COREMOD]: CoreMod loaded successfully
[26Jul2026 01:32:52.151] [main/DEBUG] [net.minecraftforge.coremod.CoreModEngine/COREMOD]: Loading CoreMod from coremods/registry_object_binary_compat.js
[26Jul2026 01:32:52.191] [main/DEBUG] [net.minecraftforge.coremod.CoreModEngine/COREMOD]: CoreMod loaded successfully
[26Jul2026 01:32:52.201] [main/DEBUG] [cpw.mods.modlauncher.TransformStore/MODLAUNCHER]: Adding transformer net.minecraftforge.coremod.transformer.CoreModMethodTransformer@4f5b08d to Target : METHOD {Lnet/minecraft/client/gui/Gui;} {m_93028_} {(Lcom/mojang/blaze3d/vertex/PoseStack;)V}
[26Jul2026 01:32:52.204] [main/DEBUG] [cpw.mods.modlauncher.TransformStore/MODLAUNCHER]: Adding transformer net.minecraftforge.coremod.transformer.CoreModClassTransformer@4601203a to Target : CLASS {Lnet/minecraft/world/effect/MobEffectInstance;} {} {V}
[26Jul2026 01:32:52.205] [main/DEBUG] [cpw.mods.modlauncher.TransformStore/MODLAUNCHER]: Adding transformer net.minecraftforge.coremod.transformer.CoreModClassTransformer@53abfc07 to Target : CLASS {Lnet/minecraft/world/level/block/LiquidBlock;} {} {V}
[26Jul2026 01:32:52.205] [main/DEBUG] [cpw.mods.modlauncher.TransformStore/MODLAUNCHER]: Adding transformer net.minecraftforge.coremod.transformer.CoreModClassTransformer@2c8c16c0 to Target : CLASS {Lnet/minecraft/world/item/BucketItem;} {} {V}
[26Jul2026 01:32:52.206] [main/DEBUG] [cpw.mods.modlauncher.TransformStore/MODLAUNCHER]: Adding transformer net.minecraftforge.coremod.transformer.CoreModClassTransformer@80bfa9d to Target : CLASS {Lnet/minecraft/world/level/block/StairBlock;} {} {V}
[26Jul2026 01:32:52.206] [main/DEBUG] [cpw.mods.modlauncher.TransformStore/MODLAUNCHER]: Adding transformer net.minecraftforge.coremod.transformer.CoreModClassTransformer@47c40b56 to Target : CLASS {Lnet/minecraft/world/level/block/FlowerPotBlock;} {} {V}
[26Jul2026 01:32:52.207] [main/DEBUG] [cpw.mods.modlauncher.TransformStore/MODLAUNCHER]: Adding transformer net.minecraftforge.coremod.transformer.CoreModClassTransformer@4b039c6d to Target : CLASS {Lnet/minecraft/world/item/ItemStack;} {} {V}
[26Jul2026 01:32:52.207] [main/DEBUG] [cpw.mods.modlauncher.TransformStore/MODLAUNCHER]: Adding transformer net.minecraftforge.coremod.transformer.CoreModClassTransformer@7f5b9db to Target : CLASS {Lnet/minecraft/network/play/client/CClientSettingsPacket;} {} {V}
[26Jul2026 01:32:52.207] [main/DEBUG] [cpw.mods.modlauncher.TransformStore/MODLAUNCHER]: Adding transformer net.minecraftforge.coremod.transformer.CoreModClassTransformer@507d64aa to Target : CLASS {Lnet/minecraftforge/registries/RegistryObject;} {} {V}
[26Jul2026 01:32:52.207] [main/DEBUG] [cpw.mods.modlauncher.TransformationServiceDecorator/MODLAUNCHER]: Initialized transformers for transformation service fml
[26Jul2026 01:32:54.499] [main/DEBUG] [mixin/]: Processing prepare() for PlatformAgent[MixinPlatformAgentDefault:ModLauncher Root Container(ModLauncher:4f56a0a2)]
[26Jul2026 01:32:54.499] [main/DEBUG] [mixin/]: Processing launch tasks for PlatformAgent[MixinPlatformAgentDefault:ModLauncher Root Container(ModLauncher:4f56a0a2)]
[26Jul2026 01:32:54.499] [main/DEBUG] [mixin/]: Adding mixin platform agents for container SecureJarResource(minecraft)
[26Jul2026 01:32:54.499] [main/DEBUG] [mixin/]: Instancing new MixinPlatformAgentMinecraftForge for SecureJarResource(minecraft)
[26Jul2026 01:32:54.500] [main/DEBUG] [mixin/]: MixinPlatformAgentMinecraftForge rejected container SecureJarResource(minecraft)
[26Jul2026 01:32:54.500] [main/DEBUG] [mixin/]: Instancing new MixinPlatformAgentDefault for SecureJarResource(minecraft)
[26Jul2026 01:32:54.500] [main/DEBUG] [mixin/]: MixinPlatformAgentDefault accepted container SecureJarResource(minecraft)
[26Jul2026 01:32:54.500] [main/DEBUG] [mixin/]: Processing prepare() for PlatformAgent[MixinPlatformAgentDefault:SecureJarResource(minecraft)]
[26Jul2026 01:32:54.500] [main/DEBUG] [mixin/]: Adding mixin platform agents for container SecureJarResource(mowziesmobs)
[26Jul2026 01:32:54.500] [main/DEBUG] [mixin/]: Instancing new MixinPlatformAgentMinecraftForge for SecureJarResource(mowziesmobs)
[26Jul2026 01:32:54.500] [main/DEBUG] [mixin/]: MixinPlatformAgentMinecraftForge rejected container SecureJarResource(mowziesmobs)
[26Jul2026 01:32:54.500] [main/DEBUG] [mixin/]: Instancing new MixinPlatformAgentDefault for SecureJarResource(mowziesmobs)
[26Jul2026 01:32:54.500] [main/DEBUG] [mixin/]: MixinPlatformAgentDefault accepted container SecureJarResource(mowziesmobs)
[26Jul2026 01:32:54.500] [main/DEBUG] [mixin/]: Processing prepare() for PlatformAgent[MixinPlatformAgentDefault:SecureJarResource(mowziesmobs)]
[26Jul2026 01:32:54.501] [main/DEBUG] [mixin/]: Adding mixin platform agents for container SecureJarResource(terrablender)
[26Jul2026 01:32:54.501] [main/DEBUG] [mixin/]: Instancing new MixinPlatformAgentMinecraftForge for SecureJarResource(terrablender)
[26Jul2026 01:32:54.503] [main/DEBUG] [mixin/]: MixinPlatformAgentMinecraftForge rejected container SecureJarResource(terrablender)
[26Jul2026 01:32:54.503] [main/DEBUG] [mixin/]: Instancing new MixinPlatformAgentDefault for SecureJarResource(terrablender)
[26Jul2026 01:32:54.504] [main/DEBUG] [mixin/]: MixinPlatformAgentDefault accepted container SecureJarResource(terrablender)
[26Jul2026 01:32:54.504] [main/DEBUG] [mixin/]: Processing prepare() for PlatformAgent[MixinPlatformAgentDefault:SecureJarResource(terrablender)]
[26Jul2026 01:32:54.510] [main/DEBUG] [mixin/]: Registering mixin config: terrablender.mixins.json
[26Jul2026 01:32:54.562] [main/DEBUG] [mixin/]: Compatibility level JAVA_17 specified by terrablender.mixins.json is higher than the maximum level supported by this version of mixin (JAVA_13).
[26Jul2026 01:32:54.583] [main/INFO] [mixin/]: Compatibility level set to JAVA_17
[26Jul2026 01:32:54.590] [main/DEBUG] [mixin/]: Registering mixin config: terrablender_forge.mixins.json
[26Jul2026 01:32:54.598] [main/DEBUG] [mixin/]: Adding mixin platform agents for container SecureJarResource(woodarmor)
[26Jul2026 01:32:54.600] [main/DEBUG] [mixin/]: Instancing new MixinPlatformAgentMinecraftForge for SecureJarResource(woodarmor)
[26Jul2026 01:32:54.600] [main/DEBUG] [mixin/]: MixinPlatformAgentMinecraftForge rejected container SecureJarResource(woodarmor)
[26Jul2026 01:32:54.601] [main/DEBUG] [mixin/]: Instancing new MixinPlatformAgentDefault for SecureJarResource(woodarmor)
[26Jul2026 01:32:54.602] [main/DEBUG] [mixin/]: MixinPlatformAgentDefault accepted container SecureJarResource(woodarmor)
[26Jul2026 01:32:54.602] [main/DEBUG] [mixin/]: Processing prepare() for PlatformAgent[MixinPlatformAgentDefault:SecureJarResource(woodarmor)]
[26Jul2026 01:32:54.603] [main/DEBUG] [mixin/]: Adding mixin platform agents for container SecureJarResource(alexsmobs)
[26Jul2026 01:32:54.603] [main/DEBUG] [mixin/]: Instancing new MixinPlatformAgentMinecraftForge for SecureJarResource(alexsmobs)
[26Jul2026 01:32:54.603] [main/DEBUG] [mixin/]: MixinPlatformAgentMinecraftForge rejected container SecureJarResource(alexsmobs)
[26Jul2026 01:32:54.604] [main/DEBUG] [mixin/]: Instancing new MixinPlatformAgentDefault for SecureJarResource(alexsmobs)
[26Jul2026 01:32:54.604] [main/DEBUG] [mixin/]: MixinPlatformAgentDefault accepted container SecureJarResource(alexsmobs)
[26Jul2026 01:32:54.605] [main/DEBUG] [mixin/]: Processing prepare() for PlatformAgent[MixinPlatformAgentDefault:SecureJarResource(alexsmobs)]
[26Jul2026 01:32:54.606] [main/DEBUG] [mixin/]: Adding mixin platform agents for container SecureJarResource(biomesoplenty)
[26Jul2026 01:32:54.607] [main/DEBUG] [mixin/]: Instancing new MixinPlatformAgentMinecraftForge for SecureJarResource(biomesoplenty)
[26Jul2026 01:32:54.607] [main/DEBUG] [mixin/]: MixinPlatformAgentMinecraftForge rejected container SecureJarResource(biomesoplenty)
[26Jul2026 01:32:54.607] [main/DEBUG] [mixin/]: Instancing new MixinPlatformAgentDefault for SecureJarResource(biomesoplenty)
[26Jul2026 01:32:54.608] [main/DEBUG] [mixin/]: MixinPlatformAgentDefault accepted container SecureJarResource(biomesoplenty)
[26Jul2026 01:32:54.608] [main/DEBUG] [mixin/]: Processing prepare() for PlatformAgent[MixinPlatformAgentDefault:SecureJarResource(biomesoplenty)]
[26Jul2026 01:32:54.608] [main/DEBUG] [mixin/]: Adding mixin platform agents for container SecureJarResource(mutantmonsters)
[26Jul2026 01:32:54.609] [main/DEBUG] [mixin/]: Instancing new MixinPlatformAgentMinecraftForge for SecureJarResource(mutantmonsters)
[26Jul2026 01:32:54.610] [main/DEBUG] [mixin/]: MixinPlatformAgentMinecraftForge rejected container SecureJarResource(mutantmonsters)
[26Jul2026 01:32:54.611] [main/DEBUG] [mixin/]: Instancing new MixinPlatformAgentDefault for SecureJarResource(mutantmonsters)
[26Jul2026 01:32:54.611] [main/DEBUG] [mixin/]: MixinPlatformAgentDefault accepted container SecureJarResource(mutantmonsters)
[26Jul2026 01:32:54.611] [main/DEBUG] [mixin/]: Processing prepare() for PlatformAgent[MixinPlatformAgentDefault:SecureJarResource(mutantmonsters)]
[26Jul2026 01:32:54.612] [main/DEBUG] [mixin/]: Registering mixin config: mutantmonsters.common.mixins.json
[26Jul2026 01:32:54.614] [main/DEBUG] [mixin/]: Adding mixin platform agents for container SecureJarResource(jei)
[26Jul2026 01:32:54.619] [main/DEBUG] [mixin/]: Instancing new MixinPlatformAgentMinecraftForge for SecureJarResource(jei)
[26Jul2026 01:32:54.622] [main/DEBUG] [mixin/]: MixinPlatformAgentMinecraftForge rejected container SecureJarResource(jei)
[26Jul2026 01:32:54.622] [main/DEBUG] [mixin/]: Instancing new MixinPlatformAgentDefault for SecureJarResource(jei)
[26Jul2026 01:32:54.623] [main/DEBUG] [mixin/]: MixinPlatformAgentDefault accepted container SecureJarResource(jei)
[26Jul2026 01:32:54.624] [main/DEBUG] [mixin/]: Processing prepare() for PlatformAgent[MixinPlatformAgentDefault:SecureJarResource(jei)]
[26Jul2026 01:32:54.625] [main/DEBUG] [mixin/]: Adding mixin platform agents for container SecureJarResource(graveyard)
[26Jul2026 01:32:54.628] [main/DEBUG] [mixin/]: Instancing new MixinPlatformAgentMinecraftForge for SecureJarResource(graveyard)
[26Jul2026 01:32:54.629] [main/DEBUG] [mixin/]: MixinPlatformAgentMinecraftForge rejected container SecureJarResource(graveyard)
[26Jul2026 01:32:54.631] [main/DEBUG] [mixin/]: Instancing new MixinPlatformAgentDefault for SecureJarResource(graveyard)
[26Jul2026 01:32:54.632] [main/DEBUG] [mixin/]: MixinPlatformAgentDefault accepted container SecureJarResource(graveyard)
[26Jul2026 01:32:54.633] [main/DEBUG] [mixin/]: Processing prepare() for PlatformAgent[MixinPlatformAgentDefault:SecureJarResource(graveyard)]
[26Jul2026 01:32:54.633] [main/DEBUG] [mixin/]: Registering mixin config: graveyard.mixins.json
[26Jul2026 01:32:54.639] [main/DEBUG] [mixin/]: Compatibility level JAVA_8 specified by graveyard.mixins.json is lower than the default level supported by the current mixin service (JAVA_16).
[26Jul2026 01:32:54.641] [main/DEBUG] [mixin/]: Adding mixin platform agents for container SecureJarResource(born_in_chaos_v1)
[26Jul2026 01:32:54.641] [main/DEBUG] [mixin/]: Instancing new MixinPlatformAgentMinecraftForge for SecureJarResource(born_in_chaos_v1)
[26Jul2026 01:32:54.642] [main/DEBUG] [mixin/]: MixinPlatformAgentMinecraftForge rejected container SecureJarResource(born_in_chaos_v1)
[26Jul2026 01:32:54.642] [main/DEBUG] [mixin/]: Instancing new MixinPlatformAgentDefault for SecureJarResource(born_in_chaos_v1)
[26Jul2026 01:32:54.642] [main/DEBUG] [mixin/]: MixinPlatformAgentDefault accepted container SecureJarResource(born_in_chaos_v1)
[26Jul2026 01:32:54.643] [main/DEBUG] [mixin/]: Processing prepare() for PlatformAgent[MixinPlatformAgentDefault:SecureJarResource(born_in_chaos_v1)]
[26Jul2026 01:32:54.643] [main/DEBUG] [mixin/]: Adding mixin platform agents for container SecureJarResource(incendium)
[26Jul2026 01:32:54.644] [main/DEBUG] [mixin/]: Instancing new MixinPlatformAgentMinecraftForge for SecureJarResource(incendium)
[26Jul2026 01:32:54.644] [main/DEBUG] [mixin/]: MixinPlatformAgentMinecraftForge rejected container SecureJarResource(incendium)
[26Jul2026 01:32:54.645] [main/DEBUG] [mixin/]: Instancing new MixinPlatformAgentDefault for SecureJarResource(incendium)
[26Jul2026 01:32:54.645] [main/DEBUG] [mixin/]: MixinPlatformAgentDefault accepted container SecureJarResource(incendium)
[26Jul2026 01:32:54.645] [main/DEBUG] [mixin/]: Processing prepare() for PlatformAgent[MixinPlatformAgentDefault:SecureJarResource(incendium)]
[26Jul2026 01:32:54.646] [main/DEBUG] [mixin/]: Adding mixin platform agents for container SecureJarResource(sophisticatedcore)
[26Jul2026 01:32:54.646] [main/DEBUG] [mixin/]: Instancing new MixinPlatformAgentMinecraftForge for SecureJarResource(sophisticatedcore)
[26Jul2026 01:32:54.646] [main/DEBUG] [mixin/]: MixinPlatformAgentMinecraftForge rejected container SecureJarResource(sophisticatedcore)
[26Jul2026 01:32:54.646] [main/DEBUG] [mixin/]: Instancing new MixinPlatformAgentDefault for SecureJarResource(sophisticatedcore)
[26Jul2026 01:32:54.646] [main/DEBUG] [mixin/]: MixinPlatformAgentDefault accepted container SecureJarResource(sophisticatedcore)
[26Jul2026 01:32:54.647] [main/DEBUG] [mixin/]: Processing prepare() for PlatformAgent[MixinPlatformAgentDefault:SecureJarResource(sophisticatedcore)]
[26Jul2026 01:32:54.647] [main/DEBUG] [mixin/]: Adding mixin platform agents for container SecureJarResource(curios)
[26Jul2026 01:32:54.647] [main/DEBUG] [mixin/]: Instancing new MixinPlatformAgentMinecraftForge for SecureJarResource(curios)
[26Jul2026 01:32:54.648] [main/DEBUG] [mixin/]: MixinPlatformAgentMinecraftForge rejected container SecureJarResource(curios)
[26Jul2026 01:32:54.649] [main/DEBUG] [mixin/]: Instancing new MixinPlatformAgentDefault for SecureJarResource(curios)
[26Jul2026 01:32:54.649] [main/DEBUG] [mixin/]: MixinPlatformAgentDefault accepted container SecureJarResource(curios)
[26Jul2026 01:32:54.649] [main/DEBUG] [mixin/]: Processing prepare() for PlatformAgent[MixinPlatformAgentDefault:SecureJarResource(curios)]
[26Jul2026 01:32:54.649] [main/DEBUG] [mixin/]: Registering mixin config: curios.mixins.json
[26Jul2026 01:32:54.652] [main/DEBUG] [mixin/]: Adding mixin platform agents for container SecureJarResource(insanelib)
[26Jul2026 01:32:54.652] [main/DEBUG] [mixin/]: Instancing new MixinPlatformAgentMinecraftForge for SecureJarResource(insanelib)
[26Jul2026 01:32:54.653] [main/DEBUG] [mixin/]: MixinPlatformAgentMinecraftForge rejected container SecureJarResource(insanelib)
[26Jul2026 01:32:54.653] [main/DEBUG] [mixin/]: Instancing new MixinPlatformAgentDefault for SecureJarResource(insanelib)
[26Jul2026 01:32:54.653] [main/DEBUG] [mixin/]: MixinPlatformAgentDefault accepted container SecureJarResource(insanelib)
[26Jul2026 01:32:54.653] [main/DEBUG] [mixin/]: Processing prepare() for PlatformAgent[MixinPlatformAgentDefault:SecureJarResource(insanelib)]
[26Jul2026 01:32:54.653] [main/DEBUG] [mixin/]: Registering mixin config: insanelib.mixins.json
[26Jul2026 01:32:54.659] [main/DEBUG] [mixin/]: Compatibility level JAVA_8 specified by insanelib.mixins.json is lower than the default level supported by the current mixin service (JAVA_16).
[26Jul2026 01:32:54.659] [main/DEBUG] [mixin/]: Adding mixin platform agents for container SecureJarResource(ecologics)
[26Jul2026 01:32:54.660] [main/DEBUG] [mixin/]: Instancing new MixinPlatformAgentMinecraftForge for SecureJarResource(ecologics)
[26Jul2026 01:32:54.660] [main/DEBUG] [mixin/]: MixinPlatformAgentMinecraftForge rejected container SecureJarResource(ecologics)
[26Jul2026 01:32:54.660] [main/DEBUG] [mixin/]: Instancing new MixinPlatformAgentDefault for SecureJarResource(ecologics)
[26Jul2026 01:32:54.661] [main/DEBUG] [mixin/]: MixinPlatformAgentDefault accepted container SecureJarResource(ecologics)
[26Jul2026 01:32:54.661] [main/DEBUG] [mixin/]: Processing prepare() for PlatformAgent[MixinPlatformAgentDefault:SecureJarResource(ecologics)]
[26Jul2026 01:32:54.661] [main/DEBUG] [mixin/]: Registering mixin config: ecologics-common.mixins.json
[26Jul2026 01:32:54.666] [main/DEBUG] [mixin/]: Registering mixin config: ecologics.mixins.json
[26Jul2026 01:32:54.671] [main/DEBUG] [mixin/]: Adding mixin platform agents for container SecureJarResource(spartanshields)
[26Jul2026 01:32:54.675] [main/DEBUG] [mixin/]: Instancing new MixinPlatformAgentMinecraftForge for SecureJarResource(spartanshields)
[26Jul2026 01:32:54.675] [main/DEBUG] [mixin/]: MixinPlatformAgentMinecraftForge rejected container SecureJarResource(spartanshields)
[26Jul2026 01:32:54.676] [main/DEBUG] [mixin/]: Instancing new MixinPlatformAgentDefault for SecureJarResource(spartanshields)
[26Jul2026 01:32:54.676] [main/DEBUG] [mixin/]: MixinPlatformAgentDefault accepted container SecureJarResource(spartanshields)
[26Jul2026 01:32:54.677] [main/DEBUG] [mixin/]: Processing prepare() for PlatformAgent[MixinPlatformAgentDefault:SecureJarResource(spartanshields)]
[26Jul2026 01:32:54.677] [main/DEBUG] [mixin/]: Adding mixin platform agents for container SecureJarResource(structory)
[26Jul2026 01:32:54.678] [main/DEBUG] [mixin/]: Instancing new MixinPlatformAgentMinecraftForge for SecureJarResource(structory)
[26Jul2026 01:32:54.679] [main/DEBUG] [mixin/]: MixinPlatformAgentMinecraftForge rejected container SecureJarResource(structory)
[26Jul2026 01:32:54.681] [main/DEBUG] [mixin/]: Instancing new MixinPlatformAgentDefault for SecureJarResource(structory)
[26Jul2026 01:32:54.682] [main/DEBUG] [mixin/]: MixinPlatformAgentDefault accepted container SecureJarResource(structory)
[26Jul2026 01:32:54.682] [main/DEBUG] [mixin/]: Processing prepare() for PlatformAgent[MixinPlatformAgentDefault:SecureJarResource(structory)]
[26Jul2026 01:32:54.683] [main/DEBUG] [mixin/]: Adding mixin platform agents for container SecureJarResource(journeymap)
[26Jul2026 01:32:54.683] [main/DEBUG] [mixin/]: Instancing new MixinPlatformAgentMinecraftForge for SecureJarResource(journeymap)
[26Jul2026 01:32:54.684] [main/DEBUG] [mixin/]: MixinPlatformAgentMinecraftForge rejected container SecureJarResource(journeymap)
[26Jul2026 01:32:54.684] [main/DEBUG] [mixin/]: Instancing new MixinPlatformAgentDefault for SecureJarResource(journeymap)
[26Jul2026 01:32:54.685] [main/DEBUG] [mixin/]: MixinPlatformAgentDefault accepted container SecureJarResource(journeymap)
[26Jul2026 01:32:54.686] [main/DEBUG] [mixin/]: Processing prepare() for PlatformAgent[MixinPlatformAgentDefault:SecureJarResource(journeymap)]
[26Jul2026 01:32:54.686] [main/DEBUG] [mixin/]: Registering mixin config: journeymap.mixins.json
[26Jul2026 01:32:54.693] [main/DEBUG] [mixin/]: Adding mixin platform agents for container SecureJarResource(citadel)
[26Jul2026 01:32:54.693] [main/DEBUG] [mixin/]: Instancing new MixinPlatformAgentMinecraftForge for SecureJarResource(citadel)
[26Jul2026 01:32:54.694] [main/DEBUG] [mixin/]: MixinPlatformAgentMinecraftForge rejected container SecureJarResource(citadel)
[26Jul2026 01:32:54.694] [main/DEBUG] [mixin/]: Instancing new MixinPlatformAgentDefault for SecureJarResource(citadel)
[26Jul2026 01:32:54.694] [main/DEBUG] [mixin/]: MixinPlatformAgentDefault accepted container SecureJarResource(citadel)
[26Jul2026 01:32:54.694] [main/DEBUG] [mixin/]: Processing prepare() for PlatformAgent[MixinPlatformAgentDefault:SecureJarResource(citadel)]
[26Jul2026 01:32:54.694] [main/DEBUG] [mixin/]: Registering mixin config: citadel.mixins.json
[26Jul2026 01:32:54.701] [main/DEBUG] [mixin/]: Adding mixin platform agents for container SecureJarResource(artifacts)
[26Jul2026 01:32:54.703] [main/DEBUG] [mixin/]: Instancing new MixinPlatformAgentMinecraftForge for SecureJarResource(artifacts)
[26Jul2026 01:32:54.704] [main/DEBUG] [mixin/]: MixinPlatformAgentMinecraftForge rejected container SecureJarResource(artifacts)
[26Jul2026 01:32:54.705] [main/DEBUG] [mixin/]: Instancing new MixinPlatformAgentDefault for SecureJarResource(artifacts)
[26Jul2026 01:32:54.706] [main/DEBUG] [mixin/]: MixinPlatformAgentDefault accepted container SecureJarResource(artifacts)
[26Jul2026 01:32:54.707] [main/DEBUG] [mixin/]: Processing prepare() for PlatformAgent[MixinPlatformAgentDefault:SecureJarResource(artifacts)]
[26Jul2026 01:32:54.707] [main/DEBUG] [mixin/]: Registering mixin config: mixins.artifacts.json
[26Jul2026 01:32:54.709] [main/DEBUG] [mixin/]: Compatibility level JAVA_8 specified by mixins.artifacts.json is lower than the default level supported by the current mixin service (JAVA_16).
[26Jul2026 01:32:54.709] [main/DEBUG] [mixin/]: Adding mixin platform agents for container SecureJarResource(champions)
[26Jul2026 01:32:54.709] [main/DEBUG] [mixin/]: Instancing new MixinPlatformAgentMinecraftForge for SecureJarResource(champions)
[26Jul2026 01:32:54.709] [main/DEBUG] [mixin/]: MixinPlatformAgentMinecraftForge rejected container SecureJarResource(champions)
[26Jul2026 01:32:54.709] [main/DEBUG] [mixin/]: Instancing new MixinPlatformAgentDefault for SecureJarResource(champions)
[26Jul2026 01:32:54.709] [main/DEBUG] [mixin/]: MixinPlatformAgentDefault accepted container SecureJarResource(champions)
[26Jul2026 01:32:54.709] [main/DEBUG] [mixin/]: Processing prepare() for PlatformAgent[MixinPlatformAgentDefault:SecureJarResource(champions)]
[26Jul2026 01:32:54.709] [main/DEBUG] [mixin/]: Adding mixin platform agents for container SecureJarResource(betteranimalsplus)
[26Jul2026 01:32:54.709] [main/DEBUG] [mixin/]: Instancing new MixinPlatformAgentMinecraftForge for SecureJarResource(betteranimalsplus)
[26Jul2026 01:32:54.710] [main/DEBUG] [mixin/]: MixinPlatformAgentMinecraftForge rejected container SecureJarResource(betteranimalsplus)
[26Jul2026 01:32:54.710] [main/DEBUG] [mixin/]: Instancing new MixinPlatformAgentDefault for SecureJarResource(betteranimalsplus)
[26Jul2026 01:32:54.710] [main/DEBUG] [mixin/]: MixinPlatformAgentDefault accepted container SecureJarResource(betteranimalsplus)
[26Jul2026 01:32:54.710] [main/DEBUG] [mixin/]: Processing prepare() for PlatformAgent[MixinPlatformAgentDefault:SecureJarResource(betteranimalsplus)]
[26Jul2026 01:32:54.710] [main/DEBUG] [mixin/]: Registering mixin config: mixin.imdlib-betteranimalsplus.json
[26Jul2026 01:32:54.711] [main/DEBUG] [mixin/]: Registering mixin config: betteranimalsplus.mixins.json
[26Jul2026 01:32:54.722] [main/DEBUG] [mixin/]: Registering mixin config: betteranimalsplus-forge.mixins.json
[26Jul2026 01:32:54.728] [main/DEBUG] [mixin/]: Adding mixin platform agents for container SecureJarResource(tombstone)
[26Jul2026 01:32:54.728] [main/DEBUG] [mixin/]: Instancing new MixinPlatformAgentMinecraftForge for SecureJarResource(tombstone)
[26Jul2026 01:32:54.728] [main/DEBUG] [mixin/]: MixinPlatformAgentMinecraftForge rejected container SecureJarResource(tombstone)
[26Jul2026 01:32:54.728] [main/DEBUG] [mixin/]: Instancing new MixinPlatformAgentDefault for SecureJarResource(tombstone)
[26Jul2026 01:32:54.729] [main/DEBUG] [mixin/]: MixinPlatformAgentDefault accepted container SecureJarResource(tombstone)
[26Jul2026 01:32:54.731] [main/DEBUG] [mixin/]: Processing prepare() for PlatformAgent[MixinPlatformAgentDefault:SecureJarResource(tombstone)]
[26Jul2026 01:32:54.731] [main/DEBUG] [mixin/]: Registering mixin config: tombstone.mixins.json
[26Jul2026 01:32:54.732] [main/DEBUG] [mixin/]: Adding mixin platform agents for container SecureJarResource(sophisticatedbackpacks)
[26Jul2026 01:32:54.733] [main/DEBUG] [mixin/]: Instancing new MixinPlatformAgentMinecraftForge for SecureJarResource(sophisticatedbackpacks)
[26Jul2026 01:32:54.738] [main/DEBUG] [mixin/]: MixinPlatformAgentMinecraftForge rejected container SecureJarResource(sophisticatedbackpacks)
[26Jul2026 01:32:54.738] [main/DEBUG] [mixin/]: Instancing new MixinPlatformAgentDefault for SecureJarResource(sophisticatedbackpacks)
[26Jul2026 01:32:54.738] [main/DEBUG] [mixin/]: MixinPlatformAgentDefault accepted container SecureJarResource(sophisticatedbackpacks)
[26Jul2026 01:32:54.738] [main/DEBUG] [mixin/]: Processing prepare() for PlatformAgent[MixinPlatformAgentDefault:SecureJarResource(sophisticatedbackpacks)]
[26Jul2026 01:32:54.738] [main/DEBUG] [mixin/]: Adding mixin platform agents for container SecureJarResource(spartanweaponry)
[26Jul2026 01:32:54.739] [main/DEBUG] [mixin/]: Instancing new MixinPlatformAgentMinecraftForge for SecureJarResource(spartanweaponry)
[26Jul2026 01:32:54.739] [main/DEBUG] [mixin/]: MixinPlatformAgentMinecraftForge rejected container SecureJarResource(spartanweaponry)
[26Jul2026 01:32:54.740] [main/DEBUG] [mixin/]: Instancing new MixinPlatformAgentDefault for SecureJarResource(spartanweaponry)
[26Jul2026 01:32:54.741] [main/DEBUG] [mixin/]: MixinPlatformAgentDefault accepted container SecureJarResource(spartanweaponry)
[26Jul2026 01:32:54.741] [main/DEBUG] [mixin/]: Processing prepare() for PlatformAgent[MixinPlatformAgentDefault:SecureJarResource(spartanweaponry)]
[26Jul2026 01:32:54.741] [main/DEBUG] [mixin/]: Registering mixin config: spartanweaponry.mixins.json
[26Jul2026 01:32:54.746] [main/DEBUG] [mixin/]: Adding mixin platform agents for container SecureJarResource(architectury)
[26Jul2026 01:32:54.749] [main/DEBUG] [mixin/]: Instancing new MixinPlatformAgentMinecraftForge for SecureJarResource(architectury)
[26Jul2026 01:32:54.749] [main/DEBUG] [mixin/]: MixinPlatformAgentMinecraftForge rejected container SecureJarResource(architectury)
[26Jul2026 01:32:54.749] [main/DEBUG] [mixin/]: Instancing new MixinPlatformAgentDefault for SecureJarResource(architectury)
[26Jul2026 01:32:54.749] [main/DEBUG] [mixin/]: MixinPlatformAgentDefault accepted container SecureJarResource(architectury)
[26Jul2026 01:32:54.749] [main/DEBUG] [mixin/]: Processing prepare() for PlatformAgent[MixinPlatformAgentDefault:SecureJarResource(architectury)]
[26Jul2026 01:32:54.749] [main/DEBUG] [mixin/]: Registering mixin config: architectury.mixins.json
[26Jul2026 01:32:54.755] [main/DEBUG] [mixin/]: Compatibility level JAVA_16 specified by architectury.mixins.json is higher than the maximum level supported by this version of mixin (JAVA_13).
[26Jul2026 01:32:54.758] [main/DEBUG] [mixin/]: Registering mixin config: architectury-common.mixins.json
[26Jul2026 01:32:54.763] [main/DEBUG] [mixin/]: Compatibility level JAVA_16 specified by architectury-common.mixins.json is higher than the maximum level supported by this version of mixin (JAVA_13).
[26Jul2026 01:32:54.766] [main/DEBUG] [mixin/]: Adding mixin platform agents for container SecureJarResource(progressivebosses)
[26Jul2026 01:32:54.769] [main/DEBUG] [mixin/]: Instancing new MixinPlatformAgentMinecraftForge for SecureJarResource(progressivebosses)
[26Jul2026 01:32:54.769] [main/DEBUG] [mixin/]: MixinPlatformAgentMinecraftForge rejected container SecureJarResource(progressivebosses)
[26Jul2026 01:32:54.769] [main/DEBUG] [mixin/]: Instancing new MixinPlatformAgentDefault for SecureJarResource(progressivebosses)
[26Jul2026 01:32:54.769] [main/DEBUG] [mixin/]: MixinPlatformAgentDefault accepted container SecureJarResource(progressivebosses)
[26Jul2026 01:32:54.769] [main/DEBUG] [mixin/]: Processing prepare() for PlatformAgent[MixinPlatformAgentDefault:SecureJarResource(progressivebosses)]
[26Jul2026 01:32:54.769] [main/DEBUG] [mixin/]: Registering mixin config: progressivebosses.mixins.json
[26Jul2026 01:32:54.771] [main/DEBUG] [mixin/]: Compatibility level JAVA_8 specified by progressivebosses.mixins.json is lower than the default level supported by the current mixin service (JAVA_16).
[26Jul2026 01:32:54.772] [main/DEBUG] [mixin/]: Adding mixin platform agents for container SecureJarResource(iceandfire)
[26Jul2026 01:32:54.773] [main/DEBUG] [mixin/]: Instancing new MixinPlatformAgentMinecraftForge for SecureJarResource(iceandfire)
[26Jul2026 01:32:54.774] [main/DEBUG] [mixin/]: MixinPlatformAgentMinecraftForge rejected container SecureJarResource(iceandfire)
[26Jul2026 01:32:54.774] [main/DEBUG] [mixin/]: Instancing new MixinPlatformAgentDefault for SecureJarResource(iceandfire)
[26Jul2026 01:32:54.774] [main/DEBUG] [mixin/]: MixinPlatformAgentDefault accepted container SecureJarResource(iceandfire)
[26Jul2026 01:32:54.776] [main/DEBUG] [mixin/]: Processing prepare() for PlatformAgent[MixinPlatformAgentDefault:SecureJarResource(iceandfire)]
[26Jul2026 01:32:54.776] [main/DEBUG] [mixin/]: Registering mixin config: iceandfire.mixins.json
[26Jul2026 01:32:54.777] [main/DEBUG] [mixin/]: Adding mixin platform agents for container SecureJarResource(bosses_of_mass_destruction)
[26Jul2026 01:32:54.778] [main/DEBUG] [mixin/]: Instancing new MixinPlatformAgentMinecraftForge for SecureJarResource(bosses_of_mass_destruction)
[26Jul2026 01:32:54.778] [main/DEBUG] [mixin/]: MixinPlatformAgentMinecraftForge rejected container SecureJarResource(bosses_of_mass_destruction)
[26Jul2026 01:32:54.778] [main/DEBUG] [mixin/]: Instancing new MixinPlatformAgentDefault for SecureJarResource(bosses_of_mass_destruction)
[26Jul2026 01:32:54.778] [main/DEBUG] [mixin/]: MixinPlatformAgentDefault accepted container SecureJarResource(bosses_of_mass_destruction)
[26Jul2026 01:32:54.778] [main/DEBUG] [mixin/]: Processing prepare() for PlatformAgent[MixinPlatformAgentDefault:SecureJarResource(bosses_of_mass_destruction)]
[26Jul2026 01:32:54.778] [main/DEBUG] [mixin/]: Registering mixin config: mixins.bosses_of_mass_destruction.json
[26Jul2026 01:32:54.790] [main/DEBUG] [mixin/]: Adding mixin platform agents for container SecureJarResource(puzzleslib)
[26Jul2026 01:32:54.790] [main/DEBUG] [mixin/]: Instancing new MixinPlatformAgentMinecraftForge for SecureJarResource(puzzleslib)
[26Jul2026 01:32:54.791] [main/DEBUG] [mixin/]: MixinPlatformAgentMinecraftForge rejected container SecureJarResource(puzzleslib)
[26Jul2026 01:32:54.791] [main/DEBUG] [mixin/]: Instancing new MixinPlatformAgentDefault for SecureJarResource(puzzleslib)
[26Jul2026 01:32:54.791] [main/DEBUG] [mixin/]: MixinPlatformAgentDefault accepted container SecureJarResource(puzzleslib)
[26Jul2026 01:32:54.791] [main/DEBUG] [mixin/]: Processing prepare() for PlatformAgent[MixinPlatformAgentDefault:SecureJarResource(puzzleslib)]
[26Jul2026 01:32:54.791] [main/DEBUG] [mixin/]: Registering mixin config: puzzleslib.common.mixins.json
[26Jul2026 01:32:54.793] [main/DEBUG] [mixin/]: Registering mixin config: puzzleslib.forge.mixins.json
[26Jul2026 01:32:54.799] [main/DEBUG] [mixin/]: Adding mixin platform agents for container SecureJarResource(immersive_armors)
[26Jul2026 01:32:54.799] [main/DEBUG] [mixin/]: Instancing new MixinPlatformAgentMinecraftForge for SecureJarResource(immersive_armors)
[26Jul2026 01:32:54.799] [main/DEBUG] [mixin/]: MixinPlatformAgentMinecraftForge rejected container SecureJarResource(immersive_armors)
[26Jul2026 01:32:54.799] [main/DEBUG] [mixin/]: Instancing new MixinPlatformAgentDefault for SecureJarResource(immersive_armors)
[26Jul2026 01:32:54.799] [main/DEBUG] [mixin/]: MixinPlatformAgentDefault accepted container SecureJarResource(immersive_armors)
[26Jul2026 01:32:54.799] [main/DEBUG] [mixin/]: Processing prepare() for PlatformAgent[MixinPlatformAgentDefault:SecureJarResource(immersive_armors)]
[26Jul2026 01:32:54.799] [main/DEBUG] [mixin/]: Registering mixin config: immersive_armors.mixins.json
[26Jul2026 01:32:54.800] [main/DEBUG] [mixin/]: Adding mixin platform agents for container SecureJarResource(usefulslime)
[26Jul2026 01:32:54.803] [main/DEBUG] [mixin/]: Instancing new MixinPlatformAgentMinecraftForge for SecureJarResource(usefulslime)
[26Jul2026 01:32:54.804] [main/DEBUG] [mixin/]: MixinPlatformAgentMinecraftForge rejected container SecureJarResource(usefulslime)
[26Jul2026 01:32:54.804] [main/DEBUG] [mixin/]: Instancing new MixinPlatformAgentDefault for SecureJarResource(usefulslime)
[26Jul2026 01:32:54.804] [main/DEBUG] [mixin/]: MixinPlatformAgentDefault accepted container SecureJarResource(usefulslime)
[26Jul2026 01:32:54.804] [main/DEBUG] [mixin/]: Processing prepare() for PlatformAgent[MixinPlatformAgentDefault:SecureJarResource(usefulslime)]
[26Jul2026 01:32:54.804] [main/DEBUG] [mixin/]: Adding mixin platform agents for container SecureJarResource(cloth_config)
[26Jul2026 01:32:54.807] [main/DEBUG] [mixin/]: Instancing new MixinPlatformAgentMinecraftForge for SecureJarResource(cloth_config)
[26Jul2026 01:32:54.807] [main/DEBUG] [mixin/]: MixinPlatformAgentMinecraftForge rejected container SecureJarResource(cloth_config)
[26Jul2026 01:32:54.807] [main/DEBUG] [mixin/]: Instancing new MixinPlatformAgentDefault for SecureJarResource(cloth_config)
[26Jul2026 01:32:54.807] [main/DEBUG] [mixin/]: MixinPlatformAgentDefault accepted container SecureJarResource(cloth_config)
[26Jul2026 01:32:54.807] [main/DEBUG] [mixin/]: Processing prepare() for PlatformAgent[MixinPlatformAgentDefault:SecureJarResource(cloth_config)]
[26Jul2026 01:32:54.807] [main/DEBUG] [mixin/]: Adding mixin platform agents for container SecureJarResource(forge)
[26Jul2026 01:32:54.807] [main/DEBUG] [mixin/]: Instancing new MixinPlatformAgentMinecraftForge for SecureJarResource(forge)
[26Jul2026 01:32:54.807] [main/DEBUG] [mixin/]: MixinPlatformAgentMinecraftForge rejected container SecureJarResource(forge)
[26Jul2026 01:32:54.807] [main/DEBUG] [mixin/]: Instancing new MixinPlatformAgentDefault for SecureJarResource(forge)
[26Jul2026 01:32:54.807] [main/DEBUG] [mixin/]: MixinPlatformAgentDefault accepted container SecureJarResource(forge)
[26Jul2026 01:32:54.807] [main/DEBUG] [mixin/]: Processing prepare() for PlatformAgent[MixinPlatformAgentDefault:SecureJarResource(forge)]
[26Jul2026 01:32:54.807] [main/DEBUG] [mixin/]: Adding mixin platform agents for container SecureJarResource(expandability)
[26Jul2026 01:32:54.807] [main/DEBUG] [mixin/]: Instancing new MixinPlatformAgentMinecraftForge for SecureJarResource(expandability)
[26Jul2026 01:32:54.807] [main/DEBUG] [mixin/]: MixinPlatformAgentMinecraftForge rejected container SecureJarResource(expandability)
[26Jul2026 01:32:54.807] [main/DEBUG] [mixin/]: Instancing new MixinPlatformAgentDefault for SecureJarResource(expandability)
[26Jul2026 01:32:54.807] [main/DEBUG] [mixin/]: MixinPlatformAgentDefault accepted container SecureJarResource(expandability)
[26Jul2026 01:32:54.808] [main/DEBUG] [mixin/]: Processing prepare() for PlatformAgent[MixinPlatformAgentDefault:SecureJarResource(expandability)]
[26Jul2026 01:32:54.808] [main/DEBUG] [mixin/]: Registering mixin config: expandability.mixins.json
[26Jul2026 01:32:54.809] [main/DEBUG] [mixin/]: Adding mixin platform agents for container SecureJarResource(geckolib3)
[26Jul2026 01:32:54.813] [main/DEBUG] [mixin/]: Instancing new MixinPlatformAgentMinecraftForge for SecureJarResource(geckolib3)
[26Jul2026 01:32:54.813] [main/DEBUG] [mixin/]: MixinPlatformAgentMinecraftForge rejected container SecureJarResource(geckolib3)
[26Jul2026 01:32:54.813] [main/DEBUG] [mixin/]: Instancing new MixinPlatformAgentDefault for SecureJarResource(geckolib3)
[26Jul2026 01:32:54.816] [main/DEBUG] [mixin/]: MixinPlatformAgentDefault accepted container SecureJarResource(geckolib3)
[26Jul2026 01:32:54.816] [main/DEBUG] [mixin/]: Processing prepare() for PlatformAgent[MixinPlatformAgentDefault:SecureJarResource(geckolib3)]
[26Jul2026 01:32:54.816] [main/DEBUG] [mixin/]: Adding mixin platform agents for container SecureJarResource(dungeons_arise)
[26Jul2026 01:32:54.816] [main/DEBUG] [mixin/]: Instancing new MixinPlatformAgentMinecraftForge for SecureJarResource(dungeons_arise)
[26Jul2026 01:32:54.816] [main/DEBUG] [mixin/]: MixinPlatformAgentMinecraftForge rejected container SecureJarResource(dungeons_arise)
[26Jul2026 01:32:54.816] [main/DEBUG] [mixin/]: Instancing new MixinPlatformAgentDefault for SecureJarResource(dungeons_arise)
[26Jul2026 01:32:54.816] [main/DEBUG] [mixin/]: MixinPlatformAgentDefault accepted container SecureJarResource(dungeons_arise)
[26Jul2026 01:32:54.816] [main/DEBUG] [mixin/]: Processing prepare() for PlatformAgent[MixinPlatformAgentDefault:SecureJarResource(dungeons_arise)]
[26Jul2026 01:32:54.816] [main/DEBUG] [mixin/]: Adding mixin platform agents for container SecureJarResource(mixinextras)
[26Jul2026 01:32:54.816] [main/DEBUG] [mixin/]: Instancing new MixinPlatformAgentMinecraftForge for SecureJarResource(mixinextras)
[26Jul2026 01:32:54.817] [main/DEBUG] [mixin/]: MixinPlatformAgentMinecraftForge rejected container SecureJarResource(mixinextras)
[26Jul2026 01:32:54.817] [main/DEBUG] [mixin/]: Instancing new MixinPlatformAgentDefault for SecureJarResource(mixinextras)
[26Jul2026 01:32:54.817] [main/DEBUG] [mixin/]: MixinPlatformAgentDefault accepted container SecureJarResource(mixinextras)
[26Jul2026 01:32:54.817] [main/DEBUG] [mixin/]: Processing prepare() for PlatformAgent[MixinPlatformAgentDefault:SecureJarResource(mixinextras)]
[26Jul2026 01:32:54.817] [main/DEBUG] [mixin/]: Registering mixin config: mixinextras.init.mixins.json
[26Jul2026 01:32:54.822] [main/DEBUG] [mixin/]: Adding mixin platform agents for container SecureJarResource(MixinExtras)
[26Jul2026 01:32:54.822] [main/DEBUG] [mixin/]: Instancing new MixinPlatformAgentMinecraftForge for SecureJarResource(MixinExtras)
[26Jul2026 01:32:54.822] [main/DEBUG] [mixin/]: MixinPlatformAgentMinecraftForge rejected container SecureJarResource(MixinExtras)
[26Jul2026 01:32:54.822] [main/DEBUG] [mixin/]: Instancing new MixinPlatformAgentDefault for SecureJarResource(MixinExtras)
[26Jul2026 01:32:54.822] [main/DEBUG] [mixin/]: MixinPlatformAgentDefault accepted container SecureJarResource(MixinExtras)
[26Jul2026 01:32:54.822] [main/DEBUG] [mixin/]: Processing prepare() for PlatformAgent[MixinPlatformAgentDefault:SecureJarResource(MixinExtras)]
[26Jul2026 01:32:54.823] [main/DEBUG] [mixin/]: inject() running with 40 agents
[26Jul2026 01:32:54.823] [main/DEBUG] [mixin/]: Processing inject() for PlatformAgent[MixinPlatformAgentDefault:ModLauncher Root Container(ModLauncher:4f56a0a2)]
[26Jul2026 01:32:54.823] [main/DEBUG] [mixin/]: Processing inject() for PlatformAgent[MixinPlatformAgentDefault:SecureJarResource(minecraft)]
[26Jul2026 01:32:54.826] [main/DEBUG] [mixin/]: Processing inject() for PlatformAgent[MixinPlatformAgentDefault:SecureJarResource(mowziesmobs)]
[26Jul2026 01:32:54.826] [main/DEBUG] [mixin/]: Processing inject() for PlatformAgent[MixinPlatformAgentDefault:SecureJarResource(terrablender)]
[26Jul2026 01:32:54.826] [main/DEBUG] [mixin/]: Processing inject() for PlatformAgent[MixinPlatformAgentDefault:SecureJarResource(woodarmor)]
[26Jul2026 01:32:54.826] [main/DEBUG] [mixin/]: Processing inject() for PlatformAgent[MixinPlatformAgentDefault:SecureJarResource(alexsmobs)]
[26Jul2026 01:32:54.826] [main/DEBUG] [mixin/]: Processing inject() for PlatformAgent[MixinPlatformAgentDefault:SecureJarResource(biomesoplenty)]
[26Jul2026 01:32:54.826] [main/DEBUG] [mixin/]: Processing inject() for PlatformAgent[MixinPlatformAgentDefault:SecureJarResource(mutantmonsters)]
[26Jul2026 01:32:54.826] [main/DEBUG] [mixin/]: Processing inject() for PlatformAgent[MixinPlatformAgentDefault:SecureJarResource(jei)]
[26Jul2026 01:32:54.826] [main/DEBUG] [mixin/]: Processing inject() for PlatformAgent[MixinPlatformAgentDefault:SecureJarResource(graveyard)]
[26Jul2026 01:32:54.826] [main/DEBUG] [mixin/]: Processing inject() for PlatformAgent[MixinPlatformAgentDefault:SecureJarResource(born_in_chaos_v1)]
[26Jul2026 01:32:54.826] [main/DEBUG] [mixin/]: Processing inject() for PlatformAgent[MixinPlatformAgentDefault:SecureJarResource(incendium)]
[26Jul2026 01:32:54.826] [main/DEBUG] [mixin/]: Processing inject() for PlatformAgent[MixinPlatformAgentDefault:SecureJarResource(sophisticatedcore)]
[26Jul2026 01:32:54.826] [main/DEBUG] [mixin/]: Processing inject() for PlatformAgent[MixinPlatformAgentDefault:SecureJarResource(curios)]
[26Jul2026 01:32:54.827] [main/DEBUG] [mixin/]: Processing inject() for PlatformAgent[MixinPlatformAgentDefault:SecureJarResource(insanelib)]
[26Jul2026 01:32:54.827] [main/DEBUG] [mixin/]: Processing inject() for PlatformAgent[MixinPlatformAgentDefault:SecureJarResource(ecologics)]
[26Jul2026 01:32:54.827] [main/DEBUG] [mixin/]: Processing inject() for PlatformAgent[MixinPlatformAgentDefault:SecureJarResource(spartanshields)]
[26Jul2026 01:32:54.827] [main/DEBUG] [mixin/]: Processing inject() for PlatformAgent[MixinPlatformAgentDefault:SecureJarResource(structory)]
[26Jul2026 01:32:54.827] [main/DEBUG] [mixin/]: Processing inject() for PlatformAgent[MixinPlatformAgentDefault:SecureJarResource(journeymap)]
[26Jul2026 01:32:54.827] [main/DEBUG] [mixin/]: Processing inject() for PlatformAgent[MixinPlatformAgentDefault:SecureJarResource(citadel)]
[26Jul2026 01:32:54.827] [main/DEBUG] [mixin/]: Processing inject() for PlatformAgent[MixinPlatformAgentDefault:SecureJarResource(artifacts)]
[26Jul2026 01:32:54.827] [main/DEBUG] [mixin/]: Processing inject() for PlatformAgent[MixinPlatformAgentDefault:SecureJarResource(champions)]
[26Jul2026 01:32:54.827] [main/DEBUG] [mixin/]: Processing inject() for PlatformAgent[MixinPlatformAgentDefault:SecureJarResource(betteranimalsplus)]
[26Jul2026 01:32:54.830] [main/DEBUG] [mixin/]: Processing inject() for PlatformAgent[MixinPlatformAgentDefault:SecureJarResource(tombstone)]
[26Jul2026 01:32:54.830] [main/DEBUG] [mixin/]: Processing inject() for PlatformAgent[MixinPlatformAgentDefault:SecureJarResource(sophisticatedbackpacks)]
[26Jul2026 01:32:54.831] [main/DEBUG] [mixin/]: Processing inject() for PlatformAgent[MixinPlatformAgentDefault:SecureJarResource(spartanweaponry)]
[26Jul2026 01:32:54.831] [main/DEBUG] [mixin/]: Processing inject() for PlatformAgent[MixinPlatformAgentDefault:SecureJarResource(architectury)]
[26Jul2026 01:32:54.831] [main/DEBUG] [mixin/]: Processing inject() for PlatformAgent[MixinPlatformAgentDefault:SecureJarResource(progressivebosses)]
[26Jul2026 01:32:54.831] [main/DEBUG] [mixin/]: Processing inject() for PlatformAgent[MixinPlatformAgentDefault:SecureJarResource(iceandfire)]
[26Jul2026 01:32:54.831] [main/DEBUG] [mixin/]: Processing inject() for PlatformAgent[MixinPlatformAgentDefault:SecureJarResource(bosses_of_mass_destruction)]
[26Jul2026 01:32:54.831] [main/DEBUG] [mixin/]: Processing inject() for PlatformAgent[MixinPlatformAgentDefault:SecureJarResource(puzzleslib)]
[26Jul2026 01:32:54.831] [main/DEBUG] [mixin/]: Processing inject() for PlatformAgent[MixinPlatformAgentDefault:SecureJarResource(immersive_armors)]
[26Jul2026 01:32:54.831] [main/DEBUG] [mixin/]: Processing inject() for PlatformAgent[MixinPlatformAgentDefault:SecureJarResource(usefulslime)]
[26Jul2026 01:32:54.831] [main/DEBUG] [mixin/]: Processing inject() for PlatformAgent[MixinPlatformAgentDefault:SecureJarResource(cloth_config)]
[26Jul2026 01:32:54.831] [main/DEBUG] [mixin/]: Processing inject() for PlatformAgent[MixinPlatformAgentDefault:SecureJarResource(forge)]
[26Jul2026 01:32:54.831] [main/DEBUG] [mixin/]: Processing inject() for PlatformAgent[MixinPlatformAgentDefault:SecureJarResource(expandability)]
[26Jul2026 01:32:54.831] [main/DEBUG] [mixin/]: Processing inject() for PlatformAgent[MixinPlatformAgentDefault:SecureJarResource(geckolib3)]
[26Jul2026 01:32:54.831] [main/DEBUG] [mixin/]: Processing inject() for PlatformAgent[MixinPlatformAgentDefault:SecureJarResource(dungeons_arise)]
[26Jul2026 01:32:54.831] [main/DEBUG] [mixin/]: Processing inject() for PlatformAgent[MixinPlatformAgentDefault:SecureJarResource(mixinextras)]
[26Jul2026 01:32:54.831] [main/DEBUG] [mixin/]: Processing inject() for PlatformAgent[MixinPlatformAgentDefault:SecureJarResource(MixinExtras)]
[26Jul2026 01:32:54.832] [main/INFO] [cpw.mods.modlauncher.LaunchServiceHandler/MODLAUNCHER]: Launching target 'forgeserver' with arguments [nogui]
[26Jul2026 01:32:54.913] [main/DEBUG] [mixin/]: Error cleaning class output directory: .mixin.out
[26Jul2026 01:32:54.917] [main/DEBUG] [mixin/]: Preparing mixins for MixinEnvironment[DEFAULT]
[26Jul2026 01:32:54.918] [main/DEBUG] [mixin/]: Selecting config terrablender.mixins.json
[26Jul2026 01:32:54.928] [main/DEBUG] [mixin/]: Selecting config terrablender_forge.mixins.json
[26Jul2026 01:32:54.930] [main/DEBUG] [mixin/]: Selecting config mutantmonsters.common.mixins.json
[26Jul2026 01:32:54.948] [main/DEBUG] [mixin/]: Selecting config graveyard.mixins.json
[26Jul2026 01:32:54.957] [main/DEBUG] [mixin/]: Selecting config curios.mixins.json
[26Jul2026 01:32:54.959] [main/DEBUG] [mixin/]: Selecting config insanelib.mixins.json
[26Jul2026 01:32:54.968] [main/WARN] [mixin/]: Reference map 'insanelib.refmap.json' for insanelib.mixins.json could not be read. If this is a development environment you can ignore this message
[26Jul2026 01:32:54.969] [main/DEBUG] [mixin/]: Selecting config ecologics-common.mixins.json
[26Jul2026 01:32:54.970] [main/DEBUG] [mixin/]: Selecting config ecologics.mixins.json
[26Jul2026 01:32:54.971] [main/DEBUG] [mixin/]: Selecting config journeymap.mixins.json
[26Jul2026 01:32:54.972] [main/DEBUG] [mixin/]: Selecting config citadel.mixins.json
[26Jul2026 01:32:54.973] [main/DEBUG] [mixin/]: Selecting config mixins.artifacts.json
[26Jul2026 01:32:54.975] [main/DEBUG] [mixin/]: Selecting config mixin.imdlib-betteranimalsplus.json
[26Jul2026 01:32:54.980] [main/DEBUG] [mixin/]: Selecting config betteranimalsplus.mixins.json
[26Jul2026 01:32:54.983] [main/DEBUG] [mixin/]: Selecting config betteranimalsplus-forge.mixins.json
[26Jul2026 01:32:54.984] [main/DEBUG] [mixin/]: Selecting config tombstone.mixins.json
[26Jul2026 01:32:54.985] [main/DEBUG] [mixin/]: Selecting config spartanweaponry.mixins.json
[26Jul2026 01:32:54.986] [main/DEBUG] [mixin/]: Selecting config architectury.mixins.json
[26Jul2026 01:32:54.988] [main/DEBUG] [mixin/]: Selecting config architectury-common.mixins.json
[26Jul2026 01:32:54.989] [main/DEBUG] [mixin/]: Selecting config progressivebosses.mixins.json
[26Jul2026 01:32:54.991] [main/DEBUG] [mixin/]: Selecting config iceandfire.mixins.json
[26Jul2026 01:32:54.992] [main/DEBUG] [mixin/]: Selecting config mixins.bosses_of_mass_destruction.json
[26Jul2026 01:32:54.993] [main/DEBUG] [mixin/]: Selecting config puzzleslib.common.mixins.json
[26Jul2026 01:32:54.997] [main/DEBUG] [mixin/]: Selecting config puzzleslib.forge.mixins.json
[26Jul2026 01:32:54.998] [main/DEBUG] [mixin/]: Selecting config immersive_armors.mixins.json
[26Jul2026 01:32:54.999] [main/DEBUG] [mixin/]: Selecting config expandability.mixins.json
[26Jul2026 01:32:55.000] [main/DEBUG] [mixin/]: Selecting config mixinextras.init.mixins.json
[26Jul2026 01:32:55.040] [main/DEBUG] [MixinExtras|Service/]: com.llamalad7.mixinextras.service.MixinExtrasServiceImpl(version=0.3.5) is taking over from null
[26Jul2026 01:32:55.099] [main/DEBUG] [mixin/]: Registering new injector for @Inject with org.spongepowered.asm.mixin.injection.struct.CallbackInjectionInfo
[26Jul2026 01:32:55.104] [main/DEBUG] [mixin/]: Registering new injector for @ModifyArg with org.spongepowered.asm.mixin.injection.struct.ModifyArgInjectionInfo
[26Jul2026 01:32:55.105] [main/DEBUG] [mixin/]: Registering new injector for @ModifyArgs with org.spongepowered.asm.mixin.injection.struct.ModifyArgsInjectionInfo
[26Jul2026 01:32:55.113] [main/DEBUG] [mixin/]: Registering new injector for @Redirect with org.spongepowered.asm.mixin.injection.struct.RedirectInjectionInfo
[26Jul2026 01:32:55.117] [main/DEBUG] [mixin/]: Registering new injector for @ModifyVariable with org.spongepowered.asm.mixin.injection.struct.ModifyVariableInjectionInfo
[26Jul2026 01:32:55.121] [main/DEBUG] [mixin/]: Registering new injector for @ModifyConstant with org.spongepowered.asm.mixin.injection.struct.ModifyConstantInjectionInfo
[26Jul2026 01:32:55.152] [main/DEBUG] [mixin/]: Preparing terrablender.mixins.json (4)
[26Jul2026 01:32:55.217] [main/DEBUG] [mixin/]: Preparing terrablender_forge.mixins.json (1)
[26Jul2026 01:32:55.229] [main/DEBUG] [mixin/]: Preparing mutantmonsters.common.mixins.json (3)
[26Jul2026 01:32:55.246] [main/DEBUG] [mixin/]: Preparing graveyard.mixins.json (9)
[26Jul2026 01:32:55.337] [main/DEBUG] [mixin/]: Preparing curios.mixins.json (6)
[26Jul2026 01:32:55.413] [main/DEBUG] [mixin/]: Preparing insanelib.mixins.json (0)
[26Jul2026 01:32:55.416] [main/DEBUG] [mixin/]: Preparing ecologics-common.mixins.json (3)
[26Jul2026 01:32:55.424] [main/DEBUG] [mixin/]: Preparing ecologics.mixins.json (2)
[26Jul2026 01:32:55.434] [main/DEBUG] [mixin/]: Preparing journeymap.mixins.json (2)
[26Jul2026 01:32:55.434] [main/DEBUG] [mixin/]: Preparing citadel.mixins.json (5)
[26Jul2026 01:32:55.453] [main/DEBUG] [mixin/]: Preparing mixins.artifacts.json (8)
[26Jul2026 01:32:55.500] [main/DEBUG] [mixin/]: Preparing mixin.imdlib-betteranimalsplus.json (5)
[26Jul2026 01:32:55.514] [main/DEBUG] [mixin/]: Preparing betteranimalsplus.mixins.json (7)
[26Jul2026 01:32:55.532] [main/DEBUG] [mixin/]: Preparing betteranimalsplus-forge.mixins.json (1)
[26Jul2026 01:32:55.533] [main/DEBUG] [mixin/]: Preparing tombstone.mixins.json (27)
[26Jul2026 01:32:55.565] [main/DEBUG] [net.minecraftforge.coremod.transformer.CoreModBaseTransformer/COREMOD]: Transforming net/minecraft/world/item/ItemStack
[26Jul2026 01:32:55.673] [main/DEBUG] [mixin/]: Preparing spartanweaponry.mixins.json (7)
[26Jul2026 01:32:55.685] [main/DEBUG] [mixin/]: Preparing architectury.mixins.json (9)
[26Jul2026 01:32:55.698] [main/DEBUG] [mixin/]: Preparing architectury-common.mixins.json (9)
[26Jul2026 01:32:55.705] [main/DEBUG] [net.minecraftforge.coremod.transformer.CoreModBaseTransformer/COREMOD]: Transforming net/minecraft/world/item/BucketItem
[26Jul2026 01:32:55.717] [main/DEBUG] [net.minecraftforge.coremod.transformer.CoreModBaseTransformer/COREMOD]: Transforming net/minecraft/world/level/block/LiquidBlock
[26Jul2026 01:32:55.725] [main/DEBUG] [mixin/]: Preparing progressivebosses.mixins.json (13)
[26Jul2026 01:32:55.746] [main/DEBUG] [mixin/]: Preparing iceandfire.mixins.json (2)
[26Jul2026 01:32:55.748] [main/DEBUG] [mixin/]: Preparing mixins.bosses_of_mass_destruction.json (14)
[26Jul2026 01:32:55.768] [main/DEBUG] [mixin/]: Preparing puzzleslib.common.mixins.json (3)
[26Jul2026 01:32:55.769] [main/DEBUG] [mixin/]: Preparing puzzleslib.forge.mixins.json (13)
[26Jul2026 01:32:55.777] [main/DEBUG] [mixin/]: Preparing immersive_armors.mixins.json (10)
[26Jul2026 01:32:55.781] [main/DEBUG] [mixin/]: Preparing expandability.mixins.json (9)
[26Jul2026 01:32:55.786] [main/DEBUG] [mixin/]: Preparing mixinextras.init.mixins.json (0)
[26Jul2026 01:32:55.873] [main/DEBUG] [mixin/]: Inner class immersive_armors/mixin/MobEntityMixin$1 in immersive_armors/mixin/MobEntityMixin on net/minecraft/world/entity/Mob gets unique name net/minecraft/world/entity/Mob$Anonymous$2efa327d43004d69901291c229029423
[26Jul2026 01:32:55.884] [main/DEBUG] [mixin/]: Prepared 131 mixins in 0.959 sec (7.3ms avg) (0ms load, 0ms transform, 0ms plugin)
[26Jul2026 01:32:55.910] [main/INFO] [MixinExtras|Service/]: Initializing MixinExtras via com.llamalad7.mixinextras.service.MixinExtrasServiceImpl(version=0.3.5).
[26Jul2026 01:32:55.911] [main/DEBUG] [mixin/]: Registering new injector for @SugarWrapper with com.llamalad7.mixinextras.sugar.impl.SugarWrapperInjectionInfo
[26Jul2026 01:32:55.912] [main/DEBUG] [mixin/]: Registering new injector for @FactoryRedirectWrapper with com.llamalad7.mixinextras.wrapper.factory.FactoryRedirectWrapperInjectionInfo
[26Jul2026 01:32:55.919] [main/DEBUG] [mixin/]: Mixing DedicatedServerMixin from tombstone.mixins.json into net.minecraft.server.dedicated.DedicatedServer
[26Jul2026 01:32:56.025] [main/DEBUG] [io.netty.util.internal.logging.InternalLoggerFactory/]: Using SLF4J as the default logging framework
[26Jul2026 01:32:56.027] [main/DEBUG] [io.netty.util.ResourceLeakDetector/]: -Dio.netty.leakDetection.level: simple
[26Jul2026 01:32:56.028] [main/DEBUG] [io.netty.util.ResourceLeakDetector/]: -Dio.netty.leakDetection.targetRecords: 4
[26Jul2026 01:32:56.199] [main/DEBUG] [oshi.util.FileUtil/]: No oshi.properties file found from ClassLoader cpw.mods.modlauncher.TransformingClassLoader@27755487
[26Jul2026 01:32:56.200] [main/DEBUG] [oshi.util.FileUtil/]: No oshi.properties file found from ClassLoader jdk.internal.loader.ClassLoaders$AppClassLoader@76ed5528
[26Jul2026 01:32:56.267] [main/DEBUG] [oshi.util.FileUtil/]: Reading file /proc/cpuinfo
[26Jul2026 01:32:56.270] [main/DEBUG] [oshi.util.FileUtil/]: Reading file /proc/cpuinfo
[26Jul2026 01:32:56.316] [main/DEBUG] [oshi.util.FileUtil/]: No oshi.architecture.properties file found from ClassLoader cpw.mods.modlauncher.TransformingClassLoader@27755487
[26Jul2026 01:32:56.316] [main/DEBUG] [oshi.util.FileUtil/]: No oshi.architecture.properties file found from ClassLoader jdk.internal.loader.ClassLoaders$AppClassLoader@76ed5528
[26Jul2026 01:32:56.394] [main/DEBUG] [oshi.util.FileUtil/]: Reading file /proc/meminfo
[26Jul2026 01:32:56.396] [main/DEBUG] [oshi.util.FileUtil/]: Reading file /proc/meminfo
[26Jul2026 01:32:56.403] [main/DEBUG] [mixin/]: Mixing UtilMixin from mixin.imdlib-betteranimalsplus.json into net.minecraft.Util
[26Jul2026 01:32:56.564] [main/DEBUG] [mixin/]: Mixing inject.MixinGameEvent from architectury-common.mixins.json into net.minecraft.world.level.gameevent.GameEvent
[26Jul2026 01:32:56.606] [main/DEBUG] [mixin/]: Mixing inject.MixinBlock from architectury-common.mixins.json into net.minecraft.world.level.block.Block
[26Jul2026 01:32:56.681] [main/DEBUG] [mixin/]: Mixing item.aquadashers.EntityMixin from mixins.artifacts.json into net.minecraft.world.entity.Entity
[26Jul2026 01:32:56.682] [main/DEBUG] [mixin/]: mixins.artifacts.json:item.aquadashers.EntityMixin: Class version 61 required is higher than the class version supported by the current version of Mixin (JAVA_8 supports class version 52)
[26Jul2026 01:32:56.692] [main/DEBUG] [net.minecraftforge.coremod.transformer.CoreModBaseTransformer/COREMOD]: Transforming net/minecraftforge/registries/RegistryObject
[26Jul2026 01:32:56.888] [main/DEBUG] [mixin/]: Mixing item.umbrella.EntityMixin from mixins.artifacts.json into net.minecraft.world.entity.Entity
[26Jul2026 01:32:56.888] [main/DEBUG] [mixin/]: mixins.artifacts.json:item.umbrella.EntityMixin: Class version 61 required is higher than the class version supported by the current version of Mixin (JAVA_8 supports class version 52)
[26Jul2026 01:32:56.898] [main/DEBUG] [mixin/]: Mixing EntityMixin from tombstone.mixins.json into net.minecraft.world.entity.Entity
[26Jul2026 01:32:56.913] [main/DEBUG] [mixin/]: Mixing EntityMixin from spartanweaponry.mixins.json into net.minecraft.world.entity.Entity
[26Jul2026 01:32:56.914] [main/DEBUG] [mixin/]: Mixing multipart_entities.MixinEntity from mixins.bosses_of_mass_destruction.json into net.minecraft.world.entity.Entity
[26Jul2026 01:32:56.920] [main/DEBUG] [mixin/]: Mixing fluidcollision.EntityMixin from expandability.mixins.json into net.minecraft.world.entity.Entity
[26Jul2026 01:32:56.980] [main/DEBUG] [mixin/]: Mixing swimming.EntityMixin from expandability.mixins.json into net.minecraft.world.entity.Entity
[26Jul2026 01:32:56.981] [main/DEBUG] [mixin/]: Renaming synthetic method lambda$setInFluidState$0(Lnet/minecraft/world/level/material/FluidState;Lnet/minecraft/tags/TagKey;)Ljava/lang/Boolean; to mddf2dc6$lambda$setInFluidState$0$0 in expandability.mixins.json:swimming.EntityMixin
[26Jul2026 01:32:57.217] [main/DEBUG] [mixin/]: Mixing MixinLivingEntity from curios.mixins.json into net.minecraft.world.entity.LivingEntity
[26Jul2026 01:32:57.222] [main/DEBUG] [mixin/]: Mixing LivingEntityMixin from ecologics-common.mixins.json into net.minecraft.world.entity.LivingEntity
[26Jul2026 01:32:57.229] [main/DEBUG] [mixin/]: Mixing LivingEntityMixin from citadel.mixins.json into net.minecraft.world.entity.LivingEntity
[26Jul2026 01:32:57.251] [main/DEBUG] [mixin/]: Mixing LivingEntityMixin from tombstone.mixins.json into net.minecraft.world.entity.LivingEntity
[26Jul2026 01:32:57.259] [main/DEBUG] [mixin/]: Mixing LivingEntityMixin from spartanweaponry.mixins.json into net.minecraft.world.entity.LivingEntity
[26Jul2026 01:32:57.271] [main/DEBUG] [mixin/]: Mixing LivingEntityMixin from mixins.bosses_of_mass_destruction.json into net.minecraft.world.entity.LivingEntity
[26Jul2026 01:32:57.273] [main/DEBUG] [mixin/]: Mixing MixinLivingEntity from immersive_armors.mixins.json into net.minecraft.world.entity.LivingEntity
[26Jul2026 01:32:57.297] [main/DEBUG] [mixin/]: Mixing swimming.LivingEntityMixin from expandability.mixins.json into net.minecraft.world.entity.LivingEntity
[26Jul2026 01:32:57.299] [main/DEBUG] [mixin/]: Renaming synthetic method lambda$setFluidHeight$0(Lnet/minecraft/world/entity/player/Player;Lnet/minecraft/tags/TagKey;)Ljava/lang/Double; to mddf2dc6$lambda$setFluidHeight$0$0 in expandability.mixins.json:swimming.LivingEntityMixin
[26Jul2026 01:32:57.580] [main/DEBUG] [mixin/]: Mixing ExplosionMixin from mixins.bosses_of_mass_destruction.json into net.minecraft.server.level.ServerLevel
[26Jul2026 01:32:57.653] [main/DEBUG] [mixin/]: Mixing ItemEntityMixin from progressivebosses.mixins.json into net.minecraft.world.entity.item.ItemEntity
[26Jul2026 01:32:57.654] [main/DEBUG] [mixin/]: progressivebosses.mixins.json:ItemEntityMixin: Class version 61 required is higher than the class version supported by the current version of Mixin (JAVA_8 supports class version 52)
[26Jul2026 01:32:57.695] [main/DEBUG] [mixin/]: Mixing PlayerMixin from tombstone.mixins.json into net.minecraft.world.entity.player.Player
[26Jul2026 01:32:57.697] [main/DEBUG] [mixin/]: Mixing PlayerMixin from spartanweaponry.mixins.json into net.minecraft.world.entity.player.Player
[26Jul2026 01:32:57.719] [main/DEBUG] [mixin/]: Mixing swimming.PlayerMixin from expandability.mixins.json into net.minecraft.world.entity.player.Player
[26Jul2026 01:32:57.721] [main/DEBUG] [mixin/]: Renaming synthetic method lambda$setEyeInFluid$0(Lnet/minecraft/world/entity/player/Player;Lnet/minecraft/tags/TagKey;)Ljava/lang/Boolean; to mddf2dc6$lambda$setEyeInFluid$0$0 in expandability.mixins.json:swimming.PlayerMixin
[26Jul2026 01:32:57.865] [main/DEBUG] [mixin/]: Mixing inject.MixinFluid from architectury-common.mixins.json into net.minecraft.world.level.material.Fluid
[26Jul2026 01:32:57.874] [main/DEBUG] [mixin/]: Mixing ItemMixin from tombstone.mixins.json into net.minecraft.world.item.Item
[26Jul2026 01:32:57.874] [main/DEBUG] [mixin/]: Renaming synthetic method lambda$methodIsFoil$1(Lnet/minecraft/world/item/ItemStack;Lovh/corail/tombstone/api/capability/ISoulConsumer;)Ljava/lang/Boolean; to mddf2dc6$lambda$methodIsFoil$1$0 in tombstone.mixins.json:ItemMixin
[26Jul2026 01:32:57.875] [main/DEBUG] [mixin/]: Renaming synthetic method lambda$methodGetName$0(Lnet/minecraft/world/item/ItemStack;Lovh/corail/tombstone/api/capability/ISoulConsumer;)Ljava/lang/Boolean; to mddf2dc6$lambda$methodGetName$0$1 in tombstone.mixins.json:ItemMixin
[26Jul2026 01:32:57.885] [main/DEBUG] [net.minecraftforge.coremod.transformer.CoreModBaseTransformer/COREMOD]: Transforming net/minecraft/world/effect/MobEffectInstance
[26Jul2026 01:32:57.903] [main/DEBUG] [mixin/]: Mixing inject.MixinItem from architectury-common.mixins.json into net.minecraft.world.item.Item
[26Jul2026 01:32:57.903] [main/DEBUG] [mixin/]: Mixing accessor.ItemAccessor from puzzleslib.common.mixins.json into net.minecraft.world.item.Item
[26Jul2026 01:32:57.941] [main/DEBUG] [mixin/]: Mixing inject.MixinEntityType from architectury-common.mixins.json into net.minecraft.world.entity.EntityType
[26Jul2026 01:32:57.981] [main/DEBUG] [mixin/]: Mixing StructureFeatureAccessor from graveyard.mixins.json into net.minecraft.world.level.levelgen.feature.StructureFeature
[26Jul2026 01:32:57.981] [main/DEBUG] [mixin/]: graveyard.mixins.json:StructureFeatureAccessor: Class version 61 required is higher than the class version supported by the current version of Mixin (JAVA_8 supports class version 52)
[26Jul2026 01:32:57.981] [main/DEBUG] [mixin/]: Renaming @Accessor method getStructureToGenerationStep()Ljava/util/Map; to getStructureToGenerationStep_$md$df2dc6$0 in graveyard.mixins.json:StructureFeatureAccessor
[26Jul2026 01:32:58.071] [main/DEBUG] [mixin/]: Mixing MixinNoiseGeneratorSettings from terrablender.mixins.json into net.minecraft.world.level.levelgen.NoiseGeneratorSettings
[26Jul2026 01:32:58.108] [main/DEBUG] [mixin/]: Mixing MixinBiomeSource from terrablender_forge.mixins.json into net.minecraft.world.level.biome.BiomeSource
[26Jul2026 01:32:58.110] [main/DEBUG] [mixin/]: Renaming synthetic method lambda$updateFeaturesPerStep$0()Ljava/util/List; to mddf2dc6$lambda$updateFeaturesPerStep$0$0 in terrablender_forge.mixins.json:MixinBiomeSource
[26Jul2026 01:32:58.144] [main/DEBUG] [mixin/]: Mixing MixinMultiNoiseBiomeSource from terrablender.mixins.json into net.minecraft.world.level.biome.MultiNoiseBiomeSource
[26Jul2026 01:32:58.151] [main/DEBUG] [mixin/]: Mixing ChunkGeneratorMixin from citadel.mixins.json into net.minecraft.world.level.chunk.ChunkGenerator
[26Jul2026 01:32:58.265] [main/DEBUG] [net.minecraftforge.coremod.transformer.CoreModBaseTransformer/COREMOD]: Transforming net/minecraft/world/level/block/LiquidBlock
[26Jul2026 01:32:58.266] [main/DEBUG] [mixin/]: Mixing inject.MixinLiquidBlock from architectury-common.mixins.json into net.minecraft.world.level.block.LiquidBlock
[26Jul2026 01:32:58.307] [main/DEBUG] [mixin/]: Mixing FireBlockAccessor from ecologics.mixins.json into net.minecraft.world.level.block.FireBlock
[26Jul2026 01:32:58.308] [main/DEBUG] [mixin/]: Mixing accessor.FireBlockForgeAccessor from puzzleslib.forge.mixins.json into net.minecraft.world.level.block.FireBlock
[26Jul2026 01:32:58.315] [main/DEBUG] [net.minecraftforge.coremod.transformer.CoreModBaseTransformer/COREMOD]: Transforming net/minecraft/world/level/block/StairBlock
[26Jul2026 01:32:58.322] [main/DEBUG] [mixin/]: Mixing ChestBlockMixin from tombstone.mixins.json into net.minecraft.world.level.block.ChestBlock
[26Jul2026 01:32:58.361] [main/DEBUG] [mixin/]: Mixing IceBlockMixin from mixins.bosses_of_mass_destruction.json into net.minecraft.world.level.block.IceBlock
[26Jul2026 01:32:58.440] [main/DEBUG] [net.minecraftforge.coremod.transformer.CoreModBaseTransformer/COREMOD]: Transforming net/minecraft/world/level/block/FlowerPotBlock
[26Jul2026 01:32:58.467] [main/DEBUG] [mixin/]: Mixing CarpetBlockMixin from ecologics-common.mixins.json into net.minecraft.world.level.block.CarpetBlock
[26Jul2026 01:32:58.537] [main/DEBUG] [mixin/]: Mixing swimming.BubbleColumnBlockMixin from expandability.mixins.json into net.minecraft.world.level.block.BubbleColumnBlock
[26Jul2026 01:32:58.676] [main/DEBUG] [mixin/]: Mixing MixinPowderSnowBlock from curios.mixins.json into net.minecraft.world.level.block.PowderSnowBlock
[26Jul2026 01:32:59.027] [main/DEBUG] [mixin/]: Mixing multipart_entities.MixinVoxelShapes from mixins.bosses_of_mass_destruction.json into net.minecraft.world.phys.shapes.Shapes
[26Jul2026 01:32:59.044] [main/DEBUG] [mixin/]: Mixing multipart_entities.MixinVoxelShape from mixins.bosses_of_mass_destruction.json into net.minecraft.world.phys.shapes.VoxelShape
[26Jul2026 01:32:59.049] [main/DEBUG] [mixin/]: Mixing multipart_entities.InvokerArrayVoxelShape from mixins.bosses_of_mass_destruction.json into net.minecraft.world.phys.shapes.ArrayVoxelShape
[26Jul2026 01:32:59.050] [main/DEBUG] [mixin/]: Renaming @Invoker method init(Lnet/minecraft/world/phys/shapes/DiscreteVoxelShape;Lit/unimi/dsi/fastutil/doubles/DoubleList;Lit/unimi/dsi/fastutil/doubles/DoubleList;Lit/unimi/dsi/fastutil/doubles/DoubleList;)Lnet/minecraft/world/phys/shapes/ArrayVoxelShape; to init_$md$df2dc6$0 in mixins.bosses_of_mass_destruction.json:multipart_entities.InvokerArrayVoxelShape
[26Jul2026 01:32:59.399] [main/DEBUG] [net.minecraftforge.coremod.transformer.CoreModBaseTransformer/COREMOD]: Transforming net/minecraftforge/registries/RegistryObject
[26Jul2026 01:32:59.723] [main/DEBUG] [mixin/]: Mixing multipart_entities.MixinBox from mixins.bosses_of_mass_destruction.json into net.minecraft.world.phys.AABB
[26Jul2026 01:32:59.754] [main/DEBUG] [mixin/]: Mixing MobAccessor from betteranimalsplus.mixins.json into net.minecraft.world.entity.Mob
[26Jul2026 01:32:59.755] [main/DEBUG] [mixin/]: Mixing MobMixin from tombstone.mixins.json into net.minecraft.world.entity.Mob
[26Jul2026 01:32:59.757] [main/DEBUG] [mixin/]: Renaming synthetic method lambda$methodSetTarget$2(Lnet/minecraft/world/entity/LivingEntity;Ljava/util/UUID;)Ljava/lang/Boolean; to mddf2dc6$lambda$methodSetTarget$2$0 in tombstone.mixins.json:MobMixin
[26Jul2026 01:32:59.757] [main/DEBUG] [mixin/]: Renaming synthetic method lambda$methodCanBeLeashed$1(Lnet/minecraft/world/entity/player/Player;Ljava/util/UUID;)Ljava/lang/Boolean; to mddf2dc6$lambda$methodCanBeLeashed$1$1 in tombstone.mixins.json:MobMixin
[26Jul2026 01:32:59.758] [main/DEBUG] [mixin/]: Renaming synthetic method lambda$methodTick$0(Lnet/minecraft/world/entity/Mob;Lovh/corail/tombstone/api/capability/ISpellCaster;)V to mddf2dc6$lambda$methodTick$0$2 in tombstone.mixins.json:MobMixin
[26Jul2026 01:32:59.771] [main/DEBUG] [mixin/]: Mixing MobMixin from spartanweaponry.mixins.json into net.minecraft.world.entity.Mob
[26Jul2026 01:32:59.773] [main/DEBUG] [mixin/]: Mixing MobMixin from puzzleslib.common.mixins.json into net.minecraft.world.entity.Mob
[26Jul2026 01:32:59.779] [main/DEBUG] [mixin/]: Mixing MobEntityMixin from immersive_armors.mixins.json into net.minecraft.world.entity.Mob
[26Jul2026 01:32:59.846] [main/DEBUG] [mixin/]: Mixing MonsterMixin from tombstone.mixins.json into net.minecraft.world.entity.monster.Monster
[26Jul2026 01:32:59.923] [main/DEBUG] [net.minecraftforge.coremod.transformer.CoreModBaseTransformer/COREMOD]: Transforming net/minecraft/world/item/ItemStack
[26Jul2026 01:32:59.925] [main/DEBUG] [mixin/]: Mixing ItemStackMixin from tombstone.mixins.json into net.minecraft.world.item.ItemStack
[26Jul2026 01:33:00.200] [main/DEBUG] [mixin/]: Mixing ProjectileMixin from spartanweaponry.mixins.json into net.minecraft.world.entity.projectile.Projectile
[26Jul2026 01:33:00.201] [main/DEBUG] [mixin/]: Mixing multipart_entities.MixinProjectile from mixins.bosses_of_mass_destruction.json into net.minecraft.world.entity.projectile.Projectile
[26Jul2026 01:33:00.655] [main/DEBUG] [mixin/]: Mixing SmithingMenuMixin from citadel.mixins.json into net.minecraft.world.inventory.SmithingMenu
[26Jul2026 01:33:00.876] [main/DEBUG] [mixin/]: Mixing MixinLightningBolt from architectury-common.mixins.json into net.minecraft.world.entity.LightningBolt
[26Jul2026 01:33:00.901] [main/DEBUG] [mixin/]: Mixing AzaleaTreeGrowerMixin from ecologics-common.mixins.json into net.minecraft.world.level.block.grower.AzaleaTreeGrower
[26Jul2026 01:33:01.043] [main/DEBUG] [mixin/]: Mixing TreeFeatureMixin from graveyard.mixins.json into net.minecraft.world.level.levelgen.feature.TreeFeature
[26Jul2026 01:33:01.045] [main/DEBUG] [mixin/]: graveyard.mixins.json:TreeFeatureMixin: Class version 61 required is higher than the class version supported by the current version of Mixin (JAVA_8 supports class version 52)
[26Jul2026 01:33:01.071] [main/DEBUG] [mixin/]: Mixing LakeFeatureMixin from graveyard.mixins.json into net.minecraft.world.level.levelgen.feature.LakeFeature
[26Jul2026 01:33:01.071] [main/DEBUG] [mixin/]: graveyard.mixins.json:LakeFeatureMixin: Class version 61 required is higher than the class version supported by the current version of Mixin (JAVA_8 supports class version 52)
[26Jul2026 01:33:01.075] [main/DEBUG] [mixin/]: Mixing NoLakesInStructuresMixin from iceandfire.mixins.json into net.minecraft.world.level.levelgen.feature.LakeFeature
[26Jul2026 01:33:01.918] [main/DEBUG] [mixin/]: Mixing AbstractArrowMixin from spartanweaponry.mixins.json into net.minecraft.world.entity.projectile.AbstractArrow
[26Jul2026 01:33:01.963] [main/DEBUG] [mixin/]: Mixing HurtByTargetGoalMixin from tombstone.mixins.json into net.minecraft.world.entity.ai.goal.target.HurtByTargetGoal
[26Jul2026 01:33:01.967] [main/DEBUG] [mixin/]: Mixing accessor.TargetGoalAccessor from tombstone.mixins.json into net.minecraft.world.entity.ai.goal.target.TargetGoal
[26Jul2026 01:33:01.969] [main/DEBUG] [mixin/]: Mixing MixinFollowTargetGoal from immersive_armors.mixins.json into net.minecraft.world.entity.ai.goal.target.NearestAttackableTargetGoal
[26Jul2026 01:33:02.005] [main/DEBUG] [mixin/]: Mixing CreeperEntityMixin from graveyard.mixins.json into net.minecraft.world.entity.monster.Creeper
[26Jul2026 01:33:02.005] [main/DEBUG] [mixin/]: graveyard.mixins.json:CreeperEntityMixin: Class version 61 required is higher than the class version supported by the current version of Mixin (JAVA_8 supports class version 52)
[26Jul2026 01:33:02.023] [main/DEBUG] [mixin/]: Mixing DragonFireballMixin from progressivebosses.mixins.json into net.minecraft.world.entity.projectile.DragonFireball
[26Jul2026 01:33:02.024] [main/DEBUG] [mixin/]: progressivebosses.mixins.json:DragonFireballMixin: Class version 61 required is higher than the class version supported by the current version of Mixin (JAVA_8 supports class version 52)
[26Jul2026 01:33:02.032] [main/DEBUG] [mixin/]: Mixing ZombieMixin from tombstone.mixins.json into net.minecraft.world.entity.monster.Zombie
[26Jul2026 01:33:02.074] [main/DEBUG] [mixin/]: Mixing ElderGuardianMixin from progressivebosses.mixins.json into net.minecraft.world.entity.monster.ElderGuardian
[26Jul2026 01:33:02.078] [main/DEBUG] [mixin/]: progressivebosses.mixins.json:ElderGuardianMixin: Class version 61 required is higher than the class version supported by the current version of Mixin (JAVA_8 supports class version 52)
[26Jul2026 01:33:02.088] [main/DEBUG] [mixin/]: Mixing ServerPlayerMixin from tombstone.mixins.json into net.minecraft.server.level.ServerPlayer
[26Jul2026 01:33:02.101] [main/DEBUG] [mixin/]: Mixing EndCrystalMixin from progressivebosses.mixins.json into net.minecraft.world.entity.boss.enderdragon.EndCrystal
[26Jul2026 01:33:02.101] [main/DEBUG] [mixin/]: progressivebosses.mixins.json:EndCrystalMixin: Class version 61 required is higher than the class version supported by the current version of Mixin (JAVA_8 supports class version 52)
[26Jul2026 01:33:02.107] [main/DEBUG] [mixin/]: Mixing EnderDragonMixin from progressivebosses.mixins.json into net.minecraft.world.entity.boss.enderdragon.EnderDragon
[26Jul2026 01:33:02.107] [main/DEBUG] [mixin/]: progressivebosses.mixins.json:EnderDragonMixin: Class version 61 required is higher than the class version supported by the current version of Mixin (JAVA_8 supports class version 52)
[26Jul2026 01:33:02.120] [main/DEBUG] [mixin/]: Mixing MixinEnderMan from curios.mixins.json into net.minecraft.world.entity.monster.EnderMan
[26Jul2026 01:33:02.143] [main/DEBUG] [mixin/]: Mixing MixinFallingBlockEntity from architectury.mixins.json into net.minecraft.world.entity.item.FallingBlockEntity
[26Jul2026 01:33:02.290] [main/DEBUG] [mixin/]: Mixing accessor.RavagerAccessor from mutantmonsters.common.mixins.json into net.minecraft.world.entity.monster.Ravager
[26Jul2026 01:33:02.301] [main/DEBUG] [mixin/]: Mixing ShulkerMixin from progressivebosses.mixins.json into net.minecraft.world.entity.monster.Shulker
[26Jul2026 01:33:02.302] [main/DEBUG] [mixin/]: progressivebosses.mixins.json:ShulkerMixin: Class version 61 required is higher than the class version supported by the current version of Mixin (JAVA_8 supports class version 52)
[26Jul2026 01:33:02.311] [main/DEBUG] [mixin/]: Mixing ShulkerBulletMixin from progressivebosses.mixins.json into net.minecraft.world.entity.projectile.ShulkerBullet
[26Jul2026 01:33:02.311] [main/DEBUG] [mixin/]: progressivebosses.mixins.json:ShulkerBulletMixin: Class version 61 required is higher than the class version supported by the current version of Mixin (JAVA_8 supports class version 52)
[26Jul2026 01:33:02.321] [main/DEBUG] [mixin/]: Mixing AbstractSkeletonMixin from spartanweaponry.mixins.json into net.minecraft.world.entity.monster.AbstractSkeleton
[26Jul2026 01:33:02.380] [main/DEBUG] [mixin/]: Mixing VillagerMixin from graveyard.mixins.json into net.minecraft.world.entity.npc.Villager
[26Jul2026 01:33:02.381] [main/DEBUG] [mixin/]: graveyard.mixins.json:VillagerMixin: Class version 61 required is higher than the class version supported by the current version of Mixin (JAVA_8 supports class version 52)
[26Jul2026 01:33:02.386] [main/DEBUG] [mixin/]: Mixing item.villagerhat.VillagerMixin from mixins.artifacts.json into net.minecraft.world.entity.npc.Villager
[26Jul2026 01:33:02.387] [main/DEBUG] [mixin/]: mixins.artifacts.json:item.villagerhat.VillagerMixin: Class version 61 required is higher than the class version supported by the current version of Mixin (JAVA_8 supports class version 52)
[26Jul2026 01:33:02.390] [main/DEBUG] [mixin/]: Mixing accessor.VillagerAccessor from tombstone.mixins.json into net.minecraft.world.entity.npc.Villager
[26Jul2026 01:33:02.402] [main/DEBUG] [mixin/]: Mixing item.villagerhat.AbstractVillagerMixin from mixins.artifacts.json into net.minecraft.world.entity.npc.AbstractVillager
[26Jul2026 01:33:02.402] [main/DEBUG] [mixin/]: mixins.artifacts.json:item.villagerhat.AbstractVillagerMixin: Class version 61 required is higher than the class version supported by the current version of Mixin (JAVA_8 supports class version 52)
[26Jul2026 01:33:02.415] [main/DEBUG] [mixin/]: Mixing WanderingTraderMixin from graveyard.mixins.json into net.minecraft.world.entity.npc.WanderingTrader
[26Jul2026 01:33:02.415] [main/DEBUG] [mixin/]: graveyard.mixins.json:WanderingTraderMixin: Class version 61 required is higher than the class version supported by the current version of Mixin (JAVA_8 supports class version 52)
[26Jul2026 01:33:02.440] [main/DEBUG] [mixin/]: Mixing FishingHookMixin from tombstone.mixins.json into net.minecraft.world.entity.projectile.FishingHook
[26Jul2026 01:33:02.606] [main/DEBUG] [mixin/]: Mixing MixinWorldEvent from architectury.mixins.json into net.minecraftforge.event.world.WorldEvent
[26Jul2026 01:33:02.764] [main/DEBUG] [mixin/]: Mixing SpawnSettingsAccessor from mixin.imdlib-betteranimalsplus.json into net.minecraft.world.level.biome.MobSpawnSettings
[26Jul2026 01:33:02.858] [main/DEBUG] [mixin/]: Mixing accessor.MobSpawnSettingsBuilderForgeAccessor from puzzleslib.forge.mixins.json into net.minecraft.world.level.biome.MobSpawnSettings$Builder
[26Jul2026 01:33:02.889] [main/DEBUG] [mixin/]: Mixing accessor.BiomeSpecialEffectsBuilderForgeAccessor from puzzleslib.forge.mixins.json into net.minecraft.world.level.biome.BiomeSpecialEffects$Builder
[26Jul2026 01:33:03.178] [main/DEBUG] [mixin/]: Mixing DigDurabilityEnchantmentMixin from mixins.artifacts.json into net.minecraft.world.item.enchantment.DigDurabilityEnchantment
[26Jul2026 01:33:03.178] [main/DEBUG] [mixin/]: mixins.artifacts.json:DigDurabilityEnchantmentMixin: Class version 61 required is higher than the class version supported by the current version of Mixin (JAVA_8 supports class version 52)
[26Jul2026 01:33:03.208] [main/DEBUG] [mixin/]: Mixing ItemsMixin from tombstone.mixins.json into net.minecraft.world.item.Items
[26Jul2026 01:33:03.239] [main/DEBUG] [mixin/]: Mixing AxeItemAccessor from ecologics.mixins.json into net.minecraft.world.item.AxeItem
[26Jul2026 01:33:03.241] [main/DEBUG] [mixin/]: Renaming @Accessor method getStrippables()Ljava/util/Map; to getStrippables_$md$df2dc6$0 in ecologics.mixins.json:AxeItemAccessor
[26Jul2026 01:33:03.241] [main/DEBUG] [mixin/]: Renaming @Accessor method setStrippables(Ljava/util/Map;)V to setStrippables_$md$df2dc6$1 in ecologics.mixins.json:AxeItemAccessor
[26Jul2026 01:33:03.253] [main/DEBUG] [net.minecraftforge.coremod.transformer.CoreModBaseTransformer/COREMOD]: Transforming net/minecraft/world/item/BucketItem
[26Jul2026 01:33:03.253] [main/DEBUG] [mixin/]: Mixing inject.MixinBucketItem from architectury-common.mixins.json into net.minecraft.world.item.BucketItem
[26Jul2026 01:33:03.266] [main/DEBUG] [mixin/]: Mixing MixinShearsItem from curios.mixins.json into net.minecraft.world.item.ShearsItem
[26Jul2026 01:33:03.269] [main/DEBUG] [mixin/]: Mixing PotionItemMixin from tombstone.mixins.json into net.minecraft.world.item.PotionItem
[26Jul2026 01:33:03.269] [main/DEBUG] [mixin/]: Renaming synthetic method lambda$effectList$0(Lnet/minecraft/world/effect/MobEffectInstance;)Ljava/lang/Integer; to mddf2dc6$lambda$effectList$0$0 in tombstone.mixins.json:PotionItemMixin
[26Jul2026 01:33:03.277] [main/DEBUG] [mixin/]: Mixing EnderEyeUseMixin from mixins.bosses_of_mass_destruction.json into net.minecraft.world.item.EnderEyeItem
[26Jul2026 01:33:03.395] [main/DEBUG] [mixin/]: Mixing inject.MixinFoodPropertiesBuilder from architectury-common.mixins.json into net.minecraft.world.food.FoodProperties$Builder
[26Jul2026 01:33:03.398] [main/DEBUG] [net.minecraftforge.coremod.transformer.CoreModBaseTransformer/COREMOD]: Transforming net/minecraft/world/effect/MobEffectInstance
[26Jul2026 01:33:03.495] [main/DEBUG] [mixin/]: Mixing SlotAccessor from betteranimalsplus.mixins.json into net.minecraft.world.inventory.Slot
[26Jul2026 01:33:03.644] [main/DEBUG] [mixin/]: Mixing MixinApplyBonusCount from curios.mixins.json into net.minecraft.world.level.storage.loot.functions.ApplyBonusCount
[26Jul2026 01:33:03.748] [main/DEBUG] [mixin/]: Mixing MixinParameterList from terrablender.mixins.json into net.minecraft.world.level.biome.Climate$ParameterList
[26Jul2026 01:33:03.748] [main/DEBUG] [mixin/]: Renaming synthetic method lambda$initializeForTerraBlender$0(Lcom/google/common/collect/ImmutableList$Builder;Lnet/minecraft/core/Registry;Lcom/mojang/datafixers/util/Pair;)V to mddf2dc6$lambda$initializeForTerraBlender$0$0 in terrablender.mixins.json:MixinParameterList
[26Jul2026 01:33:03.826] [main/DEBUG] [mixin/]: Mixing accessor.PotionBrewingForgeAccessor from puzzleslib.forge.mixins.json into net.minecraft.world.item.alchemy.PotionBrewing
[26Jul2026 01:33:03.830] [main/DEBUG] [mixin/]: Renaming @Accessor method puzzleslib$getAllowedContainers()Ljava/util/List; to puzzleslib$getAllowedContainers_$md$df2dc6$0 in puzzleslib.forge.mixins.json:accessor.PotionBrewingForgeAccessor
[26Jul2026 01:33:04.088] [main/DEBUG] [net.minecraftforge.common.ForgeI18n/CORE]: Loading I18N data entries: 5364
[26Jul2026 01:33:04.116] [main/DEBUG] [net.minecraftforge.fml.ModWorkManager/LOADING]: Using 4 threads for parallel mod-loading
[26Jul2026 01:33:04.125] [main/DEBUG] [net.minecraftforge.fml.javafmlmod.FMLJavaModLanguageProvider/LOADING]: Loading FMLModContainer from classloader cpw.mods.modlauncher.TransformingClassLoader@27755487 - got cpw.mods.cl.ModuleClassLoader@3569edd5
[26Jul2026 01:33:04.125] [main/DEBUG] [net.minecraftforge.fml.javafmlmod.FMLModContainer/LOADING]: Creating FMLModContainer instance for com.bobmowzie.mowziesmobs.MowziesMobs
[26Jul2026 01:33:04.131] [main/DEBUG] [net.minecraftforge.fml.javafmlmod.FMLJavaModLanguageProvider/LOADING]: Loading FMLModContainer from classloader cpw.mods.modlauncher.TransformingClassLoader@27755487 - got cpw.mods.cl.ModuleClassLoader@3569edd5
[26Jul2026 01:33:04.131] [main/DEBUG] [net.minecraftforge.fml.javafmlmod.FMLModContainer/LOADING]: Creating FMLModContainer instance for com.exline.woodarmor.WoodArmorMain
[26Jul2026 01:33:04.131] [main/DEBUG] [net.minecraftforge.fml.javafmlmod.FMLJavaModLanguageProvider/LOADING]: Loading FMLModContainer from classloader cpw.mods.modlauncher.TransformingClassLoader@27755487 - got cpw.mods.cl.ModuleClassLoader@3569edd5
[26Jul2026 01:33:04.132] [main/DEBUG] [net.minecraftforge.fml.javafmlmod.FMLModContainer/LOADING]: Creating FMLModContainer instance for terrablender.core.TerraBlenderForge
[26Jul2026 01:33:04.132] [main/DEBUG] [net.minecraftforge.fml.javafmlmod.FMLJavaModLanguageProvider/LOADING]: Loading FMLModContainer from classloader cpw.mods.modlauncher.TransformingClassLoader@27755487 - got cpw.mods.cl.ModuleClassLoader@3569edd5
[26Jul2026 01:33:04.132] [main/DEBUG] [net.minecraftforge.fml.javafmlmod.FMLModContainer/LOADING]: Creating FMLModContainer instance for fuzs.mutantmonsters.MutantMonstersForge
[26Jul2026 01:33:04.133] [main/DEBUG] [net.minecraftforge.fml.javafmlmod.FMLJavaModLanguageProvider/LOADING]: Loading FMLModContainer from classloader cpw.mods.modlauncher.TransformingClassLoader@27755487 - got cpw.mods.cl.ModuleClassLoader@3569edd5
[26Jul2026 01:33:04.133] [main/DEBUG] [net.minecraftforge.fml.javafmlmod.FMLModContainer/LOADING]: Creating FMLModContainer instance for biomesoplenty.core.BiomesOPlenty
[26Jul2026 01:33:04.134] [main/DEBUG] [net.minecraftforge.fml.javafmlmod.FMLJavaModLanguageProvider/LOADING]: Loading FMLModContainer from classloader cpw.mods.modlauncher.TransformingClassLoader@27755487 - got cpw.mods.cl.ModuleClassLoader@3569edd5
[26Jul2026 01:33:04.134] [main/DEBUG] [net.minecraftforge.fml.javafmlmod.FMLModContainer/LOADING]: Creating FMLModContainer instance for mezz.jei.forge.JustEnoughItems
[26Jul2026 01:33:04.135] [main/DEBUG] [net.minecraftforge.fml.javafmlmod.FMLJavaModLanguageProvider/LOADING]: Loading FMLModContainer from classloader cpw.mods.modlauncher.TransformingClassLoader@27755487 - got cpw.mods.cl.ModuleClassLoader@3569edd5
[26Jul2026 01:33:04.135] [main/DEBUG] [net.minecraftforge.fml.javafmlmod.FMLModContainer/LOADING]: Creating FMLModContainer instance for com.finallion.graveyard.TheGraveyard
[26Jul2026 01:33:04.136] [main/DEBUG] [net.minecraftforge.fml.javafmlmod.FMLJavaModLanguageProvider/LOADING]: Loading FMLModContainer from classloader cpw.mods.modlauncher.TransformingClassLoader@27755487 - got cpw.mods.cl.ModuleClassLoader@3569edd5
[26Jul2026 01:33:04.136] [main/DEBUG] [net.minecraftforge.fml.javafmlmod.FMLModContainer/LOADING]: Creating FMLModContainer instance for net.mcreator.borninchaosv.BornInChaosV1Mod
[26Jul2026 01:33:04.137] [main/DEBUG] [net.minecraftforge.fml.lowcodemod.LowCodeModLanguageProvider.LowCodeModTarget/LOADING]: Loading LowCodeModContainer from classloader cpw.mods.modlauncher.TransformingClassLoader@27755487 - got cpw.mods.cl.ModuleClassLoader@3569edd5
[26Jul2026 01:33:04.137] [main/DEBUG] [net.minecraftforge.fml.lowcodemod.LowCodeModContainer/LOADING]: Creating LowCodeModContainer for incendium
[26Jul2026 01:33:04.137] [main/DEBUG] [net.minecraftforge.fml.javafmlmod.FMLJavaModLanguageProvider/LOADING]: Loading FMLModContainer from classloader cpw.mods.modlauncher.TransformingClassLoader@27755487 - got cpw.mods.cl.ModuleClassLoader@3569edd5
[26Jul2026 01:33:04.138] [main/DEBUG] [net.minecraftforge.fml.javafmlmod.FMLModContainer/LOADING]: Creating FMLModContainer instance for net.p3pp3rf1y.sophisticatedcore.SophisticatedCore
[26Jul2026 01:33:04.140] [main/DEBUG] [net.minecraftforge.fml.javafmlmod.FMLJavaModLanguageProvider/LOADING]: Loading FMLModContainer from classloader cpw.mods.modlauncher.TransformingClassLoader@27755487 - got cpw.mods.cl.ModuleClassLoader@3569edd5
[26Jul2026 01:33:04.140] [main/DEBUG] [net.minecraftforge.fml.javafmlmod.FMLModContainer/LOADING]: Creating FMLModContainer instance for insane96mcp.insanelib.InsaneLib
[26Jul2026 01:33:04.141] [main/DEBUG] [net.minecraftforge.fml.javafmlmod.FMLJavaModLanguageProvider/LOADING]: Loading FMLModContainer from classloader cpw.mods.modlauncher.TransformingClassLoader@27755487 - got cpw.mods.cl.ModuleClassLoader@3569edd5
[26Jul2026 01:33:04.141] [main/DEBUG] [net.minecraftforge.fml.javafmlmod.FMLModContainer/LOADING]: Creating FMLModContainer instance for top.theillusivec4.curios.Curios
[26Jul2026 01:33:04.143] [main/DEBUG] [net.minecraftforge.fml.javafmlmod.FMLJavaModLanguageProvider/LOADING]: Loading FMLModContainer from classloader cpw.mods.modlauncher.TransformingClassLoader@27755487 - got cpw.mods.cl.ModuleClassLoader@3569edd5
[26Jul2026 01:33:04.143] [main/DEBUG] [net.minecraftforge.fml.javafmlmod.FMLModContainer/LOADING]: Creating FMLModContainer instance for com.oblivioussp.spartanshields.ModSpartanShields
[26Jul2026 01:33:04.144] [main/DEBUG] [net.minecraftforge.fml.javafmlmod.FMLJavaModLanguageProvider/LOADING]: Loading FMLModContainer from classloader cpw.mods.modlauncher.TransformingClassLoader@27755487 - got cpw.mods.cl.ModuleClassLoader@3569edd5
[26Jul2026 01:33:04.144] [main/DEBUG] [net.minecraftforge.fml.javafmlmod.FMLModContainer/LOADING]: Creating FMLModContainer instance for samebutdifferent.ecologics.forge.EcologicsForge
[26Jul2026 01:33:04.145] [main/DEBUG] [net.minecraftforge.fml.javafmlmod.FMLJavaModLanguageProvider/LOADING]: Loading FMLModContainer from classloader cpw.mods.modlauncher.TransformingClassLoader@27755487 - got cpw.mods.cl.ModuleClassLoader@3569edd5
[26Jul2026 01:33:04.145] [main/DEBUG] [net.minecraftforge.fml.javafmlmod.FMLModContainer/LOADING]: Creating FMLModContainer instance for net.stardustlabs.structory.Structory
[26Jul2026 01:33:04.146] [main/DEBUG] [net.minecraftforge.fml.javafmlmod.FMLJavaModLanguageProvider/LOADING]: Loading FMLModContainer from classloader cpw.mods.modlauncher.TransformingClassLoader@27755487 - got cpw.mods.cl.ModuleClassLoader@3569edd5
[26Jul2026 01:33:04.147] [main/DEBUG] [net.minecraftforge.fml.javafmlmod.FMLModContainer/LOADING]: Creating FMLModContainer instance for journeymap.common.Journeymap
[26Jul2026 01:33:04.150] [main/DEBUG] [net.minecraftforge.fml.javafmlmod.FMLJavaModLanguageProvider/LOADING]: Loading FMLModContainer from classloader cpw.mods.modlauncher.TransformingClassLoader@27755487 - got cpw.mods.cl.ModuleClassLoader@3569edd5
[26Jul2026 01:33:04.150] [main/DEBUG] [net.minecraftforge.fml.javafmlmod.FMLModContainer/LOADING]: Creating FMLModContainer instance for com.github.alexthe666.citadel.Citadel
[26Jul2026 01:33:04.154] [main/DEBUG] [net.minecraftforge.fml.javafmlmod.FMLJavaModLanguageProvider/LOADING]: Loading FMLModContainer from classloader cpw.mods.modlauncher.TransformingClassLoader@27755487 - got cpw.mods.cl.ModuleClassLoader@3569edd5
[26Jul2026 01:33:04.154] [main/DEBUG] [net.minecraftforge.fml.javafmlmod.FMLModContainer/LOADING]: Creating FMLModContainer instance for com.github.alexthe666.alexsmobs.AlexsMobs
[26Jul2026 01:33:04.158] [main/DEBUG] [net.minecraftforge.fml.javafmlmod.FMLJavaModLanguageProvider/LOADING]: Loading FMLModContainer from classloader cpw.mods.modlauncher.TransformingClassLoader@27755487 - got cpw.mods.cl.ModuleClassLoader@3569edd5
[26Jul2026 01:33:04.160] [main/DEBUG] [net.minecraftforge.fml.javafmlmod.FMLModContainer/LOADING]: Creating FMLModContainer instance for artifacts.Artifacts
[26Jul2026 01:33:04.162] [main/DEBUG] [net.minecraftforge.fml.javafmlmod.FMLJavaModLanguageProvider/LOADING]: Loading FMLModContainer from classloader cpw.mods.modlauncher.TransformingClassLoader@27755487 - got cpw.mods.cl.ModuleClassLoader@3569edd5
[26Jul2026 01:33:04.162] [main/DEBUG] [net.minecraftforge.fml.javafmlmod.FMLModContainer/LOADING]: Creating FMLModContainer instance for com.llamalad7.mixinextras.platform.forge.MixinExtrasMod
[26Jul2026 01:33:04.163] [main/DEBUG] [net.minecraftforge.fml.javafmlmod.FMLJavaModLanguageProvider/LOADING]: Loading FMLModContainer from classloader cpw.mods.modlauncher.TransformingClassLoader@27755487 - got cpw.mods.cl.ModuleClassLoader@3569edd5
[26Jul2026 01:33:04.163] [main/DEBUG] [net.minecraftforge.fml.javafmlmod.FMLModContainer/LOADING]: Creating FMLModContainer instance for top.theillusivec4.champions.Champions
[26Jul2026 01:33:04.164] [main/DEBUG] [net.minecraftforge.fml.javafmlmod.FMLJavaModLanguageProvider/LOADING]: Loading FMLModContainer from classloader cpw.mods.modlauncher.TransformingClassLoader@27755487 - got cpw.mods.cl.ModuleClassLoader@3569edd5
[26Jul2026 01:33:04.164] [main/DEBUG] [net.minecraftforge.fml.javafmlmod.FMLModContainer/LOADING]: Creating FMLModContainer instance for ovh.corail.tombstone.ModTombstone
[26Jul2026 01:33:04.168] [main/DEBUG] [net.minecraftforge.fml.javafmlmod.FMLJavaModLanguageProvider/LOADING]: Loading FMLModContainer from classloader cpw.mods.modlauncher.TransformingClassLoader@27755487 - got cpw.mods.cl.ModuleClassLoader@3569edd5
[26Jul2026 01:33:04.173] [main/DEBUG] [net.minecraftforge.fml.javafmlmod.FMLModContainer/LOADING]: Creating FMLModContainer instance for dev.itsmeow.betteranimalsplus.forge.BetterAnimalsPlusModForge
[26Jul2026 01:33:04.175] [main/DEBUG] [net.minecraftforge.fml.javafmlmod.FMLJavaModLanguageProvider/LOADING]: Loading FMLModContainer from classloader cpw.mods.modlauncher.TransformingClassLoader@27755487 - got cpw.mods.cl.ModuleClassLoader@3569edd5
[26Jul2026 01:33:04.178] [main/DEBUG] [net.minecraftforge.fml.javafmlmod.FMLModContainer/LOADING]: Creating FMLModContainer instance for net.p3pp3rf1y.sophisticatedbackpacks.SophisticatedBackpacks
[26Jul2026 01:33:04.179] [main/DEBUG] [net.minecraftforge.fml.javafmlmod.FMLJavaModLanguageProvider/LOADING]: Loading FMLModContainer from classloader cpw.mods.modlauncher.TransformingClassLoader@27755487 - got cpw.mods.cl.ModuleClassLoader@3569edd5
[26Jul2026 01:33:04.182] [main/DEBUG] [net.minecraftforge.fml.javafmlmod.FMLModContainer/LOADING]: Creating FMLModContainer instance for com.oblivioussp.spartanweaponry.ModSpartanWeaponry
[26Jul2026 01:33:04.185] [main/DEBUG] [net.minecraftforge.fml.javafmlmod.FMLJavaModLanguageProvider/LOADING]: Loading FMLModContainer from classloader cpw.mods.modlauncher.TransformingClassLoader@27755487 - got cpw.mods.cl.ModuleClassLoader@3569edd5
[26Jul2026 01:33:04.187] [main/DEBUG] [net.minecraftforge.fml.javafmlmod.FMLModContainer/LOADING]: Creating FMLModContainer instance for insane96mcp.progressivebosses.ProgressiveBosses
[26Jul2026 01:33:04.188] [main/DEBUG] [net.minecraftforge.fml.javafmlmod.FMLJavaModLanguageProvider/LOADING]: Loading FMLModContainer from classloader cpw.mods.modlauncher.TransformingClassLoader@27755487 - got cpw.mods.cl.ModuleClassLoader@3569edd5
[26Jul2026 01:33:04.189] [main/DEBUG] [net.minecraftforge.fml.javafmlmod.FMLModContainer/LOADING]: Creating FMLModContainer instance for dev.architectury.forge.ArchitecturyForge
[26Jul2026 01:33:04.190] [main/DEBUG] [net.minecraftforge.fml.javafmlmod.FMLJavaModLanguageProvider/LOADING]: Loading FMLModContainer from classloader cpw.mods.modlauncher.TransformingClassLoader@27755487 - got cpw.mods.cl.ModuleClassLoader@3569edd5
[26Jul2026 01:33:04.191] [main/DEBUG] [net.minecraftforge.fml.javafmlmod.FMLModContainer/LOADING]: Creating FMLModContainer instance for com.github.alexthe666.iceandfire.IceAndFire
[26Jul2026 01:33:04.194] [main/DEBUG] [net.minecraftforge.fml.javafmlmod.FMLJavaModLanguageProvider/LOADING]: Loading FMLModContainer from classloader cpw.mods.modlauncher.TransformingClassLoader@27755487 - got cpw.mods.cl.ModuleClassLoader@3569edd5
[26Jul2026 01:33:04.195] [main/DEBUG] [net.minecraftforge.fml.javafmlmod.FMLModContainer/LOADING]: Creating FMLModContainer instance for com.cerbon.bosses_of_mass_destruction.BossesOfMassDestruction
[26Jul2026 01:33:04.196] [main/DEBUG] [net.minecraftforge.fml.javafmlmod.FMLJavaModLanguageProvider/LOADING]: Loading FMLModContainer from classloader cpw.mods.modlauncher.TransformingClassLoader@27755487 - got cpw.mods.cl.ModuleClassLoader@3569edd5
[26Jul2026 01:33:04.197] [main/DEBUG] [net.minecraftforge.fml.javafmlmod.FMLModContainer/LOADING]: Creating FMLModContainer instance for fuzs.puzzleslib.impl.PuzzlesLibForge
[26Jul2026 01:33:04.197] [main/DEBUG] [net.minecraftforge.fml.javafmlmod.FMLJavaModLanguageProvider/LOADING]: Loading FMLModContainer from classloader cpw.mods.modlauncher.TransformingClassLoader@27755487 - got cpw.mods.cl.ModuleClassLoader@3569edd5
[26Jul2026 01:33:04.198] [main/DEBUG] [net.minecraftforge.fml.javafmlmod.FMLModContainer/LOADING]: Creating FMLModContainer instance for immersive_armors.forge.CommonForge
[26Jul2026 01:33:04.198] [main/DEBUG] [net.minecraftforge.fml.javafmlmod.FMLJavaModLanguageProvider/LOADING]: Loading FMLModContainer from classloader cpw.mods.modlauncher.TransformingClassLoader@27755487 - got cpw.mods.cl.ModuleClassLoader@3569edd5
[26Jul2026 01:33:04.199] [main/DEBUG] [net.minecraftforge.fml.javafmlmod.FMLModContainer/LOADING]: Creating FMLModContainer instance for einstein.usefulslime.UsefulSlime
[26Jul2026 01:33:04.199] [main/DEBUG] [net.minecraftforge.fml.javafmlmod.FMLJavaModLanguageProvider/LOADING]: Loading FMLModContainer from classloader cpw.mods.modlauncher.TransformingClassLoader@27755487 - got cpw.mods.cl.ModuleClassLoader@3569edd5
[26Jul2026 01:33:04.200] [main/DEBUG] [net.minecraftforge.fml.javafmlmod.FMLModContainer/LOADING]: Creating FMLModContainer instance for me.shedaniel.clothconfig.ClothConfigForge
[26Jul2026 01:33:04.200] [main/DEBUG] [net.minecraftforge.fml.javafmlmod.FMLJavaModLanguageProvider/LOADING]: Loading FMLModContainer from classloader cpw.mods.modlauncher.TransformingClassLoader@27755487 - got cpw.mods.cl.ModuleClassLoader@3569edd5
[26Jul2026 01:33:04.201] [main/DEBUG] [net.minecraftforge.fml.javafmlmod.FMLModContainer/LOADING]: Creating FMLModContainer instance for net.minecraftforge.common.ForgeMod
[26Jul2026 01:33:04.202] [main/DEBUG] [net.minecraftforge.fml.javafmlmod.FMLJavaModLanguageProvider/LOADING]: Loading FMLModContainer from classloader cpw.mods.modlauncher.TransformingClassLoader@27755487 - got cpw.mods.cl.ModuleClassLoader@3569edd5
[26Jul2026 01:33:04.204] [main/DEBUG] [net.minecraftforge.fml.javafmlmod.FMLModContainer/LOADING]: Creating FMLModContainer instance for be.florens.expandability.forge.ExpandAbilityForge
[26Jul2026 01:33:04.205] [main/DEBUG] [net.minecraftforge.fml.javafmlmod.FMLJavaModLanguageProvider/LOADING]: Loading FMLModContainer from classloader cpw.mods.modlauncher.TransformingClassLoader@27755487 - got cpw.mods.cl.ModuleClassLoader@3569edd5
[26Jul2026 01:33:04.205] [main/DEBUG] [net.minecraftforge.fml.javafmlmod.FMLModContainer/LOADING]: Creating FMLModContainer instance for software.bernie.example.GeckoLibMod
[26Jul2026 01:33:04.206] [main/DEBUG] [net.minecraftforge.fml.javafmlmod.FMLJavaModLanguageProvider/LOADING]: Loading FMLModContainer from classloader cpw.mods.modlauncher.TransformingClassLoader@27755487 - got cpw.mods.cl.ModuleClassLoader@3569edd5
[26Jul2026 01:33:04.206] [main/DEBUG] [net.minecraftforge.fml.javafmlmod.FMLModContainer/LOADING]: Creating FMLModContainer instance for net.aurelj.dungeons_arise.DungeonsAriseMain
[26Jul2026 01:33:04.254] [modloading-worker-0/DEBUG] [net.minecraftforge.fml.javafmlmod.AutomaticEventSubscriber/LOADING]: Attempting to inject @EventBusSubscriber classes into the eventbus for mutantmonsters
[26Jul2026 01:33:04.281] [modloading-worker-0/DEBUG] [net.minecraftforge.fml.javafmlmod.AutomaticEventSubscriber/LOADING]: Auto-subscribing fuzs.mutantmonsters.MutantMonstersForge to MOD
[26Jul2026 01:33:04.294] [modloading-worker-0/DEBUG] [net.minecraftforge.fml.javafmlmod.AutomaticEventSubscriber/LOADING]: Attempting to inject @EventBusSubscriber classes into the eventbus for woodarmor
[26Jul2026 01:33:04.295] [modloading-worker-0/DEBUG] [net.minecraftforge.fml.javafmlmod.AutomaticEventSubscriber/LOADING]: Auto-subscribing com.exline.woodarmor.WoodArmorMain to MOD
[26Jul2026 01:33:04.674] [modloading-worker-0/DEBUG] [net.minecraftforge.fml.javafmlmod.AutomaticEventSubscriber/LOADING]: Attempting to inject @EventBusSubscriber classes into the eventbus for terrablender
[26Jul2026 01:33:04.678] [modloading-worker-0/DEBUG] [net.minecraftforge.fml.javafmlmod.AutomaticEventSubscriber/LOADING]: Auto-subscribing terrablender.handler.InitializationHandler to FORGE
[26Jul2026 01:33:04.722] [modloading-worker-0/DEBUG] [net.minecraftforge.fml.config.ConfigTracker/CONFIG]: Config file jei-server.toml for jei tracking
[26Jul2026 01:33:04.724] [modloading-worker-0/DEBUG] [net.minecraftforge.fml.config.ConfigTracker/CONFIG]: Config file biomesoplenty/generation.toml for biomesoplenty tracking
[26Jul2026 01:33:04.731] [modloading-worker-0/DEBUG] [net.minecraftforge.fml.javafmlmod.AutomaticEventSubscriber/LOADING]: Attempting to inject @EventBusSubscriber classes into the eventbus for biomesoplenty
[26Jul2026 01:33:04.731] [modloading-worker-0/DEBUG] [net.minecraftforge.fml.javafmlmod.AutomaticEventSubscriber/LOADING]: Auto-subscribing biomesoplenty.init.ModBlocks to MOD
[26Jul2026 01:33:04.750] [modloading-worker-0/DEBUG] [net.minecraftforge.fml.javafmlmod.AutomaticEventSubscriber/LOADING]: Attempting to inject @EventBusSubscriber classes into the eventbus for jei
[26Jul2026 01:33:04.913] [modloading-worker-0/DEBUG] [net.minecraftforge.fml.javafmlmod.AutomaticEventSubscriber/LOADING]: Auto-subscribing biomesoplenty.init.ModFluids to MOD
[26Jul2026 01:33:04.923] [modloading-worker-0/DEBUG] [net.minecraftforge.fml.javafmlmod.AutomaticEventSubscriber/LOADING]: Auto-subscribing biomesoplenty.init.ModPaintings to MOD
[26Jul2026 01:33:04.938] [modloading-worker-0/DEBUG] [net.minecraftforge.fml.javafmlmod.AutomaticEventSubscriber/LOADING]: Auto-subscribing biomesoplenty.init.ModBiomes to MOD
[26Jul2026 01:33:04.968] [modloading-worker-0/DEBUG] [net.minecraftforge.fml.javafmlmod.AutomaticEventSubscriber/LOADING]: Auto-subscribing biomesoplenty.init.ModSounds to MOD
[26Jul2026 01:33:04.969] [modloading-worker-0/DEBUG] [net.minecraftforge.fml.javafmlmod.AutomaticEventSubscriber/LOADING]: Auto-subscribing biomesoplenty.init.ModItems to MOD
[26Jul2026 01:33:04.980] [modloading-worker-0/DEBUG] [net.minecraftforge.fml.javafmlmod.AutomaticEventSubscriber/LOADING]: Auto-subscribing biomesoplenty.init.ModEntities to MOD
[26Jul2026 01:33:04.996] [modloading-worker-0/DEBUG] [net.minecraftforge.fml.javafmlmod.AutomaticEventSubscriber/LOADING]: Auto-subscribing biomesoplenty.common.util.biome.BiomeUtil to FORGE
[26Jul2026 01:33:04.997] [modloading-worker-0/INFO] [Puzzles Lib/]: Constructing common components for mutantmonsters:main
[26Jul2026 01:33:05.008] [modloading-worker-0/DEBUG] [net.minecraftforge.fml.javafmlmod.AutomaticEventSubscriber/LOADING]: Auto-subscribing biomesoplenty.client.handler.FluidFogHandler to FORGE
[26Jul2026 01:33:05.019] [modloading-worker-0/DEBUG] [net.minecraftforge.fml.config.ConfigTracker/CONFIG]: Config file mowziesmobs-common.toml for mowziesmobs tracking
[26Jul2026 01:33:05.074] [modloading-worker-0/DEBUG] [net.minecraftforge.fml.config.ConfigTracker/CONFIG]: Config file mutantmonsters-common.toml for mutantmonsters tracking
[26Jul2026 01:33:05.213] [modloading-worker-0/DEBUG] [mixin/]: Mixing DamageSourceInvoker from betteranimalsplus.mixins.json into net.minecraft.world.damagesource.DamageSource
[26Jul2026 01:33:05.240] [modloading-worker-0/DEBUG] [net.minecraftforge.fml.javafmlmod.AutomaticEventSubscriber/LOADING]: Attempting to inject @EventBusSubscriber classes into the eventbus for mowziesmobs
[26Jul2026 01:33:05.242] [modloading-worker-0/DEBUG] [net.minecraftforge.fml.javafmlmod.AutomaticEventSubscriber/LOADING]: Auto-subscribing com.bobmowzie.mowziesmobs.server.sound.MMSounds to FORGE
[26Jul2026 01:33:05.242] [modloading-worker-0/DEBUG] [net.minecraftforge.fml.javafmlmod.AutomaticEventSubscriber/LOADING]: Auto-subscribing com.bobmowzie.mowziesmobs.server.potion.PotionTypeHandler to MOD
[26Jul2026 01:33:05.245] [modloading-worker-0/DEBUG] [net.minecraftforge.fml.config.ConfigTracker/CONFIG]: Config file graveyard-1.18.2-common.toml for graveyard tracking
[26Jul2026 01:33:05.252] [modloading-worker-0/DEBUG] [net.minecraftforge.fml.javafmlmod.AutomaticEventSubscriber/LOADING]: Auto-subscribing com.bobmowzie.mowziesmobs.server.potion.EffectHandler to MOD
[26Jul2026 01:33:05.261] [modloading-worker-0/DEBUG] [net.minecraftforge.fml.javafmlmod.AutomaticEventSubscriber/LOADING]: Auto-subscribing com.bobmowzie.mowziesmobs.server.item.ItemHandler to MOD
[26Jul2026 01:33:05.273] [modloading-worker-0/DEBUG] [net.minecraftforge.fml.javafmlmod.AutomaticEventSubscriber/LOADING]: Attempting to inject @EventBusSubscriber classes into the eventbus for graveyard
[26Jul2026 01:33:05.277] [modloading-worker-0/DEBUG] [net.minecraftforge.fml.javafmlmod.AutomaticEventSubscriber/LOADING]: Auto-subscribing com.finallion.graveyard.init.TGItems to MOD
[26Jul2026 01:33:05.277] [modloading-worker-0/DEBUG] [net.minecraftforge.fml.javafmlmod.AutomaticEventSubscriber/LOADING]: Auto-subscribing com.finallion.graveyard.init.TGEntities to MOD
[26Jul2026 01:33:05.281] [modloading-worker-0/DEBUG] [net.minecraftforge.fml.javafmlmod.AutomaticEventSubscriber/LOADING]: Auto-subscribing com.bobmowzie.mowziesmobs.server.inventory.ContainerHandler to MOD
[26Jul2026 01:33:05.284] [modloading-worker-0/DEBUG] [net.minecraftforge.fml.javafmlmod.AutomaticEventSubscriber/LOADING]: Auto-subscribing com.finallion.graveyard.events.TGServerEvents to FORGE
[26Jul2026 01:33:05.284] [modloading-worker-0/DEBUG] [mixin/]: Mixing accessor.LootContextParamSetsAccessor from mutantmonsters.common.mixins.json into net.minecraft.world.level.storage.loot.parameters.LootContextParamSets
[26Jul2026 01:33:05.323] [modloading-worker-0/DEBUG] [net.minecraftforge.fml.javafmlmod.AutomaticEventSubscriber/LOADING]: Auto-subscribing com.bobmowzie.mowziesmobs.server.entity.EntityHandler to MOD
[26Jul2026 01:33:05.332] [modloading-worker-0/DEBUG] [net.minecraftforge.fml.javafmlmod.AutomaticEventSubscriber/LOADING]: Auto-subscribing com.bobmowzie.mowziesmobs.server.config.ConfigHandler to MOD
[26Jul2026 01:33:05.332] [modloading-worker-0/DEBUG] [net.minecraftforge.fml.javafmlmod.AutomaticEventSubscriber/LOADING]: Auto-subscribing com.bobmowzie.mowziesmobs.MowziesMobs to FORGE
[26Jul2026 01:33:05.329] [modloading-worker-0/DEBUG] [net.minecraftforge.fml.config.ConfigTracker/CONFIG]: Config file sophisticatedcore-common.toml for sophisticatedcore tracking
[26Jul2026 01:33:05.335] [modloading-worker-0/DEBUG] [net.minecraftforge.fml.config.ConfigTracker/CONFIG]: Config file sophisticatedcore-client.toml for sophisticatedcore tracking
[26Jul2026 01:33:05.387] [modloading-worker-0/DEBUG] [net.minecraftforge.fml.javafmlmod.AutomaticEventSubscriber/LOADING]: Attempting to inject @EventBusSubscriber classes into the eventbus for sophisticatedcore
[26Jul2026 01:33:05.405] [modloading-worker-0/DEBUG] [net.minecraftforge.fml.config.ConfigTracker/CONFIG]: Config file curios-client.toml for curios tracking
[26Jul2026 01:33:05.411] [modloading-worker-0/DEBUG] [net.minecraftforge.fml.config.ConfigTracker/CONFIG]: Config file curios-server.toml for curios tracking
[26Jul2026 01:33:05.412] [modloading-worker-0/DEBUG] [net.minecraftforge.fml.javafmlmod.AutomaticEventSubscriber/LOADING]: Attempting to inject @EventBusSubscriber classes into the eventbus for curios
[26Jul2026 01:33:05.412] [modloading-worker-0/DEBUG] [net.minecraftforge.fml.javafmlmod.AutomaticEventSubscriber/LOADING]: Auto-subscribing top.theillusivec4.curios.common.CuriosRegistry to MOD
[26Jul2026 01:33:05.412] [modloading-worker-0/DEBUG] [net.minecraftforge.fml.config.ConfigTracker/CONFIG]: Config file insanelib-common.toml for insanelib tracking
[26Jul2026 01:33:05.417] [modloading-worker-0/DEBUG] [net.minecraftforge.fml.javafmlmod.AutomaticEventSubscriber/LOADING]: Attempting to inject @EventBusSubscriber classes into the eventbus for insanelib
[26Jul2026 01:33:05.418] [modloading-worker-0/DEBUG] [net.minecraftforge.fml.javafmlmod.AutomaticEventSubscriber/LOADING]: Auto-subscribing insane96mcp.insanelib.util.scheduled.ScheduledTasks to FORGE
[26Jul2026 01:33:05.419] [modloading-worker-0/DEBUG] [net.minecraftforge.fml.javafmlmod.AutomaticEventSubscriber/LOADING]: Auto-subscribing insane96mcp.insanelib.setup.Config to MOD
[26Jul2026 01:33:05.419] [modloading-worker-0/INFO] [Spartan Shields/]: Constructing Mod: Spartan Shields
[26Jul2026 01:33:05.541] [modloading-worker-0/DEBUG] [net.minecraftforge.fml.config.ConfigTracker/CONFIG]: Config file spartanshields-common.toml for spartanshields tracking
[26Jul2026 01:33:05.546] [modloading-worker-0/DEBUG] [net.minecraftforge.fml.javafmlmod.AutomaticEventSubscriber/LOADING]: Attempting to inject @EventBusSubscriber classes into the eventbus for spartanshields
[26Jul2026 01:33:05.549] [modloading-worker-0/DEBUG] [net.minecraftforge.fml.javafmlmod.AutomaticEventSubscriber/LOADING]: Auto-subscribing com.oblivioussp.spartanshields.event.DataGenEventHandler to MOD
[26Jul2026 01:33:05.550] [modloading-worker-0/DEBUG] [net.minecraftforge.fml.javafmlmod.AutomaticEventSubscriber/LOADING]: Auto-subscribing com.oblivioussp.spartanshields.event.CommonEventHandler to FORGE
[26Jul2026 01:33:05.558] [modloading-worker-0/DEBUG] [net.minecraftforge.fml.javafmlmod.AutomaticEventSubscriber/LOADING]: Auto-subscribing com.oblivioussp.spartanshields.config.Config to MOD
[26Jul2026 01:33:05.566] [modloading-worker-0/DEBUG] [net.minecraftforge.fml.javafmlmod.AutomaticEventSubscriber/LOADING]: Attempting to inject @EventBusSubscriber classes into the eventbus for structory
[26Jul2026 01:33:05.571] [modloading-worker-0/DEBUG] [net.minecraftforge.fml.javafmlmod.AutomaticEventSubscriber/LOADING]: Auto-subscribing net.stardustlabs.structory.Structory$RegistryEvents to MOD
[26Jul2026 01:33:05.589] [modloading-worker-0/DEBUG] [net.minecraftforge.fml.config.ConfigTracker/CONFIG]: Config file journeymap-server.toml for journeymap tracking
[26Jul2026 01:33:05.592] [modloading-worker-0/DEBUG] [net.minecraftforge.fml.javafmlmod.AutomaticEventSubscriber/LOADING]: Attempting to inject @EventBusSubscriber classes into the eventbus for journeymap
[26Jul2026 01:33:05.602] [modloading-worker-0/DEBUG] [net.minecraftforge.fml.javafmlmod.AutomaticEventSubscriber/LOADING]: Auto-subscribing journeymap.common.Journeymap to FORGE
[26Jul2026 01:33:05.609] [modloading-worker-0/DEBUG] [net.minecraftforge.fml.javafmlmod.AutomaticEventSubscriber/LOADING]: Auto-subscribing journeymap.common.config.forge.ForgeConfig to MOD
[26Jul2026 01:33:05.661] [modloading-worker-0/DEBUG] [net.minecraftforge.fml.config.ConfigTracker/CONFIG]: Config file citadel-common.toml for citadel tracking
[26Jul2026 01:33:05.670] [modloading-worker-0/DEBUG] [net.minecraftforge.fml.javafmlmod.AutomaticEventSubscriber/LOADING]: Attempting to inject @EventBusSubscriber classes into the eventbus for citadel
[26Jul2026 01:33:05.673] [modloading-worker-0/DEBUG] [net.minecraftforge.fml.javafmlmod.AutomaticEventSubscriber/LOADING]: Auto-subscribing com.github.alexthe666.citadel.ServerProxy to MOD
[26Jul2026 01:33:05.679] [modloading-worker-0/DEBUG] [net.minecraftforge.fml.config.ConfigTracker/CONFIG]: Config file ecologics.toml for ecologics tracking
[26Jul2026 01:33:05.684] [modloading-worker-0/DEBUG] [net.minecraftforge.fml.config.ConfigTracker/CONFIG]: Config file artifacts-common.toml for artifacts tracking
[26Jul2026 01:33:05.719] [modloading-worker-0/DEBUG] [net.minecraftforge.fml.javafmlmod.AutomaticEventSubscriber/LOADING]: Attempting to inject @EventBusSubscriber classes into the eventbus for ecologics
[26Jul2026 01:33:05.719] [modloading-worker-0/DEBUG] [net.minecraftforge.fml.javafmlmod.AutomaticEventSubscriber/LOADING]: Auto-subscribing samebutdifferent.ecologics.event.forge.CommonEventHandler to FORGE
[26Jul2026 01:33:05.738] [modloading-worker-0/DEBUG] [net.minecraftforge.fml.javafmlmod.AutomaticEventSubscriber/LOADING]: Attempting to inject @EventBusSubscriber classes into the eventbus for mixinextras
[26Jul2026 01:33:05.757] [modloading-worker-0/DEBUG] [net.minecraftforge.fml.config.ConfigTracker/CONFIG]: Config file champions-client.toml for champions tracking
[26Jul2026 01:33:05.791] [modloading-worker-0/DEBUG] [net.minecraftforge.fml.config.ConfigTracker/CONFIG]: Config file champions-server.toml for champions tracking
[26Jul2026 01:33:05.795] [modloading-worker-0/DEBUG] [net.minecraftforge.fml.config.ConfigTracker/CONFIG]: Config file champions-ranks.toml for champions tracking
[26Jul2026 01:33:05.796] [modloading-worker-0/DEBUG] [net.minecraftforge.fml.config.ConfigTracker/CONFIG]: Config file champions-affixes.toml for champions tracking
[26Jul2026 01:33:05.796] [modloading-worker-0/DEBUG] [net.minecraftforge.fml.config.ConfigTracker/CONFIG]: Config file champions-entities.toml for champions tracking
[26Jul2026 01:33:05.802] [modloading-worker-0/DEBUG] [net.minecraftforge.fml.javafmlmod.AutomaticEventSubscriber/LOADING]: Attempting to inject @EventBusSubscriber classes into the eventbus for champions
[26Jul2026 01:33:05.803] [modloading-worker-0/DEBUG] [net.minecraftforge.fml.javafmlmod.AutomaticEventSubscriber/LOADING]: Auto-subscribing top.theillusivec4.champions.common.registry.RegistryEventsHandler to MOD
[26Jul2026 01:33:05.883] [modloading-worker-0/DEBUG] [net.minecraftforge.fml.javafmlmod.AutomaticEventSubscriber/LOADING]: Attempting to inject @EventBusSubscriber classes into the eventbus for artifacts
[26Jul2026 01:33:05.895] [modloading-worker-0/DEBUG] [net.minecraftforge.fml.javafmlmod.AutomaticEventSubscriber/LOADING]: Auto-subscribing artifacts.data.DataGenerators to MOD
[26Jul2026 01:33:05.896] [modloading-worker-0/DEBUG] [net.minecraftforge.fml.javafmlmod.AutomaticEventSubscriber/LOADING]: Auto-subscribing artifacts.common.config.ModConfig to MOD
[26Jul2026 01:33:05.954] [modloading-worker-0/DEBUG] [mixin/]: Mixing ForgeHooksMixin from tombstone.mixins.json into net.minecraftforge.common.ForgeHooks
[26Jul2026 01:33:05.975] [modloading-worker-0/DEBUG] [net.minecraftforge.fml.config.ConfigTracker/CONFIG]: Config file tombstone-client.toml for tombstone tracking
[26Jul2026 01:33:05.976] [modloading-worker-0/DEBUG] [net.minecraftforge.fml.config.ConfigTracker/CONFIG]: Config file tombstone-common.toml for tombstone tracking
[26Jul2026 01:33:06.017] [modloading-worker-0/DEBUG] [net.minecraftforge.fml.config.ConfigTracker/CONFIG]: Config file tombstone-server.toml for tombstone tracking
[26Jul2026 01:33:06.037] [modloading-worker-0/DEBUG] [net.minecraftforge.fml.javafmlmod.AutomaticEventSubscriber/LOADING]: Attempting to inject @EventBusSubscriber classes into the eventbus for tombstone
[26Jul2026 01:33:06.037] [modloading-worker-0/DEBUG] [net.minecraftforge.fml.javafmlmod.AutomaticEventSubscriber/LOADING]: Auto-subscribing ovh.corail.tombstone.registry.ModSounds to MOD
[26Jul2026 01:33:06.046] [modloading-worker-0/DEBUG] [net.minecraftforge.fml.javafmlmod.AutomaticEventSubscriber/LOADING]: Auto-subscribing ovh.corail.tombstone.registry.ModSerializers to MOD
[26Jul2026 01:33:06.104] [modloading-worker-0/DEBUG] [net.minecraftforge.fml.javafmlmod.AutomaticEventSubscriber/LOADING]: Auto-subscribing ovh.corail.tombstone.registry.ModPotions to MOD
[26Jul2026 01:33:06.116] [modloading-worker-0/DEBUG] [net.minecraftforge.fml.javafmlmod.AutomaticEventSubscriber/LOADING]: Auto-subscribing ovh.corail.tombstone.registry.ModPerks to MOD
[26Jul2026 01:33:06.121] [modloading-worker-0/DEBUG] [net.minecraftforge.fml.config.ConfigTracker/CONFIG]: Config file alexsmobs.toml for alexsmobs tracking
[26Jul2026 01:33:06.164] [modloading-worker-0/DEBUG] [net.minecraftforge.fml.javafmlmod.AutomaticEventSubscriber/LOADING]: Auto-subscribing ovh.corail.tombstone.registry.ModParticleTypes to MOD
[26Jul2026 01:33:06.165] [modloading-worker-0/DEBUG] [net.minecraftforge.fml.javafmlmod.AutomaticEventSubscriber/LOADING]: Auto-subscribing ovh.corail.tombstone.registry.ModPaintings to MOD
[26Jul2026 01:33:06.166] [modloading-worker-0/DEBUG] [net.minecraftforge.fml.javafmlmod.AutomaticEventSubscriber/LOADING]: Auto-subscribing ovh.corail.tombstone.registry.ModItems to MOD
[26Jul2026 01:33:06.239] [modloading-worker-0/DEBUG] [mixin/]: Mixing accessor.LootTableForgeAccessor from puzzleslib.forge.mixins.json into net.minecraft.world.level.storage.loot.LootTable
[26Jul2026 01:33:06.258] [modloading-worker-0/DEBUG] [mixin/]: Mixing LootTablesForgeMixin from puzzleslib.forge.mixins.json into net.minecraft.world.level.storage.loot.LootTables
[26Jul2026 01:33:06.322] [modloading-worker-0/DEBUG] [net.minecraftforge.fml.javafmlmod.AutomaticEventSubscriber/LOADING]: Attempting to inject @EventBusSubscriber classes into the eventbus for alexsmobs
[26Jul2026 01:33:06.322] [modloading-worker-0/DEBUG] [net.minecraftforge.fml.javafmlmod.AutomaticEventSubscriber/LOADING]: Auto-subscribing com.github.alexthe666.alexsmobs.world.AMWorldRegistry to MOD
[26Jul2026 01:33:06.337] [modloading-worker-0/DEBUG] [net.minecraftforge.fml.javafmlmod.AutomaticEventSubscriber/LOADING]: Auto-subscribing com.github.alexthe666.alexsmobs.tileentity.AMTileEntityRegistry to MOD
[26Jul2026 01:33:06.337] [modloading-worker-0/DEBUG] [net.minecraftforge.fml.javafmlmod.AutomaticEventSubscriber/LOADING]: Auto-subscribing com.github.alexthe666.alexsmobs.misc.AMSoundRegistry to MOD
[26Jul2026 01:33:06.348] [modloading-worker-0/DEBUG] [net.minecraftforge.fml.javafmlmod.AutomaticEventSubscriber/LOADING]: Auto-subscribing com.github.alexthe666.alexsmobs.item.AMItemRegistry to MOD
[26Jul2026 01:33:06.352] [modloading-worker-0/DEBUG] [net.minecraftforge.fml.javafmlmod.AutomaticEventSubscriber/LOADING]: Auto-subscribing com.github.alexthe666.alexsmobs.event.ServerEvents to FORGE
[26Jul2026 01:33:06.356] [modloading-worker-0/DEBUG] [net.minecraftforge.fml.javafmlmod.AutomaticEventSubscriber/LOADING]: Auto-subscribing com.github.alexthe666.alexsmobs.entity.AMEntityRegistry to MOD
[26Jul2026 01:33:06.357] [modloading-worker-0/DEBUG] [net.minecraftforge.fml.javafmlmod.AutomaticEventSubscriber/LOADING]: Auto-subscribing com.github.alexthe666.alexsmobs.enchantment.AMEnchantmentRegistry to MOD
[26Jul2026 01:33:06.368] [modloading-worker-0/DEBUG] [net.minecraftforge.fml.javafmlmod.AutomaticEventSubscriber/LOADING]: Auto-subscribing com.github.alexthe666.alexsmobs.effect.AMEffectRegistry to MOD
[26Jul2026 01:33:06.375] [modloading-worker-0/DEBUG] [net.minecraftforge.fml.javafmlmod.AutomaticEventSubscriber/LOADING]: Auto-subscribing ovh.corail.tombstone.registry.ModEntities to MOD
[26Jul2026 01:33:06.390] [modloading-worker-0/DEBUG] [net.minecraftforge.fml.javafmlmod.AutomaticEventSubscriber/LOADING]: Auto-subscribing ovh.corail.tombstone.registry.ModEnchantments to MOD
[26Jul2026 01:33:06.425] [modloading-worker-0/DEBUG] [net.minecraftforge.fml.javafmlmod.AutomaticEventSubscriber/LOADING]: Auto-subscribing com.github.alexthe666.alexsmobs.CommonProxy to MOD
[26Jul2026 01:33:06.427] [modloading-worker-0/DEBUG] [net.minecraftforge.fml.javafmlmod.AutomaticEventSubscriber/LOADING]: Auto-subscribing ovh.corail.tombstone.registry.ModEffects to MOD
[26Jul2026 01:33:06.428] [modloading-worker-0/DEBUG] [net.minecraftforge.fml.javafmlmod.AutomaticEventSubscriber/LOADING]: Auto-subscribing ovh.corail.tombstone.registry.ModCapabilities to MOD
[26Jul2026 01:33:06.475] [modloading-worker-0/DEBUG] [net.minecraftforge.fml.javafmlmod.AutomaticEventSubscriber/LOADING]: Auto-subscribing ovh.corail.tombstone.registry.ModBlocks to MOD
[26Jul2026 01:33:06.479] [modloading-worker-0/DEBUG] [net.minecraftforge.fml.javafmlmod.AutomaticEventSubscriber/LOADING]: Auto-subscribing com.github.alexthe666.alexsmobs.client.particle.AMParticleRegistry to MOD
[26Jul2026 01:33:06.484] [modloading-worker-0/DEBUG] [net.minecraftforge.fml.javafmlmod.AutomaticEventSubscriber/LOADING]: Auto-subscribing com.github.alexthe666.alexsmobs.AlexsMobs to FORGE
[26Jul2026 01:33:06.496] [modloading-worker-0/DEBUG] [net.minecraftforge.fml.javafmlmod.AutomaticEventSubscriber/LOADING]: Auto-subscribing ovh.corail.tombstone.perk.PerkRegistry to MOD
[26Jul2026 01:33:06.497] [modloading-worker-0/DEBUG] [net.minecraftforge.fml.javafmlmod.AutomaticEventSubscriber/LOADING]: Auto-subscribing ovh.corail.tombstone.helper.LootHelper to FORGE
[26Jul2026 01:33:06.507] [modloading-worker-0/DEBUG] [net.minecraftforge.fml.javafmlmod.AutomaticEventSubscriber/LOADING]: Auto-subscribing ovh.corail.tombstone.event.EventHandler to FORGE
[26Jul2026 01:33:06.569] [modloading-worker-0/DEBUG] [net.minecraftforge.fml.javafmlmod.AutomaticEventSubscriber/LOADING]: Auto-subscribing ovh.corail.tombstone.config.ConfigTombstone$ConfigEvent to MOD
[26Jul2026 01:33:06.571] [modloading-worker-0/INFO] [Spartan Weaponry/]: Constructing Mod: Spartan Weaponry
[26Jul2026 01:33:06.576] [modloading-worker-0/INFO] [Spartan Weaponry/]: Initialising API! Version: 9
[26Jul2026 01:33:06.580] [modloading-worker-0/INFO] [Spartan Weaponry/]: Spartan Weaponry API version 9 has been initalized!
[26Jul2026 01:33:06.585] [modloading-worker-0/DEBUG] [net.minecraftforge.fml.config.ConfigTracker/CONFIG]: Config file sophisticatedbackpacks-server.toml for sophisticatedbackpacks tracking
[26Jul2026 01:33:06.585] [modloading-worker-0/DEBUG] [net.minecraftforge.fml.config.ConfigTracker/CONFIG]: Config file sophisticatedbackpacks-common.toml for sophisticatedbackpacks tracking
[26Jul2026 01:33:06.790] [modloading-worker-0/DEBUG] [net.minecraftforge.fml.javafmlmod.AutomaticEventSubscriber/LOADING]: Attempting to inject @EventBusSubscriber classes into the eventbus for born_in_chaos_v1
[26Jul2026 01:33:06.790] [modloading-worker-0/DEBUG] [net.minecraftforge.fml.javafmlmod.AutomaticEventSubscriber/LOADING]: Auto-subscribing net.mcreator.borninchaosv.world.features.ores.InfectedDiamondOreFeature$InfectedDiamondOreFeatureRuleTest to MOD
[26Jul2026 01:33:06.803] [modloading-worker-0/DEBUG] [net.minecraftforge.fml.javafmlmod.AutomaticEventSubscriber/LOADING]: Auto-subscribing net.mcreator.borninchaosv.world.features.ores.InfectedDeepslateDiamondOreFeature$InfectedDeepslateDiamondOreFeatureRuleTest to MOD
[26Jul2026 01:33:06.804] [modloading-worker-0/DEBUG] [net.minecraftforge.fml.javafmlmod.AutomaticEventSubscriber/LOADING]: Auto-subscribing net.mcreator.borninchaosv.world.features.ores.DarkMetalDepositFeature$DarkMetalDepositFeatureRuleTest to MOD
[26Jul2026 01:33:06.808] [modloading-worker-0/DEBUG] [net.minecraftforge.fml.javafmlmod.AutomaticEventSubscriber/LOADING]: Auto-subscribing net.mcreator.borninchaosv.world.features.ores.BlackArgilliteFeature$BlackArgilliteFeatureRuleTest to MOD
[26Jul2026 01:33:06.809] [modloading-worker-0/DEBUG] [net.minecraftforge.fml.javafmlmod.AutomaticEventSubscriber/LOADING]: Auto-subscribing net.mcreator.borninchaosv.recipes.brewing.SeaTerrorEyeKBrewingRecipe to MOD
[26Jul2026 01:33:06.810] [modloading-worker-0/DEBUG] [net.minecraftforge.fml.javafmlmod.AutomaticEventSubscriber/LOADING]: Auto-subscribing net.mcreator.borninchaosv.recipes.brewing.PotionofMagicalDepletionKBrewingRecipe to MOD
[26Jul2026 01:33:06.813] [modloading-worker-0/DEBUG] [net.minecraftforge.fml.javafmlmod.AutomaticEventSubscriber/LOADING]: Auto-subscribing net.mcreator.borninchaosv.recipes.brewing.IntoxicationPotionKBrewingRecipe to MOD
[26Jul2026 01:33:06.815] [modloading-worker-0/DEBUG] [net.minecraftforge.fml.javafmlmod.AutomaticEventSubscriber/LOADING]: Auto-subscribing net.mcreator.borninchaosv.procedures.ZombieswithDoorPriObnovlieniiTaktaSushchnostiProcedure to FORGE
[26Jul2026 01:33:06.818] [modloading-worker-0/DEBUG] [net.minecraftforge.fml.javafmlmod.AutomaticEventSubscriber/LOADING]: Auto-subscribing net.mcreator.borninchaosv.procedures.ZombieswithDoorKoghdaSushchnostRanienaProcedure to FORGE
[26Jul2026 01:33:06.819] [modloading-worker-0/DEBUG] [net.minecraftforge.fml.javafmlmod.AutomaticEventSubscriber/LOADING]: Auto-subscribing net.mcreator.borninchaosv.procedures.ZombieMaggotsProcedure to FORGE
[26Jul2026 01:33:06.823] [modloading-worker-0/DEBUG] [net.minecraftforge.fml.javafmlmod.AutomaticEventSubscriber/LOADING]: Auto-subscribing net.mcreator.borninchaosv.procedures.ZombiefishermanatackProcedure to FORGE
[26Jul2026 01:33:06.824] [modloading-worker-0/DEBUG] [net.minecraftforge.fml.javafmlmod.AutomaticEventSubscriber/LOADING]: Auto-subscribing net.mcreator.borninchaosv.procedures.ZombieclownatacProcedure to FORGE
[26Jul2026 01:33:06.826] [modloading-worker-0/DEBUG] [net.minecraftforge.fml.javafmlmod.AutomaticEventSubscriber/LOADING]: Auto-subscribing net.mcreator.borninchaosv.procedures.ZombieBruiseratackProcedure to FORGE
[26Jul2026 01:33:06.827] [modloading-worker-0/DEBUG] [net.minecraftforge.fml.javafmlmod.AutomaticEventSubscriber/LOADING]: Auto-subscribing net.mcreator.borninchaosv.procedures.WitherStriderAtacProcedure to FORGE
[26Jul2026 01:33:06.828] [modloading-worker-0/DEBUG] [net.minecraftforge.fml.javafmlmod.AutomaticEventSubscriber/LOADING]: Auto-subscribing net.mcreator.borninchaosv.procedures.WarningSoundProcedure to FORGE
[26Jul2026 01:33:06.829] [modloading-worker-0/DEBUG] [net.minecraftforge.fml.javafmlmod.AutomaticEventSubscriber/LOADING]: Auto-subscribing net.mcreator.borninchaosv.procedures.TransmutingElixirclicProcedure to FORGE
[26Jul2026 01:33:06.833] [modloading-worker-0/DEBUG] [net.minecraftforge.fml.javafmlmod.AutomaticEventSubscriber/LOADING]: Auto-subscribing net.mcreator.borninchaosv.procedures.ThornshellCrabPriShchielchkiePKMPoSushchnostiProcedure to FORGE
[26Jul2026 01:33:06.836] [modloading-worker-0/DEBUG] [net.minecraftforge.fml.javafmlmod.AutomaticEventSubscriber/LOADING]: Auto-subscribing net.mcreator.borninchaosv.procedures.SwarmerPreparationProcedure to FORGE
[26Jul2026 01:33:06.840] [modloading-worker-0/DEBUG] [net.minecraftforge.fml.javafmlmod.AutomaticEventSubscriber/LOADING]: Auto-subscribing net.mcreator.borninchaosv.procedures.SpiritGuideAtacProcedure to FORGE
[26Jul2026 01:33:06.841] [modloading-worker-0/DEBUG] [net.minecraftforge.fml.javafmlmod.AutomaticEventSubscriber/LOADING]: Auto-subscribing net.mcreator.borninchaosv.procedures.SpinyShellArmorKazhdyiTikDliaShliemaProcedure to FORGE
[26Jul2026 01:33:06.843] [modloading-worker-0/DEBUG] [net.minecraftforge.fml.javafmlmod.AutomaticEventSubscriber/LOADING]: Auto-subscribing net.mcreator.borninchaosv.procedures.SkeletonThrasherDProcedure to FORGE
[26Jul2026 01:33:06.848] [modloading-worker-0/DEBUG] [net.minecraftforge.fml.javafmlmod.AutomaticEventSubscriber/LOADING]: Auto-subscribing net.mcreator.borninchaosv.procedures.ShySpiritDamProcedure to FORGE
[26Jul2026 01:33:06.850] [modloading-worker-0/DEBUG] [net.minecraftforge.fml.javafmlmod.AutomaticEventSubscriber/LOADING]: Auto-subscribing net.mcreator.borninchaosv.procedures.SerPumpkinheadAtacProcedure to FORGE
[26Jul2026 01:33:06.853] [modloading-worker-0/DEBUG] [net.minecraftforge.fml.javafmlmod.AutomaticEventSubscriber/LOADING]: Auto-subscribing net.mcreator.borninchaosv.procedures.SearedspiritPProcedure to FORGE
[26Jul2026 01:33:06.857] [modloading-worker-0/DEBUG] [net.minecraftforge.fml.javafmlmod.AutomaticEventSubscriber/LOADING]: Auto-subscribing net.mcreator.borninchaosv.procedures.RampagePProcedure to FORGE
[26Jul2026 01:33:06.858] [modloading-worker-0/DEBUG] [net.minecraftforge.fml.javafmlmod.AutomaticEventSubscriber/LOADING]: Auto-subscribing net.mcreator.borninchaosv.procedures.PiritAtacProcedure to FORGE
[26Jul2026 01:33:06.862] [modloading-worker-0/DEBUG] [net.minecraftforge.fml.javafmlmod.AutomaticEventSubscriber/LOADING]: Auto-subscribing net.mcreator.borninchaosv.procedures.NightmareStalkerDamProcedure to FORGE
[26Jul2026 01:33:06.866] [modloading-worker-0/DEBUG] [net.minecraftforge.fml.javafmlmod.AutomaticEventSubscriber/LOADING]: Auto-subscribing net.mcreator.borninchaosv.procedures.MrPumpkinAtacProcedure to FORGE
[26Jul2026 01:33:06.866] [modloading-worker-0/DEBUG] [net.minecraftforge.fml.javafmlmod.AutomaticEventSubscriber/LOADING]: Auto-subscribing net.mcreator.borninchaosv.procedures.LordTheHeadlessAtackProcedure to FORGE
[26Jul2026 01:33:06.870] [modloading-worker-0/DEBUG] [net.minecraftforge.fml.javafmlmod.AutomaticEventSubscriber/LOADING]: Auto-subscribing net.mcreator.borninchaosv.procedures.LordsFelsteedatackProcedure to FORGE
[26Jul2026 01:33:06.874] [modloading-worker-0/DEBUG] [net.minecraftforge.fml.javafmlmod.AutomaticEventSubscriber/LOADING]: Auto-subscribing net.mcreator.borninchaosv.procedures.LordPumpkinheadatackProcedure to FORGE
[26Jul2026 01:33:06.876] [modloading-worker-0/DEBUG] [net.minecraftforge.fml.javafmlmod.AutomaticEventSubscriber/LOADING]: Auto-subscribing net.mcreator.borninchaosv.procedures.InfernalSpiritAtackProcedure to FORGE
[26Jul2026 01:33:06.879] [modloading-worker-0/DEBUG] [net.minecraftforge.fml.javafmlmod.AutomaticEventSubscriber/LOADING]: Auto-subscribing net.mcreator.borninchaosv.procedures.HewnScorchedLogPProcedure to FORGE
[26Jul2026 01:33:06.885] [modloading-worker-0/DEBUG] [net.minecraftforge.fml.javafmlmod.AutomaticEventSubscriber/LOADING]: Auto-subscribing net.mcreator.borninchaosv.procedures.GluttonfishatackProcedure to FORGE
[26Jul2026 01:33:06.892] [modloading-worker-0/DEBUG] [net.minecraftforge.fml.javafmlmod.AutomaticEventSubscriber/LOADING]: Auto-subscribing net.mcreator.borninchaosv.procedures.FragileScorchedPlanksPProcedure to FORGE
[26Jul2026 01:33:06.895] [modloading-worker-0/DEBUG] [net.minecraftforge.fml.javafmlmod.AutomaticEventSubscriber/LOADING]: Auto-subscribing net.mcreator.borninchaosv.procedures.FirelightDProcedure to FORGE
[26Jul2026 01:33:06.900] [modloading-worker-0/DEBUG] [net.minecraftforge.fml.javafmlmod.AutomaticEventSubscriber/LOADING]: Auto-subscribing net.mcreator.borninchaosv.procedures.EvilCarvedPumpkinPProcedure to FORGE
[26Jul2026 01:33:06.905] [modloading-worker-0/DEBUG] [net.minecraftforge.fml.javafmlmod.AutomaticEventSubscriber/LOADING]: Auto-subscribing net.mcreator.borninchaosv.procedures.EatingRottenFleshProcedure to FORGE
[26Jul2026 01:33:06.909] [modloading-worker-0/DEBUG] [net.minecraftforge.fml.javafmlmod.AutomaticEventSubscriber/LOADING]: Auto-subscribing net.mcreator.borninchaosv.procedures.DZombieDProcedure to FORGE
[26Jul2026 01:33:06.913] [modloading-worker-0/DEBUG] [net.minecraftforge.fml.javafmlmod.AutomaticEventSubscriber/LOADING]: Auto-subscribing net.mcreator.borninchaosv.procedures.DreadHoundPriNazhatiiPravoiKnopkiNaSushchnostProcedure to FORGE
[26Jul2026 01:33:06.914] [modloading-worker-0/DEBUG] [net.minecraftforge.fml.javafmlmod.AutomaticEventSubscriber/LOADING]: Auto-subscribing net.mcreator.borninchaosv.procedures.DreadHoundAtacProcedure to FORGE
[26Jul2026 01:33:06.923] [modloading-worker-0/DEBUG] [net.minecraftforge.fml.javafmlmod.AutomaticEventSubscriber/LOADING]: Auto-subscribing net.mcreator.borninchaosv.procedures.DireHoundLeaderAtackProcedure to FORGE
[26Jul2026 01:33:06.924] [modloading-worker-0/DEBUG] [net.minecraftforge.fml.javafmlmod.AutomaticEventSubscriber/LOADING]: Auto-subscribing net.mcreator.borninchaosv.procedures.DimonBaitProcedure to FORGE
[26Jul2026 01:33:06.926] [modloading-worker-0/DEBUG] [net.minecraftforge.fml.javafmlmod.AutomaticEventSubscriber/LOADING]: Auto-subscribing net.mcreator.borninchaosv.procedures.DeathTotemKoghdaPriedmietNakhoditsiaVRukieProcedure to FORGE
[26Jul2026 01:33:06.933] [modloading-worker-0/DEBUG] [net.minecraftforge.fml.javafmlmod.AutomaticEventSubscriber/LOADING]: Auto-subscribing net.mcreator.borninchaosv.procedures.DarkRitualDaggerPProcedure to FORGE
[26Jul2026 01:33:06.952] [modloading-worker-0/DEBUG] [net.minecraftforge.fml.javafmlmod.AutomaticEventSubscriber/LOADING]: Auto-subscribing net.mcreator.borninchaosv.procedures.CursedMarkAtacProcedure to FORGE
[26Jul2026 01:33:06.953] [modloading-worker-0/DEBUG] [net.minecraftforge.fml.javafmlmod.AutomaticEventSubscriber/LOADING]: Auto-subscribing net.mcreator.borninchaosv.procedures.CorpseflyatacProcedure to FORGE
[26Jul2026 01:33:06.955] [modloading-worker-0/DEBUG] [net.minecraftforge.fml.javafmlmod.AutomaticEventSubscriber/LOADING]: Auto-subscribing net.mcreator.borninchaosv.procedures.BloodyGadflyAtacProcedure to FORGE
[26Jul2026 01:33:06.958] [modloading-worker-0/DEBUG] [net.minecraftforge.fml.javafmlmod.AutomaticEventSubscriber/LOADING]: Auto-subscribing net.mcreator.borninchaosv.procedures.BlockSkeletonTrasherProcedure to FORGE
[26Jul2026 01:33:06.963] [modloading-worker-0/DEBUG] [net.minecraftforge.fml.javafmlmod.AutomaticEventSubscriber/LOADING]: Auto-subscribing net.mcreator.borninchaosv.procedures.AxeAtackProcedure to FORGE
[26Jul2026 01:33:06.967] [modloading-worker-0/DEBUG] [net.minecraftforge.fml.javafmlmod.AutomaticEventSubscriber/LOADING]: Auto-subscribing net.mcreator.borninchaosv.init.EntityAnimationFactory to FORGE
[26Jul2026 01:33:06.970] [modloading-worker-0/DEBUG] [net.minecraftforge.fml.javafmlmod.AutomaticEventSubscriber/LOADING]: Auto-subscribing net.mcreator.borninchaosv.init.BornInChaosV1ModSounds to MOD
[26Jul2026 01:33:06.976] [modloading-worker-0/DEBUG] [net.minecraftforge.fml.javafmlmod.AutomaticEventSubscriber/LOADING]: Auto-subscribing net.mcreator.borninchaosv.init.BornInChaosV1ModGameRules to MOD
[26Jul2026 01:33:06.984] [modloading-worker-0/DEBUG] [mixin/]: Mixing accessor.BooleanValueForgeAccessor from puzzleslib.forge.mixins.json into net.minecraft.world.level.GameRules$BooleanValue
[26Jul2026 01:33:06.990] [modloading-worker-0/DEBUG] [mixin/]: Renaming @Invoker method puzzleslib$callCreate(ZLjava/util/function/BiConsumer;)Lnet/minecraft/world/level/GameRules$Type; to puzzleslib$callCreate_$md$df2dc6$0 in puzzleslib.forge.mixins.json:accessor.BooleanValueForgeAccessor
[26Jul2026 01:33:07.024] [modloading-worker-0/DEBUG] [mixin/]: Mixing accessor.IntegerValueForgeAccessor from puzzleslib.forge.mixins.json into net.minecraft.world.level.GameRules$IntegerValue
[26Jul2026 01:33:07.028] [modloading-worker-0/DEBUG] [mixin/]: Renaming @Invoker method puzzleslib$callCreate(ILjava/util/function/BiConsumer;)Lnet/minecraft/world/level/GameRules$Type; to puzzleslib$callCreate_$md$df2dc6$0 in puzzleslib.forge.mixins.json:accessor.IntegerValueForgeAccessor
[26Jul2026 01:33:07.039] [modloading-worker-0/DEBUG] [net.minecraftforge.fml.javafmlmod.AutomaticEventSubscriber/LOADING]: Auto-subscribing net.mcreator.borninchaosv.init.BornInChaosV1ModFuels to FORGE
[26Jul2026 01:33:07.052] [modloading-worker-0/DEBUG] [net.minecraftforge.fml.javafmlmod.AutomaticEventSubscriber/LOADING]: Auto-subscribing net.mcreator.borninchaosv.init.BornInChaosV1ModFeatures to FORGE
[26Jul2026 01:33:07.052] [modloading-worker-0/DEBUG] [net.minecraftforge.fml.javafmlmod.AutomaticEventSubscriber/LOADING]: Auto-subscribing net.mcreator.borninchaosv.init.BornInChaosV1ModEntities to MOD
[26Jul2026 01:33:07.053] [modloading-worker-0/DEBUG] [net.minecraftforge.fml.javafmlmod.AutomaticEventSubscriber/LOADING]: Auto-subscribing net.mcreator.borninchaosv.init.BornInChaosV1ModCompostableItems to MOD
[26Jul2026 01:33:07.053] [modloading-worker-0/DEBUG] [net.minecraftforge.fml.javafmlmod.AutomaticEventSubscriber/LOADING]: Auto-subscribing net.mcreator.borninchaosv.entity.ZombieFishermanEntity to FORGE
[26Jul2026 01:33:07.064] [modloading-worker-0/DEBUG] [net.minecraftforge.fml.config.ConfigTracker/CONFIG]: Config file spartanweaponry-common.toml for spartanweaponry tracking
[26Jul2026 01:33:07.074] [modloading-worker-0/DEBUG] [net.minecraftforge.fml.config.ConfigTracker/CONFIG]: Config file spartanweaponry-client.toml for spartanweaponry tracking
[26Jul2026 01:33:07.075] [modloading-worker-0/DEBUG] [net.minecraftforge.fml.javafmlmod.AutomaticEventSubscriber/LOADING]: Attempting to inject @EventBusSubscriber classes into the eventbus for spartanweaponry
[26Jul2026 01:33:07.075] [modloading-worker-0/DEBUG] [net.minecraftforge.fml.javafmlmod.AutomaticEventSubscriber/LOADING]: Auto-subscribing com.oblivioussp.spartanweaponry.util.Config to MOD
[26Jul2026 01:33:07.075] [modloading-worker-0/DEBUG] [net.minecraftforge.fml.javafmlmod.AutomaticEventSubscriber/LOADING]: Auto-subscribing com.oblivioussp.spartanweaponry.util.ClientConfig to MOD
[26Jul2026 01:33:07.075] [modloading-worker-0/DEBUG] [net.minecraftforge.fml.javafmlmod.AutomaticEventSubscriber/LOADING]: Auto-subscribing com.oblivioussp.spartanweaponry.event.ReloadResourceEventHandler to FORGE
[26Jul2026 01:33:07.076] [modloading-worker-0/DEBUG] [net.minecraftforge.fml.javafmlmod.AutomaticEventSubscriber/LOADING]: Auto-subscribing com.oblivioussp.spartanweaponry.event.DataGenEventHandler to MOD
[26Jul2026 01:33:07.095] [modloading-worker-0/DEBUG] [net.minecraftforge.fml.javafmlmod.AutomaticEventSubscriber/LOADING]: Auto-subscribing com.oblivioussp.spartanweaponry.event.CommonEventHandler to FORGE
[26Jul2026 01:33:07.100] [modloading-worker-0/DEBUG] [net.minecraftforge.fml.javafmlmod.AutomaticEventSubscriber/LOADING]: Attempting to inject @EventBusSubscriber classes into the eventbus for sophisticatedbackpacks
[26Jul2026 01:33:07.107] [modloading-worker-0/DEBUG] [mixin/]: Mixing swimming.CombatTrackerMixin from expandability.mixins.json into net.minecraft.world.damagesource.CombatTracker
[26Jul2026 01:33:07.136] [modloading-worker-0/DEBUG] [net.minecraftforge.fml.config.ConfigTracker/CONFIG]: Config file betteranimalsplus-server.toml for betteranimalsplus tracking
[26Jul2026 01:33:07.144] [modloading-worker-0/DEBUG] [net.minecraftforge.fml.config.ConfigTracker/CONFIG]: Config file betteranimalsplus-client.toml for betteranimalsplus tracking
[26Jul2026 01:33:07.163] [modloading-worker-0/DEBUG] [net.minecraftforge.fml.javafmlmod.AutomaticEventSubscriber/LOADING]: Auto-subscribing net.mcreator.borninchaosv.entity.ZombieClownEntity to FORGE
[26Jul2026 01:33:07.164] [modloading-worker-0/DEBUG] [net.minecraftforge.fml.javafmlmod.AutomaticEventSubscriber/LOADING]: Auto-subscribing net.mcreator.borninchaosv.entity.ZombieBruiserEntity to FORGE
[26Jul2026 01:33:07.182] [modloading-worker-0/DEBUG] [net.minecraftforge.fml.javafmlmod.AutomaticEventSubscriber/LOADING]: Auto-subscribing net.mcreator.borninchaosv.entity.WitherScuttlerEntity to FORGE
[26Jul2026 01:33:07.183] [modloading-worker-0/DEBUG] [net.minecraftforge.fml.javafmlmod.AutomaticEventSubscriber/LOADING]: Auto-subscribing net.mcreator.borninchaosv.entity.ThornshellCrabEntity to FORGE
[26Jul2026 01:33:07.184] [modloading-worker-0/DEBUG] [net.minecraftforge.fml.javafmlmod.AutomaticEventSubscriber/LOADING]: Auto-subscribing net.mcreator.borninchaosv.entity.SwarmerEntity to FORGE
[26Jul2026 01:33:07.188] [modloading-worker-0/DEBUG] [net.minecraftforge.fml.javafmlmod.AutomaticEventSubscriber/LOADING]: Auto-subscribing net.mcreator.borninchaosv.entity.SupremeBonescallerEntity to FORGE
[26Jul2026 01:33:07.193] [modloading-worker-0/DEBUG] [net.minecraftforge.fml.javafmlmod.AutomaticEventSubscriber/LOADING]: Auto-subscribing net.mcreator.borninchaosv.entity.SpiritGuideEntity to FORGE
[26Jul2026 01:33:07.194] [modloading-worker-0/DEBUG] [net.minecraftforge.fml.javafmlmod.AutomaticEventSubscriber/LOADING]: Auto-subscribing net.mcreator.borninchaosv.entity.SpiritGuideAssistantEntity to FORGE
[26Jul2026 01:33:07.195] [modloading-worker-0/DEBUG] [net.minecraftforge.fml.javafmlmod.AutomaticEventSubscriber/LOADING]: Auto-subscribing net.mcreator.borninchaosv.entity.SkeletonThrasherEntity to FORGE
[26Jul2026 01:33:07.185] [modloading-worker-0/DEBUG] [net.minecraftforge.fml.javafmlmod.AutomaticEventSubscriber/LOADING]: Attempting to inject @EventBusSubscriber classes into the eventbus for architectury
[26Jul2026 01:33:07.197] [modloading-worker-0/DEBUG] [net.minecraftforge.fml.javafmlmod.AutomaticEventSubscriber/LOADING]: Auto-subscribing dev.architectury.registry.level.entity.trade.forge.TradeRegistryImpl to FORGE
[26Jul2026 01:33:07.198] [modloading-worker-0/DEBUG] [net.minecraftforge.fml.javafmlmod.AutomaticEventSubscriber/LOADING]: Auto-subscribing dev.architectury.registry.level.biome.forge.BiomeModificationsImpl to FORGE
[26Jul2026 01:33:07.196] [modloading-worker-0/DEBUG] [net.minecraftforge.fml.javafmlmod.AutomaticEventSubscriber/LOADING]: Auto-subscribing net.mcreator.borninchaosv.entity.SkeletonDemomanEntity to FORGE
[26Jul2026 01:33:07.202] [modloading-worker-0/DEBUG] [net.minecraftforge.fml.javafmlmod.AutomaticEventSubscriber/LOADING]: Auto-subscribing net.mcreator.borninchaosv.entity.SirPumpkinheadEntity to FORGE
[26Jul2026 01:33:07.204] [modloading-worker-0/DEBUG] [net.minecraftforge.fml.javafmlmod.AutomaticEventSubscriber/LOADING]: Auto-subscribing net.mcreator.borninchaosv.entity.ShySpiritEntity to FORGE
[26Jul2026 01:33:07.207] [modloading-worker-0/DEBUG] [net.minecraftforge.fml.javafmlmod.AutomaticEventSubscriber/LOADING]: Auto-subscribing net.mcreator.borninchaosv.entity.SearedSpiritEntity to FORGE
[26Jul2026 01:33:07.208] [modloading-worker-0/DEBUG] [net.minecraftforge.fml.javafmlmod.AutomaticEventSubscriber/LOADING]: Auto-subscribing net.mcreator.borninchaosv.entity.RestlessSpiritEntity to FORGE
[26Jul2026 01:33:07.208] [modloading-worker-0/DEBUG] [net.minecraftforge.fml.javafmlmod.AutomaticEventSubscriber/LOADING]: Auto-subscribing dev.architectury.registry.forge.ReloadListenerRegistryImpl to FORGE
[26Jul2026 01:33:07.213] [modloading-worker-0/DEBUG] [net.minecraftforge.fml.javafmlmod.AutomaticEventSubscriber/LOADING]: Auto-subscribing net.mcreator.borninchaosv.entity.PhantomCreeperEntity to FORGE
[26Jul2026 01:33:07.216] [modloading-worker-0/DEBUG] [net.minecraftforge.fml.javafmlmod.AutomaticEventSubscriber/LOADING]: Auto-subscribing net.mcreator.borninchaosv.entity.NightmareStalkerEntity to FORGE
[26Jul2026 01:33:07.218] [modloading-worker-0/DEBUG] [net.minecraftforge.fml.javafmlmod.AutomaticEventSubscriber/LOADING]: Auto-subscribing net.mcreator.borninchaosv.entity.MrPumpkinEntity to FORGE
[26Jul2026 01:33:07.213] [modloading-worker-0/DEBUG] [net.minecraftforge.fml.javafmlmod.AutomaticEventSubscriber/LOADING]: Auto-subscribing dev.architectury.networking.forge.NetworkManagerImpl to FORGE
[26Jul2026 01:33:07.222] [modloading-worker-0/DEBUG] [net.minecraftforge.fml.javafmlmod.AutomaticEventSubscriber/LOADING]: Auto-subscribing net.mcreator.borninchaosv.entity.GluttonFishEntity to FORGE
[26Jul2026 01:33:07.223] [modloading-worker-0/DEBUG] [net.minecraftforge.fml.javafmlmod.AutomaticEventSubscriber/LOADING]: Auto-subscribing net.mcreator.borninchaosv.entity.FirelightEntity to FORGE
[26Jul2026 01:33:07.226] [modloading-worker-0/DEBUG] [net.minecraftforge.fml.javafmlmod.AutomaticEventSubscriber/LOADING]: Auto-subscribing net.mcreator.borninchaosv.entity.FallenChaosKnightEntity to FORGE
[26Jul2026 01:33:07.229] [modloading-worker-0/DEBUG] [net.minecraftforge.fml.javafmlmod.AutomaticEventSubscriber/LOADING]: Auto-subscribing net.mcreator.borninchaosv.entity.DreadHoundEntity to FORGE
[26Jul2026 01:33:07.232] [modloading-worker-0/DEBUG] [net.minecraftforge.fml.javafmlmod.AutomaticEventSubscriber/LOADING]: Auto-subscribing net.mcreator.borninchaosv.entity.DoorKnightEntity to FORGE
[26Jul2026 01:33:07.240] [modloading-worker-0/DEBUG] [net.minecraftforge.fml.javafmlmod.AutomaticEventSubscriber/LOADING]: Auto-subscribing net.mcreator.borninchaosv.entity.DireHoundLeaderEntity to FORGE
[26Jul2026 01:33:07.234] [modloading-worker-0/INFO] [dev.architectury.networking.forge.NetworkManagerImpl/]: Registering C2S receiver with id architectury:sync_ids
[26Jul2026 01:33:07.243] [modloading-worker-0/DEBUG] [net.minecraftforge.fml.javafmlmod.AutomaticEventSubscriber/LOADING]: Auto-subscribing net.mcreator.borninchaosv.entity.DecrepitSkeletonEntity to FORGE
[26Jul2026 01:33:07.250] [modloading-worker-0/DEBUG] [net.minecraftforge.fml.javafmlmod.AutomaticEventSubscriber/LOADING]: Auto-subscribing net.mcreator.borninchaosv.entity.DecayingZombieEntity to FORGE
[26Jul2026 01:33:07.251] [modloading-worker-0/DEBUG] [net.minecraftforge.fml.javafmlmod.AutomaticEventSubscriber/LOADING]: Auto-subscribing net.mcreator.borninchaosv.entity.DarkVortexEntity to FORGE
[26Jul2026 01:33:07.251] [modloading-worker-0/DEBUG] [net.minecraftforge.fml.javafmlmod.AutomaticEventSubscriber/LOADING]: Auto-subscribing net.mcreator.borninchaosv.entity.CorpseFlyEntity to FORGE
[26Jul2026 01:33:07.252] [modloading-worker-0/DEBUG] [net.minecraftforge.fml.javafmlmod.AutomaticEventSubscriber/LOADING]: Auto-subscribing net.mcreator.borninchaosv.entity.CorpseFishEntity to FORGE
[26Jul2026 01:33:07.252] [modloading-worker-0/DEBUG] [net.minecraftforge.fml.javafmlmod.AutomaticEventSubscriber/LOADING]: Auto-subscribing net.mcreator.borninchaosv.entity.BonescallerEntity to FORGE
[26Jul2026 01:33:07.258] [modloading-worker-0/DEBUG] [mixin/]: Mixing DragonHoldingPatternPhaseMixin from progressivebosses.mixins.json into net.minecraft.world.entity.boss.enderdragon.phases.DragonHoldingPatternPhase
[26Jul2026 01:33:07.259] [modloading-worker-0/DEBUG] [mixin/]: progressivebosses.mixins.json:DragonHoldingPatternPhaseMixin: Class version 61 required is higher than the class version supported by the current version of Mixin (JAVA_8 supports class version 52)
[26Jul2026 01:33:07.265] [modloading-worker-0/DEBUG] [net.minecraftforge.fml.javafmlmod.AutomaticEventSubscriber/LOADING]: Auto-subscribing net.mcreator.borninchaosv.entity.BoneImpEntity to FORGE
[26Jul2026 01:33:07.266] [modloading-worker-0/DEBUG] [net.minecraftforge.fml.javafmlmod.AutomaticEventSubscriber/LOADING]: Auto-subscribing net.mcreator.borninchaosv.entity.BoneImp2Entity to FORGE
[26Jul2026 01:33:07.267] [modloading-worker-0/DEBUG] [net.minecraftforge.fml.javafmlmod.AutomaticEventSubscriber/LOADING]: Auto-subscribing net.mcreator.borninchaosv.entity.BloodyGadflyEntity to FORGE
[26Jul2026 01:33:07.269] [modloading-worker-0/DEBUG] [net.minecraftforge.fml.javafmlmod.AutomaticEventSubscriber/LOADING]: Auto-subscribing net.mcreator.borninchaosv.entity.BarrelZombieEntity to FORGE
[26Jul2026 01:33:07.278] [modloading-worker-0/DEBUG] [net.minecraftforge.fml.javafmlmod.AutomaticEventSubscriber/LOADING]: Auto-subscribing net.mcreator.borninchaosv.entity.BabySkeletonEntity to FORGE
[26Jul2026 01:33:07.279] [modloading-worker-0/DEBUG] [net.minecraftforge.fml.javafmlmod.AutomaticEventSubscriber/LOADING]: Auto-subscribing net.mcreator.borninchaosv.entity.BabySkeleton2Entity to FORGE
[26Jul2026 01:33:07.282] [modloading-worker-0/DEBUG] [mixin/]: Mixing DragonStrafePlayerPhaseMixin from progressivebosses.mixins.json into net.minecraft.world.entity.boss.enderdragon.phases.DragonStrafePlayerPhase
[26Jul2026 01:33:07.283] [modloading-worker-0/DEBUG] [mixin/]: progressivebosses.mixins.json:DragonStrafePlayerPhaseMixin: Class version 61 required is higher than the class version supported by the current version of Mixin (JAVA_8 supports class version 52)
[26Jul2026 01:33:07.290] [modloading-worker-0/DEBUG] [net.minecraftforge.fml.config.ConfigTracker/CONFIG]: Config file iceandfire-client.toml for iceandfire tracking
[26Jul2026 01:33:07.299] [modloading-worker-0/DEBUG] [net.minecraftforge.fml.config.ConfigTracker/CONFIG]: Config file iceandfire-common.toml for iceandfire tracking
[26Jul2026 01:33:07.334] [modloading-worker-0/DEBUG] [mixin/]: Mixing DragonLandingPhaseMixin from progressivebosses.mixins.json into net.minecraft.world.entity.boss.enderdragon.phases.DragonLandingPhase
[26Jul2026 01:33:07.337] [modloading-worker-0/DEBUG] [mixin/]: progressivebosses.mixins.json:DragonLandingPhaseMixin: Class version 61 required is higher than the class version supported by the current version of Mixin (JAVA_8 supports class version 52)
[26Jul2026 01:33:07.385] [modloading-worker-0/DEBUG] [mixin/]: Mixing DragonChargePlayerPhaseMixin from progressivebosses.mixins.json into net.minecraft.world.entity.boss.enderdragon.phases.DragonChargePlayerPhase
[26Jul2026 01:33:07.385] [modloading-worker-0/DEBUG] [mixin/]: progressivebosses.mixins.json:DragonChargePlayerPhaseMixin: Class version 61 required is higher than the class version supported by the current version of Mixin (JAVA_8 supports class version 52)
[26Jul2026 01:33:07.401] [modloading-worker-0/WARN] [mixin/]: @Final field f_31201_:Lorg/slf4j/Logger; in progressivebosses.mixins.json:DragonChargePlayerPhaseMixin should be final
[26Jul2026 01:33:07.512] [modloading-worker-0/DEBUG] [net.minecraftforge.fml.config.ConfigTracker/CONFIG]: Config file progressivebosses-common.toml for progressivebosses tracking
[26Jul2026 01:33:07.540] [modloading-worker-0/DEBUG] [net.minecraftforge.fml.javafmlmod.AutomaticEventSubscriber/LOADING]: Attempting to inject @EventBusSubscriber classes into the eventbus for progressivebosses
[26Jul2026 01:33:07.541] [modloading-worker-0/DEBUG] [net.minecraftforge.fml.javafmlmod.AutomaticEventSubscriber/LOADING]: Auto-subscribing insane96mcp.progressivebosses.setup.Config to MOD
[26Jul2026 01:33:07.541] [modloading-worker-0/DEBUG] [net.minecraftforge.fml.javafmlmod.AutomaticEventSubscriber/LOADING]: Auto-subscribing insane96mcp.progressivebosses.event.PlayerClone to FORGE
[26Jul2026 01:33:07.542] [modloading-worker-0/DEBUG] [net.minecraftforge.fml.javafmlmod.AutomaticEventSubscriber/LOADING]: Auto-subscribing insane96mcp.progressivebosses.event.EntityRegisterAttributes to MOD
[26Jul2026 01:33:07.550] [modloading-worker-0/DEBUG] [net.minecraftforge.fml.javafmlmod.AutomaticEventSubscriber/LOADING]: Auto-subscribing insane96mcp.progressivebosses.event.CapabilityEvent to FORGE
[26Jul2026 01:33:07.552] [modloading-worker-0/DEBUG] [net.minecraftforge.fml.javafmlmod.AutomaticEventSubscriber/LOADING]: Attempting to inject @EventBusSubscriber classes into the eventbus for puzzleslib
[26Jul2026 01:33:07.552] [modloading-worker-0/DEBUG] [net.minecraftforge.fml.javafmlmod.AutomaticEventSubscriber/LOADING]: Auto-subscribing fuzs.puzzleslib.impl.PuzzlesLibForge to MOD
[26Jul2026 01:33:07.555] [modloading-worker-0/INFO] [Puzzles Lib/]: Constructing common components for puzzleslib:main
[26Jul2026 01:33:07.583] [modloading-worker-0/INFO] [dev.itsmeow.betteranimalsplus.BetterAnimalsPlusMod/]: Injecting super coyotes...
[26Jul2026 01:33:07.607] [modloading-worker-0/INFO] [dev.architectury.networking.forge.NetworkManagerImpl/]: Registering C2S receiver with id betteranimalsplus:main_channel/23ca639241d73eaf919246602470f295
[26Jul2026 01:33:07.616] [modloading-worker-0/INFO] [dev.architectury.networking.forge.NetworkManagerImpl/]: Registering C2S receiver with id betteranimalsplus:main_channel/d8f3c48219d933a6b2302c4d780df514
[26Jul2026 01:33:07.619] [modloading-worker-0/INFO] [dev.architectury.networking.forge.NetworkManagerImpl/]: Registering C2S receiver with id betteranimalsplus:main_channel/dd94e2f3f0db361b8621d0f834adec1b
[26Jul2026 01:33:07.632] [modloading-worker-0/INFO] [dev.architectury.networking.forge.NetworkManagerImpl/]: Registering C2S receiver with id betteranimalsplus:main_channel/59f1974289d63eb58cbd6fe813098096
[26Jul2026 01:33:07.642] [modloading-worker-0/INFO] [dev.architectury.networking.forge.NetworkManagerImpl/]: Registering C2S receiver with id betteranimalsplus:main_channel/fd8d1482ead03ca8a9954263aa7f6289
[26Jul2026 01:33:07.759] [modloading-worker-0/DEBUG] [net.minecraftforge.fml.javafmlmod.AutomaticEventSubscriber/LOADING]: Attempting to inject @EventBusSubscriber classes into the eventbus for betteranimalsplus
[26Jul2026 01:33:07.763] [modloading-worker-0/DEBUG] [net.minecraftforge.fml.javafmlmod.AutomaticEventSubscriber/LOADING]: Auto-subscribing dev.itsmeow.betteranimalsplus.forge.BetterAnimalsPlusModForge to FORGE
[26Jul2026 01:33:07.778] [modloading-worker-0/DEBUG] [net.minecraftforge.fml.javafmlmod.AutomaticEventSubscriber/LOADING]: Attempting to inject @EventBusSubscriber classes into the eventbus for usefulslime
[26Jul2026 01:33:07.779] [modloading-worker-0/DEBUG] [net.minecraftforge.fml.javafmlmod.AutomaticEventSubscriber/LOADING]: Auto-subscribing einstein.usefulslime.util.ModEventHandler to FORGE
[26Jul2026 01:33:07.784] [modloading-worker-0/DEBUG] [net.minecraftforge.fml.javafmlmod.AutomaticEventSubscriber/LOADING]: Attempting to inject @EventBusSubscriber classes into the eventbus for cloth_config
[26Jul2026 01:33:07.786] [modloading-worker-0/DEBUG] [net.minecraftforge.fml.javafmlmod.AutomaticEventSubscriber/LOADING]: Attempting to inject @EventBusSubscriber classes into the eventbus for immersive_armors
[26Jul2026 01:33:07.787] [modloading-worker-0/DEBUG] [net.minecraftforge.fml.javafmlmod.AutomaticEventSubscriber/LOADING]: Auto-subscribing immersive_armors.forge.CommonForge to MOD
[26Jul2026 01:33:07.787] [modloading-worker-0/DEBUG] [net.minecraftforge.fml.javafmlmod.AutomaticEventSubscriber/LOADING]: Auto-subscribing immersive_armors.forge.LootProvider$EventHandlers to MOD
[26Jul2026 01:33:07.788] [modloading-worker-0/DEBUG] [net.minecraftforge.fml.javafmlmod.AutomaticEventSubscriber/LOADING]: Auto-subscribing immersive_armors.forge.ForgeBusEvents to FORGE
[26Jul2026 01:33:07.799] [modloading-worker-0/DEBUG] [net.minecraftforge.versions.forge.ForgeVersion/CORE]: Forge Version package package net.minecraftforge.versions.forge, Forge, version 40.2 from cpw.mods.modlauncher.TransformingClassLoader@27755487
[26Jul2026 01:33:07.806] [modloading-worker-0/DEBUG] [net.minecraftforge.versions.forge.ForgeVersion/CORE]: Found Forge version 40.2.21
[26Jul2026 01:33:07.806] [modloading-worker-0/DEBUG] [net.minecraftforge.versions.forge.ForgeVersion/CORE]: Found Forge spec 40.2
[26Jul2026 01:33:07.806] [modloading-worker-0/DEBUG] [net.minecraftforge.versions.forge.ForgeVersion/CORE]: Found Forge group net.minecraftforge
[26Jul2026 01:33:07.800] [modloading-worker-0/INFO] [be.florens.expandability.ExpandAbility/]: ExpandAbility here, who dis?
[26Jul2026 01:33:07.810] [modloading-worker-0/DEBUG] [net.minecraftforge.fml.javafmlmod.AutomaticEventSubscriber/LOADING]: Attempting to inject @EventBusSubscriber classes into the eventbus for expandability
[26Jul2026 01:33:07.810] [modloading-worker-0/DEBUG] [net.minecraftforge.fml.javafmlmod.AutomaticEventSubscriber/LOADING]: Attempting to inject @EventBusSubscriber classes into the eventbus for geckolib3
[26Jul2026 01:33:07.810] [modloading-worker-0/DEBUG] [net.minecraftforge.fml.javafmlmod.AutomaticEventSubscriber/LOADING]: Auto-subscribing software.bernie.example.GeckoLibMod to FORGE
[26Jul2026 01:33:07.811] [modloading-worker-0/DEBUG] [net.minecraftforge.fml.javafmlmod.AutomaticEventSubscriber/LOADING]: Auto-subscribing software.bernie.example.CommonListener to MOD
[26Jul2026 01:33:07.815] [modloading-worker-0/DEBUG] [net.minecraftforge.versions.mcp.MCPVersion/CORE]: MCP Version package package net.minecraftforge.versions.mcp, Minecraft, version 1.18.2 from cpw.mods.modlauncher.TransformingClassLoader@27755487
[26Jul2026 01:33:07.817] [modloading-worker-0/DEBUG] [net.minecraftforge.versions.mcp.MCPVersion/CORE]: Found MC version information 1.18.2
[26Jul2026 01:33:07.817] [modloading-worker-0/DEBUG] [net.minecraftforge.versions.mcp.MCPVersion/CORE]: Found MCP version information 20220404.173914
[26Jul2026 01:33:07.817] [modloading-worker-0/INFO] [net.minecraftforge.common.ForgeMod/FORGEMOD]: Forge mod loading, version 40.2.21, for MC 1.18.2 with MCP 20220404.173914
[26Jul2026 01:33:07.817] [modloading-worker-0/INFO] [net.minecraftforge.common.MinecraftForge/FORGE]: MinecraftForge v40.2.21 Initialized
[26Jul2026 01:33:07.892] [modloading-worker-0/DEBUG] [net.minecraftforge.fml.javafmlmod.AutomaticEventSubscriber/LOADING]: Attempting to inject @EventBusSubscriber classes into the eventbus for bosses_of_mass_destruction
[26Jul2026 01:33:07.894] [modloading-worker-0/DEBUG] [net.minecraftforge.fml.javafmlmod.AutomaticEventSubscriber/LOADING]: Auto-subscribing com.cerbon.bosses_of_mass_destruction.event.ForgeEvents to FORGE
[26Jul2026 01:33:07.901] [modloading-worker-0/DEBUG] [net.minecraftforge.fml.javafmlmod.AutomaticEventSubscriber/LOADING]: Auto-subscribing com.cerbon.bosses_of_mass_destruction.event.BMDEvents$CommonEvents to MOD
[26Jul2026 01:33:07.940] [modloading-worker-0/DEBUG] [net.minecraftforge.fml.javafmlmod.AutomaticEventSubscriber/LOADING]: Attempting to inject @EventBusSubscriber classes into the eventbus for dungeons_arise
[26Jul2026 01:33:07.953] [modloading-worker-0/DEBUG] [io.netty.util.internal.PlatformDependent0/]: -Dio.netty.noUnsafe: false
[26Jul2026 01:33:07.957] [modloading-worker-0/DEBUG] [io.netty.util.internal.PlatformDependent0/]: Java version: 17
[26Jul2026 01:33:07.958] [modloading-worker-0/DEBUG] [io.netty.util.internal.PlatformDependent0/]: sun.misc.Unsafe.theUnsafe: available
[26Jul2026 01:33:07.961] [modloading-worker-0/DEBUG] [io.netty.util.internal.PlatformDependent0/]: sun.misc.Unsafe.copyMemory: available
[26Jul2026 01:33:07.962] [modloading-worker-0/DEBUG] [io.netty.util.internal.PlatformDependent0/]: java.nio.Buffer.address: available
[26Jul2026 01:33:07.962] [modloading-worker-0/DEBUG] [io.netty.util.internal.PlatformDependent0/]: direct buffer constructor: unavailable
java.lang.UnsupportedOperationException: Reflective setAccessible(true) disabled
	at io.netty.util.internal.ReflectionUtil.trySetAccessible(ReflectionUtil.java:31) ~[netty-all-4.1.68.Final.jar%2330!/:4.1.68.Final]
	at io.netty.util.internal.PlatformDependent0$4.run(PlatformDependent0.java:253) ~[netty-all-4.1.68.Final.jar%2330!/:4.1.68.Final]
	at java.security.AccessController.doPrivileged(AccessController.java:318) ~[?:?]
	at io.netty.util.internal.PlatformDependent0.<clinit>(PlatformDependent0.java:247) ~[netty-all-4.1.68.Final.jar%2330!/:4.1.68.Final]
	at io.netty.util.internal.PlatformDependent.isAndroid(PlatformDependent.java:294) ~[netty-all-4.1.68.Final.jar%2330!/:4.1.68.Final]
	at io.netty.util.internal.PlatformDependent.<clinit>(PlatformDependent.java:88) ~[netty-all-4.1.68.Final.jar%2330!/:4.1.68.Final]
	at io.netty.util.ConstantPool.<init>(ConstantPool.java:34) ~[netty-all-4.1.68.Final.jar%2330!/:4.1.68.Final]
	at io.netty.util.AttributeKey$1.<init>(AttributeKey.java:27) ~[netty-all-4.1.68.Final.jar%2330!/:4.1.68.Final]
	at io.netty.util.AttributeKey.<clinit>(AttributeKey.java:27) ~[netty-all-4.1.68.Final.jar%2330!/:4.1.68.Final]
	at net.minecraftforge.network.NetworkConstants.<clinit>(NetworkConstants.java:33) ~[forge-1.18.2-40.2.21-universal.jar%2383!/:?]
	at net.minecraftforge.common.ForgeMod.<init>(ForgeMod.java:151) ~[forge-1.18.2-40.2.21-universal.jar%2383!/:?]
	at jdk.internal.reflect.NativeConstructorAccessorImpl.newInstance0(Native Method) ~[?:?]
	at jdk.internal.reflect.NativeConstructorAccessorImpl.newInstance(NativeConstructorAccessorImpl.java:77) ~[?:?]
	at jdk.internal.reflect.DelegatingConstructorAccessorImpl.newInstance(DelegatingConstructorAccessorImpl.java:45) ~[?:?]
	at java.lang.reflect.Constructor.newInstanceWithCaller(Constructor.java:500) ~[?:?]
	at java.lang.reflect.Constructor.newInstance(Constructor.java:481) ~[?:?]
	at net.minecraftforge.fml.javafmlmod.FMLModContainer.constructMod(FMLModContainer.java:67) ~[javafmllanguage-1.18.2-40.2.21.jar%2380!/:?]
	at net.minecraftforge.fml.ModContainer.lambda$buildTransitionHandler$4(ModContainer.java:122) ~[fmlcore-1.18.2-40.2.21.jar%2379!/:?]
	at java.util.concurrent.CompletableFuture$AsyncRun.run(CompletableFuture.java:1804) [?:?]
	at java.util.concurrent.CompletableFuture$AsyncRun.exec(CompletableFuture.java:1796) [?:?]
	at java.util.concurrent.ForkJoinTask.doExec(ForkJoinTask.java:373) [?:?]
	at java.util.concurrent.ForkJoinPool$WorkQueue.topLevelExec(ForkJoinPool.java:1182) [?:?]
	at java.util.concurrent.ForkJoinPool.scan(ForkJoinPool.java:1655) [?:?]
	at java.util.concurrent.ForkJoinPool.runWorker(ForkJoinPool.java:1622) [?:?]
	at java.util.concurrent.ForkJoinWorkerThread.run(ForkJoinWorkerThread.java:165) [?:?]
[26Jul2026 01:33:07.972] [modloading-worker-0/DEBUG] [io.netty.util.internal.PlatformDependent0/]: java.nio.Bits.unaligned: available, true
[26Jul2026 01:33:07.973] [modloading-worker-0/DEBUG] [io.netty.util.internal.PlatformDependent0/]: jdk.internal.misc.Unsafe.allocateUninitializedArray(int): unavailable
java.lang.IllegalAccessException: class io.netty.util.internal.PlatformDependent0$6 (in module io.netty.all) cannot access class jdk.internal.misc.Unsafe (in module java.base) because module java.base does not export jdk.internal.misc to module io.netty.all
	at jdk.internal.reflect.Reflection.newIllegalAccessException(Reflection.java:392) ~[?:?]
	at java.lang.reflect.AccessibleObject.checkAccess(AccessibleObject.java:674) ~[?:?]
	at java.lang.reflect.Method.invoke(Method.java:561) ~[?:?]
	at io.netty.util.internal.PlatformDependent0$6.run(PlatformDependent0.java:375) ~[netty-all-4.1.68.Final.jar%2330!/:4.1.68.Final]
	at java.security.AccessController.doPrivileged(AccessController.java:318) ~[?:?]
	at io.netty.util.internal.PlatformDependent0.<clinit>(PlatformDependent0.java:366) ~[netty-all-4.1.68.Final.jar%2330!/:4.1.68.Final]
	at io.netty.util.internal.PlatformDependent.isAndroid(PlatformDependent.java:294) ~[netty-all-4.1.68.Final.jar%2330!/:4.1.68.Final]
	at io.netty.util.internal.PlatformDependent.<clinit>(PlatformDependent.java:88) ~[netty-all-4.1.68.Final.jar%2330!/:4.1.68.Final]
	at io.netty.util.ConstantPool.<init>(ConstantPool.java:34) ~[netty-all-4.1.68.Final.jar%2330!/:4.1.68.Final]
	at io.netty.util.AttributeKey$1.<init>(AttributeKey.java:27) ~[netty-all-4.1.68.Final.jar%2330!/:4.1.68.Final]
	at io.netty.util.AttributeKey.<clinit>(AttributeKey.java:27) ~[netty-all-4.1.68.Final.jar%2330!/:4.1.68.Final]
	at net.minecraftforge.network.NetworkConstants.<clinit>(NetworkConstants.java:33) ~[forge-1.18.2-40.2.21-universal.jar%2383!/:?]
	at net.minecraftforge.common.ForgeMod.<init>(ForgeMod.java:151) ~[forge-1.18.2-40.2.21-universal.jar%2383!/:?]
	at jdk.internal.reflect.NativeConstructorAccessorImpl.newInstance0(Native Method) ~[?:?]
	at jdk.internal.reflect.NativeConstructorAccessorImpl.newInstance(NativeConstructorAccessorImpl.java:77) ~[?:?]
	at jdk.internal.reflect.DelegatingConstructorAccessorImpl.newInstance(DelegatingConstructorAccessorImpl.java:45) ~[?:?]
	at java.lang.reflect.Constructor.newInstanceWithCaller(Constructor.java:500) ~[?:?]
	at java.lang.reflect.Constructor.newInstance(Constructor.java:481) ~[?:?]
	at net.minecraftforge.fml.javafmlmod.FMLModContainer.constructMod(FMLModContainer.java:67) ~[javafmllanguage-1.18.2-40.2.21.jar%2380!/:?]
	at net.minecraftforge.fml.ModContainer.lambda$buildTransitionHandler$4(ModContainer.java:122) ~[fmlcore-1.18.2-40.2.21.jar%2379!/:?]
	at java.util.concurrent.CompletableFuture$AsyncRun.run(CompletableFuture.java:1804) [?:?]
	at java.util.concurrent.CompletableFuture$AsyncRun.exec(CompletableFuture.java:1796) [?:?]
	at java.util.concurrent.ForkJoinTask.doExec(ForkJoinTask.java:373) [?:?]
	at java.util.concurrent.ForkJoinPool$WorkQueue.topLevelExec(ForkJoinPool.java:1182) [?:?]
	at java.util.concurrent.ForkJoinPool.scan(ForkJoinPool.java:1655) [?:?]
	at java.util.concurrent.ForkJoinPool.runWorker(ForkJoinPool.java:1622) [?:?]
	at java.util.concurrent.ForkJoinWorkerThread.run(ForkJoinWorkerThread.java:165) [?:?]
[26Jul2026 01:33:07.980] [modloading-worker-0/DEBUG] [io.netty.util.internal.PlatformDependent0/]: java.nio.DirectByteBuffer.<init>(long, int): unavailable
[26Jul2026 01:33:07.980] [modloading-worker-0/DEBUG] [io.netty.util.internal.PlatformDependent/]: sun.misc.Unsafe: available
[26Jul2026 01:33:07.981] [modloading-worker-0/DEBUG] [io.netty.util.internal.PlatformDependent/]: maxDirectMemory: 6442450944 bytes (maybe)
[26Jul2026 01:33:07.981] [modloading-worker-0/DEBUG] [io.netty.util.internal.PlatformDependent/]: -Dio.netty.tmpdir: /tmp (java.io.tmpdir)
[26Jul2026 01:33:07.981] [modloading-worker-0/DEBUG] [io.netty.util.internal.PlatformDependent/]: -Dio.netty.bitMode: 64 (sun.arch.data.model)
[26Jul2026 01:33:07.985] [modloading-worker-0/DEBUG] [io.netty.util.internal.PlatformDependent/]: -Dio.netty.maxDirectMemory: -1 bytes
[26Jul2026 01:33:07.985] [modloading-worker-0/DEBUG] [io.netty.util.internal.PlatformDependent/]: -Dio.netty.uninitializedArrayAllocationThreshold: -1
[26Jul2026 01:33:07.986] [modloading-worker-0/DEBUG] [io.netty.util.internal.CleanerJava9/]: java.nio.ByteBuffer.cleaner(): available
[26Jul2026 01:33:07.987] [modloading-worker-0/DEBUG] [io.netty.util.internal.PlatformDependent/]: -Dio.netty.noPreferDirect: false
[26Jul2026 01:33:08.078] [modloading-worker-0/DEBUG] [net.minecraftforge.common.ForgeMod/FORGEMOD]: Loading Network data for FML net version: FML3
[26Jul2026 01:33:08.098] [modloading-worker-0/DEBUG] [net.minecraftforge.fml.config.ConfigTracker/CONFIG]: Config file forge-client.toml for forge tracking
[26Jul2026 01:33:08.101] [modloading-worker-0/DEBUG] [net.minecraftforge.fml.config.ConfigTracker/CONFIG]: Config file forge-server.toml for forge tracking
[26Jul2026 01:33:08.101] [modloading-worker-0/DEBUG] [net.minecraftforge.fml.config.ConfigTracker/CONFIG]: Config file forge-common.toml for forge tracking
[26Jul2026 01:33:08.114] [modloading-worker-0/DEBUG] [net.minecraftforge.fml.javafmlmod.AutomaticEventSubscriber/LOADING]: Attempting to inject @EventBusSubscriber classes into the eventbus for forge
[26Jul2026 01:33:08.120] [modloading-worker-0/DEBUG] [net.minecraftforge.fml.javafmlmod.AutomaticEventSubscriber/LOADING]: Auto-subscribing net.minecraftforge.common.ForgeSpawnEggItem$CommonHandler to MOD
[26Jul2026 01:33:08.692] [modloading-worker-0/DEBUG] [net.minecraftforge.fml.javafmlmod.AutomaticEventSubscriber/LOADING]: Attempting to inject @EventBusSubscriber classes into the eventbus for iceandfire
[26Jul2026 01:33:08.693] [modloading-worker-0/DEBUG] [net.minecraftforge.fml.javafmlmod.AutomaticEventSubscriber/LOADING]: Auto-subscribing com.github.alexthe666.iceandfire.item.IafItemRegistry to MOD
[26Jul2026 01:33:08.694] [modloading-worker-0/DEBUG] [net.minecraftforge.fml.javafmlmod.AutomaticEventSubscriber/LOADING]: Auto-subscribing com.github.alexthe666.iceandfire.block.IafBlockRegistry to MOD
[26Jul2026 01:33:08.697] [modloading-worker-0/DEBUG] [net.minecraftforge.fml.javafmlmod.AutomaticEventSubscriber/LOADING]: Auto-subscribing com.github.alexthe666.iceandfire.recipe.IafRecipeRegistry to MOD
[26Jul2026 01:33:08.698] [modloading-worker-0/DEBUG] [net.minecraftforge.fml.javafmlmod.AutomaticEventSubscriber/LOADING]: Auto-subscribing com.github.alexthe666.iceandfire.entity.IafVillagerRegistry to MOD
[26Jul2026 01:33:08.698] [modloading-worker-0/DEBUG] [net.minecraftforge.fml.javafmlmod.AutomaticEventSubscriber/LOADING]: Auto-subscribing com.github.alexthe666.iceandfire.entity.IafEntityRegistry to MOD
[26Jul2026 01:33:08.698] [modloading-worker-0/DEBUG] [net.minecraftforge.fml.javafmlmod.AutomaticEventSubscriber/LOADING]: Auto-subscribing com.github.alexthe666.iceandfire.datagen.DataGenerators to MOD
[26Jul2026 01:33:08.711] [modloading-worker-0/DEBUG] [net.minecraftforge.fml.javafmlmod.AutomaticEventSubscriber/LOADING]: Auto-subscribing com.github.alexthe666.iceandfire.misc.IafSoundRegistry to MOD
[26Jul2026 01:33:08.717] [modloading-worker-0/DEBUG] [net.minecraftforge.fml.javafmlmod.AutomaticEventSubscriber/LOADING]: Auto-subscribing com.github.alexthe666.iceandfire.IceAndFire to FORGE
[26Jul2026 01:33:08.718] [modloading-worker-0/DEBUG] [net.minecraftforge.fml.javafmlmod.AutomaticEventSubscriber/LOADING]: Auto-subscribing com.github.alexthe666.iceandfire.event.ServerEvents to FORGE
[26Jul2026 01:33:08.735] [modloading-worker-0/DEBUG] [net.minecraftforge.fml.javafmlmod.AutomaticEventSubscriber/LOADING]: Auto-subscribing com.github.alexthe666.iceandfire.CommonProxy to MOD
[26Jul2026 01:33:08.934] [main/DEBUG] [Spartan Weaponry/]: Registered oil capability!
[26Jul2026 01:33:12.432] [main/DEBUG] [software.bernie.geckolib3.GeckoLib/]: Registered syncable for com.bobmowzie.mowziesmobs.server.item.ItemEarthboreGauntlet
[26Jul2026 01:33:13.297] [main/DEBUG] [net.minecraftforge.registries.ObjectHolderRef/]: Unable to lookup mowziesmobs:petiole_music_disc for public static net.minecraft.world.item.RecordItem com.bobmowzie.mowziesmobs.server.item.ItemHandler.PETIOLE_MUSIC_DISC. This means the object wasn't registered. It's likely just mod options.
[26Jul2026 01:33:13.805] [main/DEBUG] [mixin/]: Mixing SpawnPlacementsInvoker from mixin.imdlib-betteranimalsplus.json into net.minecraft.world.entity.SpawnPlacements
[26Jul2026 01:33:13.810] [main/DEBUG] [mixin/]: Renaming @Invoker method invokeRegister(Lnet/minecraft/world/entity/EntityType;Lnet/minecraft/world/entity/SpawnPlacements$Type;Lnet/minecraft/world/level/levelgen/Heightmap$Types;Lnet/minecraft/world/entity/SpawnPlacements$SpawnPredicate;)V to invokeRegister_$md$df2dc6$0 in mixin.imdlib-betteranimalsplus.json:SpawnPlacementsInvoker
[26Jul2026 01:33:15.050] [main/DEBUG] [mixin/]: Mixing InventoryMenuMixin from betteranimalsplus.mixins.json into net.minecraft.world.inventory.InventoryMenu$1
[26Jul2026 01:33:16.391] [main/ERROR] [net.minecraft.Util/]: Adding duplicate key 'ResourceKey[minecraft:recipe_type / iceandfire:dragonforge]' to registry
[26Jul2026 01:33:16.394] [main/ERROR] [net.minecraft.Util/]: Adding duplicate value 'iceandfire:dragonforge' to registry
[26Jul2026 01:33:16.749] [main/WARN] [net.minecraft.network.syncher.SynchedEntityData/]: defineId called for: class com.github.alexthe666.alexsmobs.entity.EntityLeafcutterAnt from class com.github.alexthe666.alexsmobs.entity.EntityDevilsHolePupfish
[26Jul2026 01:33:16.753] [main/WARN] [net.minecraft.network.syncher.SynchedEntityData/]: defineId called for: class com.github.alexthe666.alexsmobs.entity.EntityMantisShrimp from class com.github.alexthe666.alexsmobs.entity.EntitySkelewag
[26Jul2026 01:33:16.805] [main/DEBUG] [net.minecraftforge.fml.config.ConfigTracker/CONFIG]: Loading configs type COMMON
[26Jul2026 01:33:16.806] [main/DEBUG] [net.minecraftforge.fml.config.ConfigFileTypeHandler/CONFIG]: Built TOML config for /workspaces/servermods/servidor_minecraft/config/biomesoplenty/generation.toml
[26Jul2026 01:33:16.807] [main/DEBUG] [net.minecraftforge.fml.config.ConfigFileTypeHandler/CONFIG]: Loaded TOML config file /workspaces/servermods/servidor_minecraft/config/biomesoplenty/generation.toml
[26Jul2026 01:33:16.809] [main/DEBUG] [net.minecraftforge.fml.config.ConfigFileTypeHandler/CONFIG]: Watching TOML config file /workspaces/servermods/servidor_minecraft/config/biomesoplenty/generation.toml for changes
[26Jul2026 01:33:16.810] [Thread-0/DEBUG] [net.minecraftforge.fml.config.ConfigFileTypeHandler/CONFIG]: Config file biomesoplenty/generation.toml changed, sending notifies
[26Jul2026 01:33:16.811] [main/DEBUG] [net.minecraftforge.fml.config.ConfigFileTypeHandler/CONFIG]: Built TOML config for /workspaces/servermods/servidor_minecraft/config/mowziesmobs-common.toml
[26Jul2026 01:33:16.811] [Thread-0/DEBUG] [net.minecraftforge.fml.config.ConfigFileTypeHandler/CONFIG]: Config file biomesoplenty/generation.toml changed, sending notifies
[26Jul2026 01:33:16.819] [main/DEBUG] [net.minecraftforge.fml.config.ConfigFileTypeHandler/CONFIG]: Loaded TOML config file /workspaces/servermods/servidor_minecraft/config/mowziesmobs-common.toml
[26Jul2026 01:33:16.819] [main/DEBUG] [net.minecraftforge.fml.config.ConfigFileTypeHandler/CONFIG]: Watching TOML config file /workspaces/servermods/servidor_minecraft/config/mowziesmobs-common.toml for changes
[26Jul2026 01:33:16.826] [Thread-0/DEBUG] [net.minecraftforge.fml.config.ConfigFileTypeHandler/CONFIG]: Config file mowziesmobs-common.toml changed, sending notifies
[26Jul2026 01:33:16.836] [Thread-0/DEBUG] [net.minecraftforge.fml.config.ConfigFileTypeHandler/CONFIG]: Config file mowziesmobs-common.toml changed, sending notifies
[26Jul2026 01:33:16.842] [Thread-0/DEBUG] [net.minecraftforge.fml.config.ConfigFileTypeHandler/CONFIG]: Config file mowziesmobs-common.toml changed, sending notifies
[26Jul2026 01:33:16.855] [main/DEBUG] [fuzs.puzzleslib.impl.config.core.ForgeConfigFileTypeHandler/CONFIG]: Built TOML config for /workspaces/servermods/servidor_minecraft/config/mutantmonsters-common.toml
[26Jul2026 01:33:16.856] [main/DEBUG] [fuzs.puzzleslib.impl.config.core.ForgeConfigFileTypeHandler/CONFIG]: Loaded TOML config file /workspaces/servermods/servidor_minecraft/config/mutantmonsters-common.toml
[26Jul2026 01:33:16.863] [Thread-0/DEBUG] [net.minecraftforge.fml.config.ConfigFileTypeHandler/CONFIG]: Config file mowziesmobs-common.toml changed, sending notifies
[26Jul2026 01:33:16.864] [main/DEBUG] [fuzs.puzzleslib.impl.config.core.ForgeConfigFileTypeHandler/CONFIG]: Watching TOML config file /workspaces/servermods/servidor_minecraft/config/mutantmonsters-common.toml for changes
[26Jul2026 01:33:16.896] [main/INFO] [Puzzles Lib/]: Loading common config for mutantmonsters
[26Jul2026 01:33:16.900] [Thread-0/DEBUG] [fuzs.puzzleslib.impl.config.core.ForgeConfigFileTypeHandler/CONFIG]: Config file mutantmonsters-common.toml changed, sending notifies
[26Jul2026 01:33:16.900] [Thread-0/INFO] [Puzzles Lib/]: Reloading common config for mutantmonsters
[26Jul2026 01:33:16.903] [Thread-0/DEBUG] [fuzs.puzzleslib.impl.config.core.ForgeConfigFileTypeHandler/CONFIG]: Config file mutantmonsters-common.toml changed, sending notifies
[26Jul2026 01:33:16.903] [Thread-0/INFO] [Puzzles Lib/]: Reloading common config for mutantmonsters
[26Jul2026 01:33:16.905] [main/DEBUG] [net.minecraftforge.fml.config.ConfigFileTypeHandler/CONFIG]: Built TOML config for /workspaces/servermods/servidor_minecraft/config/graveyard-1.18.2-common.toml
[26Jul2026 01:33:16.909] [main/DEBUG] [net.minecraftforge.fml.config.ConfigFileTypeHandler/CONFIG]: Loaded TOML config file /workspaces/servermods/servidor_minecraft/config/graveyard-1.18.2-common.toml
[26Jul2026 01:33:16.911] [main/DEBUG] [net.minecraftforge.fml.config.ConfigFileTypeHandler/CONFIG]: Watching TOML config file /workspaces/servermods/servidor_minecraft/config/graveyard-1.18.2-common.toml for changes
[26Jul2026 01:33:16.919] [Thread-0/DEBUG] [net.minecraftforge.fml.config.ConfigFileTypeHandler/CONFIG]: Config file graveyard-1.18.2-common.toml changed, sending notifies
[26Jul2026 01:33:16.932] [Thread-0/DEBUG] [net.minecraftforge.fml.config.ConfigFileTypeHandler/CONFIG]: Config file graveyard-1.18.2-common.toml changed, sending notifies
[26Jul2026 01:33:16.935] [main/DEBUG] [net.minecraftforge.fml.config.ConfigFileTypeHandler/CONFIG]: Built TOML config for /workspaces/servermods/servidor_minecraft/config/sophisticatedcore-common.toml
[26Jul2026 01:33:16.935] [main/DEBUG] [net.minecraftforge.fml.config.ConfigFileTypeHandler/CONFIG]: Loaded TOML config file /workspaces/servermods/servidor_minecraft/config/sophisticatedcore-common.toml
[26Jul2026 01:33:16.936] [main/DEBUG] [net.minecraftforge.fml.config.ConfigFileTypeHandler/CONFIG]: Watching TOML config file /workspaces/servermods/servidor_minecraft/config/sophisticatedcore-common.toml for changes
[26Jul2026 01:33:16.937] [Thread-0/DEBUG] [net.minecraftforge.fml.config.ConfigFileTypeHandler/CONFIG]: Config file sophisticatedcore-common.toml changed, sending notifies
[26Jul2026 01:33:16.938] [Thread-0/DEBUG] [net.minecraftforge.fml.config.ConfigFileTypeHandler/CONFIG]: Config file sophisticatedcore-common.toml changed, sending notifies
[26Jul2026 01:33:16.938] [main/DEBUG] [net.minecraftforge.fml.config.ConfigFileTypeHandler/CONFIG]: Built TOML config for /workspaces/servermods/servidor_minecraft/config/insanelib-common.toml
[26Jul2026 01:33:16.939] [main/DEBUG] [net.minecraftforge.fml.config.ConfigFileTypeHandler/CONFIG]: Loaded TOML config file /workspaces/servermods/servidor_minecraft/config/insanelib-common.toml
[26Jul2026 01:33:16.940] [main/DEBUG] [net.minecraftforge.fml.config.ConfigFileTypeHandler/CONFIG]: Watching TOML config file /workspaces/servermods/servidor_minecraft/config/insanelib-common.toml for changes
[26Jul2026 01:33:16.941] [Thread-0/DEBUG] [net.minecraftforge.fml.config.ConfigFileTypeHandler/CONFIG]: Config file insanelib-common.toml changed, sending notifies
[26Jul2026 01:33:16.942] [Thread-0/DEBUG] [net.minecraftforge.fml.config.ConfigFileTypeHandler/CONFIG]: Config file insanelib-common.toml changed, sending notifies
[26Jul2026 01:33:16.943] [main/DEBUG] [net.minecraftforge.fml.config.ConfigFileTypeHandler/CONFIG]: Built TOML config for /workspaces/servermods/servidor_minecraft/config/spartanshields-common.toml
[26Jul2026 01:33:16.944] [main/DEBUG] [net.minecraftforge.fml.config.ConfigFileTypeHandler/CONFIG]: Loaded TOML config file /workspaces/servermods/servidor_minecraft/config/spartanshields-common.toml
[26Jul2026 01:33:16.945] [main/DEBUG] [net.minecraftforge.fml.config.ConfigFileTypeHandler/CONFIG]: Watching TOML config file /workspaces/servermods/servidor_minecraft/config/spartanshields-common.toml for changes
[26Jul2026 01:33:16.945] [main/INFO] [Spartan Shields/]: Loading config spartanshields-common.toml
[26Jul2026 01:33:16.946] [main/DEBUG] [Spartan Shields/]: Reloading durability values for Shields!
[26Jul2026 01:33:16.948] [Thread-0/DEBUG] [net.minecraftforge.fml.config.ConfigFileTypeHandler/CONFIG]: Config file spartanshields-common.toml changed, sending notifies
[26Jul2026 01:33:16.948] [Thread-0/INFO] [Spartan Shields/]: Loading config spartanshields-common.toml
[26Jul2026 01:33:16.948] [Thread-0/DEBUG] [Spartan Shields/]: Reloading durability values for Shields!
[26Jul2026 01:33:16.950] [Thread-0/DEBUG] [net.minecraftforge.fml.config.ConfigFileTypeHandler/CONFIG]: Config file spartanshields-common.toml changed, sending notifies
[26Jul2026 01:33:16.951] [main/DEBUG] [net.minecraftforge.fml.config.ConfigFileTypeHandler/CONFIG]: Built TOML config for /workspaces/servermods/servidor_minecraft/config/citadel-common.toml
[26Jul2026 01:33:16.951] [main/DEBUG] [net.minecraftforge.fml.config.ConfigFileTypeHandler/CONFIG]: Loaded TOML config file /workspaces/servermods/servidor_minecraft/config/citadel-common.toml
[26Jul2026 01:33:16.950] [Thread-0/INFO] [Spartan Shields/]: Loading config spartanshields-common.toml
[26Jul2026 01:33:16.952] [Thread-0/DEBUG] [Spartan Shields/]: Reloading durability values for Shields!
[26Jul2026 01:33:16.952] [main/DEBUG] [net.minecraftforge.fml.config.ConfigFileTypeHandler/CONFIG]: Watching TOML config file /workspaces/servermods/servidor_minecraft/config/citadel-common.toml for changes
[26Jul2026 01:33:16.953] [Thread-0/DEBUG] [net.minecraftforge.fml.config.ConfigFileTypeHandler/CONFIG]: Config file citadel-common.toml changed, sending notifies
[26Jul2026 01:33:16.954] [Thread-0/DEBUG] [net.minecraftforge.fml.config.ConfigFileTypeHandler/CONFIG]: Config file citadel-common.toml changed, sending notifies
[26Jul2026 01:33:16.954] [main/DEBUG] [net.minecraftforge.fml.config.ConfigFileTypeHandler/CONFIG]: Built TOML config for /workspaces/servermods/servidor_minecraft/config/ecologics.toml
[26Jul2026 01:33:16.955] [main/DEBUG] [net.minecraftforge.fml.config.ConfigFileTypeHandler/CONFIG]: Loaded TOML config file /workspaces/servermods/servidor_minecraft/config/ecologics.toml
[26Jul2026 01:33:16.955] [main/DEBUG] [net.minecraftforge.fml.config.ConfigFileTypeHandler/CONFIG]: Watching TOML config file /workspaces/servermods/servidor_minecraft/config/ecologics.toml for changes
[26Jul2026 01:33:16.956] [Thread-0/DEBUG] [net.minecraftforge.fml.config.ConfigFileTypeHandler/CONFIG]: Config file ecologics.toml changed, sending notifies
[26Jul2026 01:33:16.957] [Thread-0/DEBUG] [net.minecraftforge.fml.config.ConfigFileTypeHandler/CONFIG]: Config file ecologics.toml changed, sending notifies
[26Jul2026 01:33:16.957] [main/DEBUG] [net.minecraftforge.fml.config.ConfigFileTypeHandler/CONFIG]: Built TOML config for /workspaces/servermods/servidor_minecraft/config/artifacts-common.toml
[26Jul2026 01:33:16.958] [main/DEBUG] [net.minecraftforge.fml.config.ConfigFileTypeHandler/CONFIG]: Loaded TOML config file /workspaces/servermods/servidor_minecraft/config/artifacts-common.toml
[26Jul2026 01:33:16.958] [main/DEBUG] [net.minecraftforge.fml.config.ConfigFileTypeHandler/CONFIG]: Watching TOML config file /workspaces/servermods/servidor_minecraft/config/artifacts-common.toml for changes
[26Jul2026 01:33:16.960] [Thread-0/DEBUG] [net.minecraftforge.fml.config.ConfigFileTypeHandler/CONFIG]: Config file artifacts-common.toml changed, sending notifies
[26Jul2026 01:33:16.961] [Thread-0/DEBUG] [net.minecraftforge.fml.config.ConfigFileTypeHandler/CONFIG]: Config file artifacts-common.toml changed, sending notifies
[26Jul2026 01:33:16.962] [main/DEBUG] [net.minecraftforge.fml.config.ConfigFileTypeHandler/CONFIG]: Built TOML config for /workspaces/servermods/servidor_minecraft/config/tombstone-common.toml
[26Jul2026 01:33:16.964] [main/DEBUG] [net.minecraftforge.fml.config.ConfigFileTypeHandler/CONFIG]: Loaded TOML config file /workspaces/servermods/servidor_minecraft/config/tombstone-common.toml
[26Jul2026 01:33:16.965] [main/DEBUG] [net.minecraftforge.fml.config.ConfigFileTypeHandler/CONFIG]: Watching TOML config file /workspaces/servermods/servidor_minecraft/config/tombstone-common.toml for changes
[26Jul2026 01:33:16.968] [Thread-0/DEBUG] [net.minecraftforge.fml.config.ConfigFileTypeHandler/CONFIG]: Config file tombstone-common.toml changed, sending notifies
[26Jul2026 01:33:16.968] [Thread-0/DEBUG] [net.minecraftforge.fml.config.ConfigFileTypeHandler/CONFIG]: Config file tombstone-common.toml changed, sending notifies
[26Jul2026 01:33:16.973] [Thread-0/DEBUG] [net.minecraftforge.fml.config.ConfigFileTypeHandler/CONFIG]: Config file tombstone-common.toml changed, sending notifies
[26Jul2026 01:33:16.969] [main/DEBUG] [net.minecraftforge.fml.config.ConfigFileTypeHandler/CONFIG]: Built TOML config for /workspaces/servermods/servidor_minecraft/config/alexsmobs.toml
[26Jul2026 01:33:16.977] [main/DEBUG] [net.minecraftforge.fml.config.ConfigFileTypeHandler/CONFIG]: Loaded TOML config file /workspaces/servermods/servidor_minecraft/config/alexsmobs.toml
[26Jul2026 01:33:16.980] [main/DEBUG] [net.minecraftforge.fml.config.ConfigFileTypeHandler/CONFIG]: Watching TOML config file /workspaces/servermods/servidor_minecraft/config/alexsmobs.toml for changes
[26Jul2026 01:33:17.131] [Thread-0/DEBUG] [net.minecraftforge.fml.config.ConfigFileTypeHandler/CONFIG]: Config file alexsmobs.toml changed, sending notifies
[26Jul2026 01:33:17.142] [main/DEBUG] [net.minecraftforge.fml.config.ConfigFileTypeHandler/CONFIG]: Built TOML config for /workspaces/servermods/servidor_minecraft/config/sophisticatedbackpacks-common.toml
[26Jul2026 01:33:17.142] [main/DEBUG] [net.minecraftforge.fml.config.ConfigFileTypeHandler/CONFIG]: Loaded TOML config file /workspaces/servermods/servidor_minecraft/config/sophisticatedbackpacks-common.toml
[26Jul2026 01:33:17.149] [main/DEBUG] [net.minecraftforge.fml.config.ConfigFileTypeHandler/CONFIG]: Watching TOML config file /workspaces/servermods/servidor_minecraft/config/sophisticatedbackpacks-common.toml for changes
[26Jul2026 01:33:17.149] [main/DEBUG] [net.minecraftforge.fml.config.ConfigFileTypeHandler/CONFIG]: Built TOML config for /workspaces/servermods/servidor_minecraft/config/spartanweaponry-common.toml
[26Jul2026 01:33:17.161] [main/DEBUG] [net.minecraftforge.fml.config.ConfigFileTypeHandler/CONFIG]: Loaded TOML config file /workspaces/servermods/servidor_minecraft/config/spartanweaponry-common.toml
[26Jul2026 01:33:17.161] [main/DEBUG] [net.minecraftforge.fml.config.ConfigFileTypeHandler/CONFIG]: Watching TOML config file /workspaces/servermods/servidor_minecraft/config/spartanweaponry-common.toml for changes
[26Jul2026 01:33:17.187] [Thread-0/DEBUG] [net.minecraftforge.fml.config.ConfigFileTypeHandler/CONFIG]: Config file sophisticatedbackpacks-common.toml changed, sending notifies
[26Jul2026 01:33:17.196] [Thread-0/DEBUG] [net.minecraftforge.fml.config.ConfigFileTypeHandler/CONFIG]: Config file spartanweaponry-common.toml changed, sending notifies
[26Jul2026 01:33:17.197] [main/DEBUG] [net.minecraftforge.fml.config.ConfigFileTypeHandler/CONFIG]: Built TOML config for /workspaces/servermods/servidor_minecraft/config/iceandfire-common.toml
[26Jul2026 01:33:17.201] [main/DEBUG] [net.minecraftforge.fml.config.ConfigFileTypeHandler/CONFIG]: Loaded TOML config file /workspaces/servermods/servidor_minecraft/config/iceandfire-common.toml
[26Jul2026 01:33:17.204] [main/DEBUG] [net.minecraftforge.fml.config.ConfigFileTypeHandler/CONFIG]: Watching TOML config file /workspaces/servermods/servidor_minecraft/config/iceandfire-common.toml for changes
[26Jul2026 01:33:17.209] [Thread-0/DEBUG] [net.minecraftforge.fml.config.ConfigFileTypeHandler/CONFIG]: Config file spartanweaponry-common.toml changed, sending notifies
[26Jul2026 01:33:17.275] [Thread-0/DEBUG] [net.minecraftforge.fml.config.ConfigFileTypeHandler/CONFIG]: Config file iceandfire-common.toml changed, sending notifies
[26Jul2026 01:33:17.281] [Thread-0/DEBUG] [net.minecraftforge.fml.config.ConfigFileTypeHandler/CONFIG]: Config file iceandfire-common.toml changed, sending notifies
[26Jul2026 01:33:17.288] [main/DEBUG] [net.minecraftforge.fml.config.ConfigFileTypeHandler/CONFIG]: Built TOML config for /workspaces/servermods/servidor_minecraft/config/progressivebosses-common.toml
[26Jul2026 01:33:17.290] [main/DEBUG] [net.minecraftforge.fml.config.ConfigFileTypeHandler/CONFIG]: Loaded TOML config file /workspaces/servermods/servidor_minecraft/config/progressivebosses-common.toml
[26Jul2026 01:33:17.299] [main/DEBUG] [net.minecraftforge.fml.config.ConfigFileTypeHandler/CONFIG]: Watching TOML config file /workspaces/servermods/servidor_minecraft/config/progressivebosses-common.toml for changes
[26Jul2026 01:33:17.294] [Thread-0/DEBUG] [net.minecraftforge.fml.config.ConfigFileTypeHandler/CONFIG]: Config file iceandfire-common.toml changed, sending notifies
[26Jul2026 01:33:17.301] [main/WARN] [insane96mcp.progressivebosses.ProgressiveBosses/]: Entity botania:pink_wither for Wither's Difficulty Feature entityBlacklist doesn't exist, will be ignored.
[26Jul2026 01:33:17.316] [Thread-0/DEBUG] [net.minecraftforge.fml.config.ConfigFileTypeHandler/CONFIG]: Config file progressivebosses-common.toml changed, sending notifies
[26Jul2026 01:33:17.316] [Thread-0/WARN] [insane96mcp.progressivebosses.ProgressiveBosses/]: Entity botania:pink_wither for Wither's Difficulty Feature entityBlacklist doesn't exist, will be ignored.
[26Jul2026 01:33:17.319] [main/DEBUG] [net.minecraftforge.fml.config.ConfigFileTypeHandler/CONFIG]: Built TOML config for /workspaces/servermods/servidor_minecraft/config/forge-common.toml
[26Jul2026 01:33:17.320] [main/DEBUG] [net.minecraftforge.fml.config.ConfigFileTypeHandler/CONFIG]: Loaded TOML config file /workspaces/servermods/servidor_minecraft/config/forge-common.toml
[26Jul2026 01:33:17.321] [main/DEBUG] [net.minecraftforge.fml.config.ConfigFileTypeHandler/CONFIG]: Watching TOML config file /workspaces/servermods/servidor_minecraft/config/forge-common.toml for changes
[26Jul2026 01:33:17.323] [main/DEBUG] [net.minecraftforge.common.ForgeConfig/FORGEMOD]: Loaded forge config file forge-common.toml
[26Jul2026 01:33:17.324] [Thread-0/DEBUG] [net.minecraftforge.fml.config.ConfigFileTypeHandler/CONFIG]: Config file forge-common.toml changed, sending notifies
[26Jul2026 01:33:17.324] [Thread-0/DEBUG] [net.minecraftforge.common.ForgeConfig/FORGEMOD]: Forge config just got changed on the file system!
[26Jul2026 01:33:17.329] [Thread-0/DEBUG] [net.minecraftforge.fml.config.ConfigFileTypeHandler/CONFIG]: Config file forge-common.toml changed, sending notifies
[26Jul2026 01:33:17.329] [Thread-0/DEBUG] [net.minecraftforge.common.ForgeConfig/FORGEMOD]: Forge config just got changed on the file system!
[26Jul2026 01:33:17.369] [modloading-worker-0/INFO] [Spartan Shields/]: Setting up Spartan Shields!
[26Jul2026 01:33:17.579] [modloading-worker-0/DEBUG] [net.minecraftforge.fml.config.ConfigTracker/CONFIG]: Config file artifacts-server.toml for artifacts tracking
[26Jul2026 01:33:17.588] [modloading-worker-0/INFO] [dev.itsmeow.betteranimalsplus.BetterAnimalsPlusMod/]: Overspawning lammergeiers...
[26Jul2026 01:33:17.647] [modloading-worker-0/INFO] [Spartan Weaponry/]: Setting up Spartan Weaponry!
[26Jul2026 01:33:18.225] [Forge Version Check/INFO] [net.minecraftforge.fml.VersionChecker/]: [mutantmonsters] Starting version check at https://raw.githubusercontent.com/Fuzss/modresources/main/update/mutantmonsters.json
[26Jul2026 01:33:18.772] [main/DEBUG] [net.minecraftforge.fml.DeferredWorkQueue/LOADING]: Dispatching synchronous work for work queue COMMON_SETUP: 22 jobs
[26Jul2026 01:33:18.804] [main/INFO] [terrablender/]: Registered region minecraft:overworld to index 0 for type OVERWORLD
[26Jul2026 01:33:18.805] [main/INFO] [terrablender/]: Registered region minecraft:nether to index 0 for type NETHER
[26Jul2026 01:33:18.805] [main/INFO] [terrablender/]: Registered region biomesoplenty:overworld_common to index 1 for type OVERWORLD
[26Jul2026 01:33:18.805] [main/INFO] [terrablender/]: Registered region biomesoplenty:overworld_rare to index 2 for type OVERWORLD
[26Jul2026 01:33:18.806] [main/INFO] [terrablender/]: Registered region biomesoplenty:nether_common to index 1 for type NETHER
[26Jul2026 01:33:18.806] [main/INFO] [terrablender/]: Registered region biomesoplenty:nether_rare to index 2 for type NETHER
[26Jul2026 01:33:18.907] [Forge Version Check/DEBUG] [net.minecraftforge.fml.VersionChecker/]: [mutantmonsters] Received version check data:
{
    "homepage": "https://github.com/Fuzss/mutantmonsters",
    "promos": {
        "1.19.2-latest": "4.0.6",
        "1.19.2-recommended": "4.0.6",
        "1.19.3-latest": "5.0.1",
        "1.19.3-recommended": "5.0.1",
        "1.19.4-latest": "6.0.2",
        "1.19.4-recommended": "6.0.2",
        "1.18.2-latest": "3.0.1",
        "1.18.2-recommended": "3.0.1",
        "1.20-latest": "7.0.0",
        "1.20-recommended": "7.0.0",
        "1.20.1-latest": "8.0.8",
        "1.20.1-recommended": "8.0.8",
        "1.20.4-latest": "20.4.1",
        "1.20.4-recommended": "20.4.1",
        "1.21.1-latest": "21.1.1",
        "1.21.1-recommended": "21.1.1",
        "1.21.3-latest": "21.3.1",
        "1.21.3-recommended": "21.3.1",
        "1.21.4-latest": "21.4.2",
        "1.21.4-recommended": "21.4.2",
        "1.21.5-latest": "21.5.1",
        "1.21.5-recommended": "21.5.1",
        "1.21.7-latest": "21.7.0",
        "1.21.7-recommended": "21.7.0",
        "1.21.8-latest": "21.8.0",
        "1.21.8-recommended": "21.8.0",
        "1.21.10-latest": "21.10.5",
        "1.21.10-recommended": "21.10.5",
        "1.21.9-latest": "21.9.0",
        "1.21.9-recommended": "21.9.0"
    }
}
[26Jul2026 01:33:18.908] [Forge Version Check/INFO] [net.minecraftforge.fml.VersionChecker/]: [mutantmonsters] Found status: UP_TO_DATE Current: 3.0.1 Target: null
[26Jul2026 01:33:18.912] [Forge Version Check/INFO] [net.minecraftforge.fml.VersionChecker/]: [journeymap] Starting version check at https://forge.curseupdate.com/32274/journeymap
[26Jul2026 01:33:18.930] [main/INFO] [journeymap/]: Initializing Packet Registries
[26Jul2026 01:33:19.271] [Forge Version Check/DEBUG] [net.minecraftforge.fml.VersionChecker/]: [journeymap] Received version check data:
{"promos":{"1.12.2-latest":"1.12.2-6.0.0-beta.2","1.12.2-recommended":"1.12.2-5.7.1p3","1.16.2-latest":"5.7.3","1.16.2-recommended":"5.7.3","1.16.3-latest":"5.7.3","1.16.3-recommended":"5.7.3","1.16.4-latest":"5.7.3","1.16.4-recommended":"5.7.3","1.16.5-latest":"1.16.5-6.0.0-beta.3","1.16.5-recommended":"5.8.6","1.17.1-latest":"5.8.0","1.17.1-recommended":"5.8.0","1.18-latest":"5.8.0alpha9","1.18.1-latest":"5.8.1","1.18.1-recommended":"5.8.1","1.18.2-latest":"5.9.8","1.18.2-recommended":"5.9.8","1.19-latest":"5.8.5","1.19-recommended":"5.8.5","1.19.1-latest":"5.9.0beta2","1.19.2-latest":"5.9.8","1.19.2-recommended":"5.9.8","1.19.3-latest":"5.9.7","1.19.3-recommended":"5.9.7","1.19.4-latest":"5.9.8","1.19.4-recommended":"5.9.8","1.20-latest":"5.9.8","1.20-recommended":"5.9.8","1.20.1-latest":"1.20.1-6.0.0-beta.5","1.20.1-recommended":"5.10.3","1.20.2-latest":"5.9.21","1.20.2-recommended":"5.9.21","1.20.3-latest":"5.9.18","1.20.3-recommended":"5.9.18","1.20.4-latest":"5.10.0","1.20.4-recommended":"5.10.0","1.20.6-latest":"5.10.0","1.20.6-recommended":"5.10.0","1.21-latest":"1.21-6.0.0-beta.27","1.21.1-latest":"1.21.1-6.0.0-beta.52","1.21.4-latest":"1.21.4-6.0.0-beta.45","1.21.5-latest":"1.21.5-6.0.0-beta.52","1.21.6-latest":"1.21.6-6.0.0-beta.52","1.21.7-latest":"1.21.7-6.0.0-beta.53","1.21.8-latest":"1.21.8-6.0.0-beta.52","1.7.10-latest":"1.7.10-6.0.0-beta.3","1.7.10-recommended":"5.2.20"},"homepage":"https://www.curseforge.com/minecraft/mc-mods/journeymap"}
[26Jul2026 01:33:19.271] [Forge Version Check/INFO] [net.minecraftforge.fml.VersionChecker/]: [journeymap] Found status: UP_TO_DATE Current: 5.9.8 Target: null
[26Jul2026 01:33:19.272] [Forge Version Check/INFO] [net.minecraftforge.fml.VersionChecker/]: [tombstone] Starting version check at https://raw.githubusercontent.com/Corail31/tombstone_lite/master/update.json
[26Jul2026 01:33:19.300] [Forge Version Check/DEBUG] [net.minecraftforge.fml.VersionChecker/]: [tombstone] Received version check data:
{
	"homepage": "https://www.curseforge.com/minecraft/mc-mods/corail-tombstone",
	"promos": {
		"26.2-latest": "9.9.2",
		"26.2-recommended": "9.9.2",
		"26.1.2-latest": "9.8.3",
		"26.1.2-recommended": "9.8.3",
		"1.21.11-latest": "9.7.1",
		"1.21.11-recommended": "9.7.1",
		"1.21.10-latest": "9.6.2",
		"1.21.10-recommended": "9.6.2",
		"1.21.9-latest": "9.6.2",
		"1.21.9-recommended": "9.6.2",
		"1.21.8-latest": "9.5.11",
		"1.21.8-recommended": "9.5.11",
		"1.21.7-latest": "9.5.11",
		"1.21.7-recommended": "9.5.11",
		"1.21.6-latest": "9.5.1",
		"1.21.6-recommended": "9.5.1",
		"1.21.5-latest": "9.4.3",
		"1.21.5-recommended": "9.4.3",
		"1.21.4-latest": "9.3.9",
		"1.21.4-recommended": "9.3.9",
		"1.21.3-latest": "9.2.4",
		"1.21.3-recommended": "9.2.4",
		"1.21.1-latest": "9.1.10",
		"1.21.1-recommended": "9.1.10",
		"1.20.4-latest": "8.6.4",
		"1.20.4-recommended": "8.6.4",
		"1.20.2-latest": "8.6.3",
		"1.20.2-recommended": "8.6.3",
		"1.20.1-latest": "9.1.3",
		"1.20.1-recommended": "9.1.3",
		"1.19.4-latest": "8.4.2",
		"1.19.4-recommended": "8.4.2",
		"1.19.3-latest": "8.3.2",
		"1.19.3-recommended": "8.3.2",
		"1.19.2-latest": "8.3.9",
		"1.19.2-recommended": "8.3.9",
		"1.19.1-latest": "8.1.0",
		"1.19.1-recommended": "8.1.0",
		"1.18.2-latest": "7.7.7",
		"1.18.2-recommended": "7.7.7",
		"1.18.1-latest": "7.4.1",
		"1.18.1-recommended": "7.4.1",
		"1.17.1-latest": "7.3.0",
		"1.17.1-recommended": "7.3.0",
		"1.16.5-latest": "6.9.7",
		"1.16.5-recommended": "6.9.7",
		"1.15.2-latest": "4.6.0",
		"1.15.2-recommended": "4.6.0",
		"1.14.4-latest": "4.3.6",
		"1.14.4-recommended": "4.3.6",
		"1.13.2-latest": "3.5.2",
		"1.13.2-recommended": "3.5.2",
		"1.12.2-latest": "4.7.6",
		"1.12.2-recommended": "4.7.6",
		"1.11.2-latest": "2.9.0.1",
		"1.11.2-recommended": "2.9.0.1",
		"1.10.2-latest": "2.9.4",
		"1.10.2-recommended": "2.9.4",
		"1.9.4-latest": "1.4.1",
		"1.9.4-recommended": "1.4.1",
		"1.8.9-latest": "1.4.1",
		"1.8.9-recommended": "1.4.1"
	},
	"26.2": {
		"9.9.2": "new lore Nights of Nour",
		"9.9.1": "improvements",
		"9.9.0": "initial port"
	},
	"26.1.2": {
		"9.8.3": "new lore Nights of Nour",
		"9.8.2": "improvements"
	},
	"1.21.11": {
		"9.7.1": "final version"
	},
	"1.21.10": {
		"9.6.2": "final version"
	},
	"1.21.9": {
		"9.6.2": "final version"
	},
	"1.21.8": {
		"9.5.11": "final version"
	},
	"1.21.7": {
		"9.5.11": "final version"
	},
	"1.21.6": {
		"9.5.1": "final version"
	},
	"1.21.5": {
		"9.4.3": "final version"
	},
	"1.21.4": {
		"9.3.9": "final version"
	},
	"1.21.3": {
		"9.2.4": "final version"
	},
	"1.21.1": {
		"9.1.10": "final version"
	},
	"1.20.4": {
		"8.6.4": "final version"
	},
	"1.20.2": {
		"8.6.3": "final version"
	},
	"1.20.1": {
		"9.1.3": "new lore Nights of Nour",
		"9.1.2": "data-driven trades",
		"9.1.1": "improvements"
	},
	"1.19.4": {
		"8.4.2": "final version"
	},
	"1.19.2": {
		"8.3.9": "final version"
	},
	"1.18.2": {
		"7.7.7": "final version"
	},
	"1.16.5": {
		"6.9.7": "final version"
	},
	"1.12.2": {
		"4.7.6": "final version"
	}
}
[26Jul2026 01:33:19.301] [Forge Version Check/INFO] [net.minecraftforge.fml.VersionChecker/]: [tombstone] Found status: UP_TO_DATE Current: 7.7.7 Target: null
[26Jul2026 01:33:19.301] [Forge Version Check/INFO] [net.minecraftforge.fml.VersionChecker/]: [puzzleslib] Starting version check at https://raw.githubusercontent.com/Fuzss/modresources/main/update/puzzleslib.json
[26Jul2026 01:33:19.332] [Forge Version Check/DEBUG] [net.minecraftforge.fml.VersionChecker/]: [puzzleslib] Received version check data:
{
    "homepage": "https://modrinth.com/mod/puzzles-lib",
    "promos": {
        "1.16.2-latest": "1.0.15",
        "1.16.2-recommended": "1.0.15",
        "1.16.3-latest": "1.0.15",
        "1.16.3-recommended": "1.0.15",
        "1.16.4-latest": "1.0.15",
        "1.16.4-recommended": "1.0.15",
        "1.16.5-latest": "1.0.15",
        "1.16.5-recommended": "1.0.15",
        "1.17.1-latest": "2.0.2",
        "1.17.1-recommended": "2.0.2",
        "1.18-latest": "3.2.1",
        "1.18-recommended": "3.2.1",
        "1.18.1-latest": "3.2.1",
        "1.18.1-recommended": "3.2.1",
        "1.18.2-latest": "3.5.10",
        "1.18.2-recommended": "3.5.10",
        "1.19-latest": "4.0.18",
        "1.19-recommended": "4.0.18",
        "1.19.1-latest": "4.2.4",
        "1.19.1-recommended": "4.2.4",
        "1.19.2-latest": "4.4.3",
        "1.19.2-recommended": "4.4.3",
        "1.19.3-latest": "5.0.33",
        "1.19.3-recommended": "5.0.33",
        "1.19.4-latest": "6.0.11",
        "1.19.4-recommended": "6.0.11",
        "1.20-latest": "7.0.9",
        "1.20-recommended": "7.0.9",
        "1.20.1-latest": "8.1.33",
        "1.20.1-recommended": "8.1.33",
        "1.20.4-latest": "20.4.53",
        "1.20.4-recommended": "20.4.53",
        "1.21-latest": "21.0.28",
        "1.21-recommended": "21.0.28",
        "1.21.1-latest": "21.1.52",
        "1.21.1-recommended": "21.1.52",
        "1.21.10-latest": "21.10.8",
        "1.21.10-recommended": "21.10.8",
        "1.21.11-latest": "21.11.1",
        "1.21.11-recommended": "21.11.1",
        "1.21.3-latest": "21.3.25",
        "1.21.3-recommended": "21.3.25",
        "1.21.4-latest": "21.4.14",
        "1.21.4-recommended": "21.4.14",
        "1.21.5-latest": "21.5.13",
        "1.21.5-recommended": "21.5.13",
        "1.21.6-latest": "21.6.6",
        "1.21.6-recommended": "21.6.6",
        "1.21.7-latest": "21.7.1",
        "1.21.7-recommended": "21.7.1",
        "1.21.8-latest": "21.8.9",
        "1.21.8-recommended": "21.8.9",
        "1.21.9-latest": "21.9.5",
        "1.21.9-recommended": "21.9.5"
    }
}
[26Jul2026 01:33:19.332] [Forge Version Check/INFO] [net.minecraftforge.fml.VersionChecker/]: [puzzleslib] Found status: UP_TO_DATE Current: 3.5.10 Target: null
[26Jul2026 01:33:19.333] [Forge Version Check/INFO] [net.minecraftforge.fml.VersionChecker/]: [forge] Starting version check at https://files.minecraftforge.net/net/minecraftforge/forge/promotions_slim.json
[26Jul2026 01:33:19.370] [main/DEBUG] [net.minecraftforge.fml.DeferredWorkQueue/LOADING]: Synchronous work queue completed in 596.6 ms
[26Jul2026 01:33:19.403] [main/DEBUG] [net.minecraftforge.fml.DeferredWorkQueue/LOADING]: Dispatching synchronous work for work queue ENQUEUE_IMC: 1 jobs
[26Jul2026 01:33:19.404] [main/DEBUG] [net.minecraftforge.fml.DeferredWorkQueue/LOADING]: Synchronous work queue completed in 193.3 μs
[26Jul2026 01:33:19.528] [Forge Version Check/DEBUG] [net.minecraftforge.fml.VersionChecker/]: [forge] Received version check data:
{
  "homepage": "https://files.minecraftforge.net/net/minecraftforge/forge/",
  "promos": {
    "1.1-latest": "1.3.4.29",
    "1.2.3-latest": "1.4.1.64",
    "1.2.4-latest": "2.0.0.68",
    "1.2.5-latest": "3.4.9.171",
    "1.3.2-latest": "4.3.5.318",
    "1.4.0-latest": "5.0.0.326",
    "1.4.1-latest": "6.0.0.329",
    "1.4.2-latest": "6.0.1.355",
    "1.4.3-latest": "6.2.1.358",
    "1.4.4-latest": "6.3.0.378",
    "1.4.5-latest": "6.4.2.448",
    "1.4.6-latest": "6.5.0.489",
    "1.4.7-latest": "6.6.2.534",
    "1.5-latest": "7.7.0.598",
    "1.5.1-latest": "7.7.2.682",
    "1.5.2-latest": "7.8.1.738",
    "1.5.2-recommended": "7.8.1.738",
    "1.6.1-latest": "8.9.0.775",
    "1.6.2-latest": "9.10.1.871",
    "1.6.2-recommended": "9.10.1.871",
    "1.6.3-latest": "9.11.0.878",
    "1.6.4-latest": "9.11.1.1345",
    "1.6.4-recommended": "9.11.1.1345",
    "1.7.2-latest": "10.12.2.1161",
    "1.7.2-recommended": "10.12.2.1161",
    "1.7.10-latest": "10.13.4.1614",
    "1.7.10-recommended": "10.13.4.1614",
    "1.8-latest": "11.14.4.1577",
    "1.8-recommended": "11.14.4.1563",
    "1.8.8-latest": "11.15.0.1655",
    "1.8.9-latest": "11.15.1.2318",
    "1.8.9-recommended": "11.15.1.2318",
    "1.9-latest": "12.16.1.1938",
    "1.9-recommended": "12.16.1.1887",
    "1.9.4-latest": "12.17.0.2317",
    "1.9.4-recommended": "12.17.0.2317",
    "1.10-latest": "12.18.0.2000",
    "1.10.2-latest": "12.18.3.2511",
    "1.10.2-recommended": "12.18.3.2511",
    "1.11-latest": "13.19.1.2199",
    "1.11-recommended": "13.19.1.2189",
    "1.11.2-latest": "13.20.1.2588",
    "1.11.2-recommended": "13.20.1.2588",
    "1.12-latest": "14.21.1.2443",
    "1.12-recommended": "14.21.1.2387",
    "1.12.1-latest": "14.22.1.2485",
    "1.12.1-recommended": "14.22.1.2478",
    "1.12.2-latest": "14.23.5.2864",
    "1.12.2-recommended": "14.23.5.2859",
    "1.13.2-latest": "25.0.223",
    "1.14.2-latest": "26.0.63",
    "1.14.3-latest": "27.0.60",
    "1.14.4-latest": "28.2.30",
    "1.14.4-recommended": "28.2.26",
    "1.15-latest": "29.0.4",
    "1.15.1-latest": "30.0.51",
    "1.15.2-latest": "31.2.62",
    "1.15.2-recommended": "31.2.57",
    "1.16.1-latest": "32.0.108",
    "1.16.2-latest": "33.0.61",
    "1.16.3-latest": "34.1.42",
    "1.16.3-recommended": "34.1.0",
    "1.16.4-latest": "35.1.37",
    "1.16.4-recommended": "35.1.4",
    "1.16.5-latest": "36.2.42",
    "1.16.5-recommended": "36.2.34",
    "1.17.1-latest": "37.1.1",
    "1.17.1-recommended": "37.1.1",
    "1.18-latest": "38.0.17",
    "1.18.1-latest": "39.1.2",
    "1.18.1-recommended": "39.1.0",
    "1.18.2-recommended": "40.3.0",
    "1.18.2-latest": "40.3.12",
    "1.19-latest": "41.1.0",
    "1.19-recommended": "41.1.0",
    "1.19.1-latest": "42.0.9",
    "1.19.2-recommended": "43.5.0",
    "1.19.2-latest": "43.5.2",
    "1.19.3-latest": "44.1.23",
    "1.19.3-recommended": "44.1.0",
    "1.19.4-recommended": "45.4.0",
    "1.19.4-latest": "45.4.3",
    "1.20-latest": "46.0.14",
    "1.20.1-recommended": "47.4.10",
    "1.20.1-latest": "47.4.22",
    "1.20.2-latest": "48.1.0",
    "1.20.2-recommended": "48.1.0",
    "1.20.3-latest": "49.0.2",
    "1.20.4-latest": "49.2.8",
    "1.20.4-recommended": "49.2.0",
    "1.20.6-latest": "50.2.10",
    "1.20.6-recommended": "50.2.0",
    "1.21-latest": "51.0.33",
    "1.21.1-latest": "52.1.16",
    "1.21.1-recommended": "52.1.0",
    "1.21.3-latest": "53.1.11",
    "1.21.3-recommended": "53.1.0",
    "1.21.4-latest": "54.1.17",
    "1.21.4-recommended": "54.1.14",
    "1.21.5-latest": "55.1.11",
    "1.21.5-recommended": "55.1.0",
    "1.21.6-latest": "56.0.9",
    "1.21.7-latest": "57.0.3",
    "1.21.8-latest": "58.1.20",
    "1.21.8-recommended": "58.1.0",
    "1.21.9-latest": "59.0.5",
    "1.21.10-latest": "60.1.12",
    "1.21.10-recommended": "60.1.0",
    "1.21.11-latest": "61.1.11",
    "1.21.11-recommended": "61.1.0",
    "26.1-latest": "62.0.9",
    "26.1.1-latest": "63.0.2",
    "26.1.2-latest": "64.0.14",
    "26.2-latest": "65.0.9"
  }
}
[26Jul2026 01:33:19.529] [Forge Version Check/INFO] [net.minecraftforge.fml.VersionChecker/]: [forge] Found status: OUTDATED Current: 40.2.21 Target: 40.3.0
[26Jul2026 01:33:27.263] [main/INFO] [com.mojang.authlib.yggdrasil.YggdrasilAuthenticationService/]: Environment: authHost='https://authserver.mojang.com', accountsHost='https://api.mojang.com', sessionHost='https://sessionserver.mojang.com', servicesHost='https://api.minecraftservices.com', name='PROD'
[26Jul2026 01:33:27.315] [main/DEBUG] [mixin/]: Mixing item.diggingclaws.ServerPlayerGameModeMixin from mixins.artifacts.json into net.minecraft.server.level.ServerPlayerGameMode
[26Jul2026 01:33:27.317] [main/DEBUG] [mixin/]: mixins.artifacts.json:item.diggingclaws.ServerPlayerGameModeMixin: Class version 61 required is higher than the class version supported by the current version of Mixin (JAVA_8 supports class version 52)
[26Jul2026 01:33:30.438] [main/DEBUG] [net.minecraftforge.registries.ObjectHolderRef/]: Unable to lookup mowziesmobs:petiole_music_disc for public static net.minecraft.world.item.RecordItem com.bobmowzie.mowziesmobs.server.item.ItemHandler.PETIOLE_MUSIC_DISC. This means the object wasn't registered. It's likely just mod options.
[26Jul2026 01:33:30.675] [main/WARN] [net.minecraft.server.packs.VanillaPackResources/]: Assets URL 'union:/workspaces/servermods/servidor_minecraft/libraries/net/minecraft/server/1.18.2-20220404.173914/server-1.18.2-20220404.173914-srg.jar%2378!/assets/.mcassetsroot' uses unexpected schema
[26Jul2026 01:33:30.679] [main/WARN] [net.minecraft.server.packs.VanillaPackResources/]: Assets URL 'union:/workspaces/servermods/servidor_minecraft/libraries/net/minecraft/server/1.18.2-20220404.173914/server-1.18.2-20220404.173914-srg.jar%2378!/data/.mcassetsroot' uses unexpected schema
[26Jul2026 01:33:30.981] [main/DEBUG] [net.minecraftforge.server.ServerLifecycleHooks/CORE]: Generating PackInfo named mod:mowziesmobs for mod file /workspaces/servermods/servidor_minecraft/mods/mowziesmobs-1.6.3.jar
[26Jul2026 01:33:30.981] [main/DEBUG] [net.minecraftforge.server.ServerLifecycleHooks/CORE]: Generating PackInfo named mod:woodarmor for mod file /workspaces/servermods/servidor_minecraft/mods/woodarmor-forge-1.18.2-v1.0.1.jar
[26Jul2026 01:33:30.982] [main/DEBUG] [net.minecraftforge.server.ServerLifecycleHooks/CORE]: Generating PackInfo named mod:terrablender for mod file /workspaces/servermods/servidor_minecraft/mods/TerraBlender-forge-1.18.2-1.2.0.126.jar
[26Jul2026 01:33:30.983] [main/DEBUG] [net.minecraftforge.server.ServerLifecycleHooks/CORE]: Generating PackInfo named mod:mutantmonsters for mod file /workspaces/servermods/servidor_minecraft/mods/MutantMonsters-v3.0.1-1.18.2-Forge.jar
[26Jul2026 01:33:30.984] [main/DEBUG] [net.minecraftforge.server.ServerLifecycleHooks/CORE]: Generating PackInfo named mod:biomesoplenty for mod file /workspaces/servermods/servidor_minecraft/mods/BiomesOPlenty-1.18.2-16.0.0.134.jar
[26Jul2026 01:33:30.984] [main/DEBUG] [net.minecraftforge.server.ServerLifecycleHooks/CORE]: Generating PackInfo named mod:jei for mod file /workspaces/servermods/servidor_minecraft/mods/jei-1.18.2-forge-10.2.1.1009.jar
[26Jul2026 01:33:30.985] [main/DEBUG] [net.minecraftforge.server.ServerLifecycleHooks/CORE]: Generating PackInfo named mod:graveyard for mod file /workspaces/servermods/servidor_minecraft/mods/The_Graveyard_1.9.7_(FORGE)_for_1.18.2.jar
[26Jul2026 01:33:30.985] [main/DEBUG] [net.minecraftforge.server.ServerLifecycleHooks/CORE]: Generating PackInfo named mod:born_in_chaos_v1 for mod file /workspaces/servermods/servidor_minecraft/mods/born_in_chaos_[Forge]1.18.2_1.17.jar
[26Jul2026 01:33:30.986] [main/DEBUG] [net.minecraftforge.server.ServerLifecycleHooks/CORE]: Generating PackInfo named mod:incendium for mod file /workspaces/servermods/servidor_minecraft/mods/Incendium_1.18.2_v5.0.8.jar
[26Jul2026 01:33:30.986] [main/DEBUG] [net.minecraftforge.server.ServerLifecycleHooks/CORE]: Generating PackInfo named mod:sophisticatedcore for mod file /workspaces/servermods/servidor_minecraft/mods/sophisticatedcore-1.18.2-0.6.4.604.jar
[26Jul2026 01:33:30.987] [main/DEBUG] [net.minecraftforge.server.ServerLifecycleHooks/CORE]: Generating PackInfo named mod:insanelib for mod file /workspaces/servermods/servidor_minecraft/mods/InsaneLib-1.5.3-mc1.18.2.jar
[26Jul2026 01:33:30.988] [main/DEBUG] [net.minecraftforge.server.ServerLifecycleHooks/CORE]: Generating PackInfo named mod:curios for mod file /workspaces/servermods/servidor_minecraft/mods/curios-forge-1.18.2-5.0.9.2.jar
[26Jul2026 01:33:30.988] [main/DEBUG] [net.minecraftforge.server.ServerLifecycleHooks/CORE]: Generating PackInfo named mod:spartanshields for mod file /workspaces/servermods/servidor_minecraft/mods/SpartanShields-1.18.2-3.0.1.jar
[26Jul2026 01:33:30.989] [main/DEBUG] [net.minecraftforge.server.ServerLifecycleHooks/CORE]: Generating PackInfo named mod:ecologics for mod file /workspaces/servermods/servidor_minecraft/mods/ecologics-forge-1.18.2-1.7.11.jar
[26Jul2026 01:33:30.989] [main/DEBUG] [net.minecraftforge.server.ServerLifecycleHooks/CORE]: Generating PackInfo named mod:structory for mod file /workspaces/servermods/servidor_minecraft/mods/Structory-1.18.2-1.0.2.jar
[26Jul2026 01:33:30.990] [main/DEBUG] [net.minecraftforge.server.ServerLifecycleHooks/CORE]: Generating PackInfo named mod:journeymap for mod file /workspaces/servermods/servidor_minecraft/mods/journeymap-1.18.2-5.9.8-forge.jar
[26Jul2026 01:33:30.991] [main/DEBUG] [net.minecraftforge.server.ServerLifecycleHooks/CORE]: Generating PackInfo named mod:citadel for mod file /workspaces/servermods/servidor_minecraft/mods/citadel-1.11.3-1.18.2.jar
[26Jul2026 01:33:30.992] [main/DEBUG] [net.minecraftforge.server.ServerLifecycleHooks/CORE]: Generating PackInfo named mod:alexsmobs for mod file /workspaces/servermods/servidor_minecraft/mods/alexsmobs-1.18.6.jar
[26Jul2026 01:33:30.992] [main/DEBUG] [net.minecraftforge.server.ServerLifecycleHooks/CORE]: Generating PackInfo named mod:artifacts for mod file /workspaces/servermods/servidor_minecraft/mods/artifacts-1.18.2-4.2.4.jar
[26Jul2026 01:33:30.995] [main/DEBUG] [net.minecraftforge.server.ServerLifecycleHooks/CORE]: Generating PackInfo named mod:mixinextras for mod file 
[26Jul2026 01:33:30.995] [main/DEBUG] [net.minecraftforge.server.ServerLifecycleHooks/CORE]: Generating PackInfo named mod:champions for mod file /workspaces/servermods/servidor_minecraft/mods/champions-forge-1.18.2-2.1.6.3.jar
[26Jul2026 01:33:30.995] [main/DEBUG] [net.minecraftforge.server.ServerLifecycleHooks/CORE]: Generating PackInfo named mod:tombstone for mod file /workspaces/servermods/servidor_minecraft/mods/tombstone-1.18.2-7.7.7.jar
[26Jul2026 01:33:30.995] [main/DEBUG] [net.minecraftforge.server.ServerLifecycleHooks/CORE]: Generating PackInfo named mod:betteranimalsplus for mod file /workspaces/servermods/servidor_minecraft/mods/betteranimalsplus-1.18.2-11.0.10-forge.jar
[26Jul2026 01:33:30.996] [main/DEBUG] [net.minecraftforge.server.ServerLifecycleHooks/CORE]: Generating PackInfo named mod:sophisticatedbackpacks for mod file /workspaces/servermods/servidor_minecraft/mods/sophisticatedbackpacks-1.18.2-3.20.3.1063.jar
[26Jul2026 01:33:30.996] [main/DEBUG] [net.minecraftforge.server.ServerLifecycleHooks/CORE]: Generating PackInfo named mod:spartanweaponry for mod file /workspaces/servermods/servidor_minecraft/mods/SpartanWeaponry-1.18.2-3.0.5-all.jar
[26Jul2026 01:33:30.996] [main/DEBUG] [net.minecraftforge.server.ServerLifecycleHooks/CORE]: Generating PackInfo named mod:progressivebosses for mod file /workspaces/servermods/servidor_minecraft/mods/ProgressiveBosses-3.6.8-mc1.18.2.jar
[26Jul2026 01:33:30.999] [main/DEBUG] [net.minecraftforge.server.ServerLifecycleHooks/CORE]: Generating PackInfo named mod:architectury for mod file /workspaces/servermods/servidor_minecraft/mods/architectury-4.12.94-forge.jar
[26Jul2026 01:33:30.999] [main/DEBUG] [net.minecraftforge.server.ServerLifecycleHooks/CORE]: Generating PackInfo named mod:iceandfire for mod file /workspaces/servermods/servidor_minecraft/mods/iceandfire-2.1.13-1.18.2-beta-3.jar
[26Jul2026 01:33:31.000] [main/DEBUG] [net.minecraftforge.server.ServerLifecycleHooks/CORE]: Generating PackInfo named mod:bosses_of_mass_destruction for mod file /workspaces/servermods/servidor_minecraft/mods/BOMD-Forge-1.18.2-1.0.6.jar
[26Jul2026 01:33:31.000] [main/DEBUG] [net.minecraftforge.server.ServerLifecycleHooks/CORE]: Generating PackInfo named mod:puzzleslib for mod file /workspaces/servermods/servidor_minecraft/mods/PuzzlesLib-v3.5.10-1.18.2-Forge.jar
[26Jul2026 01:33:31.001] [main/DEBUG] [net.minecraftforge.server.ServerLifecycleHooks/CORE]: Generating PackInfo named mod:immersive_armors for mod file /workspaces/servermods/servidor_minecraft/mods/immersive_armors-1.5.6+1.18.2-forge.jar
[26Jul2026 01:33:31.004] [main/DEBUG] [net.minecraftforge.server.ServerLifecycleHooks/CORE]: Generating PackInfo named mod:usefulslime for mod file /workspaces/servermods/servidor_minecraft/mods/usefulslime-1.4-1.18.2.jar
[26Jul2026 01:33:31.004] [main/DEBUG] [net.minecraftforge.server.ServerLifecycleHooks/CORE]: Generating PackInfo named mod:cloth_config for mod file /workspaces/servermods/servidor_minecraft/mods/cloth-config-6.5.133-forge.jar
[26Jul2026 01:33:31.004] [main/DEBUG] [net.minecraftforge.server.ServerLifecycleHooks/CORE]: Generating PackInfo named mod:forge for mod file /workspaces/servermods/servidor_minecraft/libraries/net/minecraftforge/forge/1.18.2-40.2.21/forge-1.18.2-40.2.21-universal.jar
[26Jul2026 01:33:31.005] [main/DEBUG] [net.minecraftforge.server.ServerLifecycleHooks/CORE]: Generating PackInfo named mod:expandability for mod file /workspaces/servermods/servidor_minecraft/mods/expandability-6.0.0.jar
[26Jul2026 01:33:31.005] [main/DEBUG] [net.minecraftforge.server.ServerLifecycleHooks/CORE]: Generating PackInfo named mod:geckolib3 for mod file /workspaces/servermods/servidor_minecraft/mods/geckolib-forge-1.18-3.0.57.jar
[26Jul2026 01:33:31.005] [main/DEBUG] [net.minecraftforge.server.ServerLifecycleHooks/CORE]: Generating PackInfo named mod:dungeons_arise for mod file /workspaces/servermods/servidor_minecraft/mods/DungeonsArise-1.18.2-2.1.52-release.jar
[26Jul2026 01:33:46.423] [main/DEBUG] [mixin/]: Mixing MixinPrimaryLevelData from terrablender.mixins.json into net.minecraft.world.level.storage.PrimaryLevelData
[26Jul2026 01:33:51.095] [main/INFO] [Spartan Weaponry/]: Finished registering commands for Spartan Weaponry!
[26Jul2026 01:33:51.317] [main/WARN] [net.minecraft.commands.Commands/]: Ambiguity between arguments [teleport, location] and [teleport, destination] with inputs: [0.1 -0.5 .9, 0 0 0]
[26Jul2026 01:33:51.318] [main/WARN] [net.minecraft.commands.Commands/]: Ambiguity between arguments [teleport, location] and [teleport, targets] with inputs: [0.1 -0.5 .9, 0 0 0]
[26Jul2026 01:33:51.323] [main/WARN] [net.minecraft.commands.Commands/]: Ambiguity between arguments [teleport, destination] and [teleport, targets] with inputs: [Player, 0123, @e, dd12be42-52a9-4a91-a8a1-11c01849e498]
[26Jul2026 01:33:51.328] [main/WARN] [net.minecraft.commands.Commands/]: Ambiguity between arguments [teleport, targets] and [teleport, destination] with inputs: [Player, 0123, dd12be42-52a9-4a91-a8a1-11c01849e498]
[26Jul2026 01:33:51.331] [main/WARN] [net.minecraft.commands.Commands/]: Ambiguity between arguments [teleport, targets, location] and [teleport, targets, destination] with inputs: [0.1 -0.5 .9, 0 0 0]
[26Jul2026 01:33:57.340] [Worker-Main-5/ERROR] [net.minecraft.tags.TagLoader/]: Couldn't load tag minecraft:freeze_immune_entity_types as it is missing following references: betteranimalsplus:feral_wolf (from betteranimalsplus-1.18.2-11.0.10-forge.jar)
[26Jul2026 01:34:01.136] [Thread-0/WARN] [net.minecraftforge.fml.config.ConfigFileTypeHandler/CONFIG]: Configuration file /workspaces/servermods/servidor_minecraft/config/biomesoplenty/generation.toml is not correct. Correcting
[26Jul2026 01:34:01.169] [Thread-0/DEBUG] [net.minecraftforge.fml.config.ConfigFileTypeHandler/CONFIG]: Config file biomesoplenty/generation.toml changed, sending notifies
[26Jul2026 01:34:01.175] [Thread-0/DEBUG] [net.minecraftforge.fml.config.ConfigFileTypeHandler/CONFIG]: Config file biomesoplenty/generation.toml changed, sending notifies
[26Jul2026 01:34:01.214] [Thread-0/WARN] [net.minecraftforge.fml.config.ConfigFileTypeHandler/CONFIG]: Configuration file /workspaces/servermods/servidor_minecraft/config/biomesoplenty/generation.toml is not correct. Correcting
[26Jul2026 01:34:01.216] [Thread-0/DEBUG] [net.minecraftforge.fml.config.ConfigFileTypeHandler/CONFIG]: Config file biomesoplenty/generation.toml changed, sending notifies
[26Jul2026 01:34:01.474] [Thread-0/DEBUG] [fuzs.puzzleslib.impl.config.core.ForgeConfigFileTypeHandler/CONFIG]: Config file mutantmonsters-common.toml changed, sending notifies
[26Jul2026 01:34:01.474] [Thread-0/INFO] [Puzzles Lib/]: Reloading common config for mutantmonsters
[26Jul2026 01:34:01.475] [Thread-0/WARN] [net.minecraftforge.fml.config.ConfigFileTypeHandler/CONFIG]: Configuration file /workspaces/servermods/servidor_minecraft/config/biomesoplenty/generation.toml is not correct. Correcting
[26Jul2026 01:34:01.488] [Thread-0/DEBUG] [net.minecraftforge.fml.config.ConfigFileTypeHandler/CONFIG]: Config file biomesoplenty/generation.toml changed, sending notifies
[26Jul2026 01:34:01.492] [Thread-0/WARN] [net.minecraftforge.fml.config.ConfigFileTypeHandler/CONFIG]: Configuration file /workspaces/servermods/servidor_minecraft/config/mowziesmobs-common.toml is not correct. Correcting
[26Jul2026 01:34:01.506] [Thread-0/DEBUG] [net.minecraftforge.common.ForgeConfigSpec$Builder$1/CORE]: List on key biome_type is deemed to need correction. It is null, not a list, or an empty list. Modders, consider defineListAllowEmpty?
[26Jul2026 01:34:01.506] [Thread-0/DEBUG] [net.minecraftforge.common.ForgeConfigSpec$Builder$1/CORE]: List on key biome_whitelist is deemed to need correction. It is null, not a list, or an empty list. Modders, consider defineListAllowEmpty?
[26Jul2026 01:34:01.506] [Thread-0/DEBUG] [net.minecraftforge.common.ForgeConfigSpec$Builder$1/CORE]: List on key biome_blacklist is deemed to need correction. It is null, not a list, or an empty list. Modders, consider defineListAllowEmpty?
[26Jul2026 01:34:01.506] [Thread-0/DEBUG] [net.minecraftforge.common.ForgeConfigSpec$Builder$1/CORE]: List on key avoid_structures is deemed to need correction. It is null, not a list, or an empty list. Modders, consider defineListAllowEmpty?
[26Jul2026 01:34:01.506] [Thread-0/DEBUG] [net.minecraftforge.common.ForgeConfigSpec$Builder$1/CORE]: List on key biome_type is deemed to need correction. It is null, not a list, or an empty list. Modders, consider defineListAllowEmpty?
[26Jul2026 01:34:01.561] [Thread-0/DEBUG] [net.minecraftforge.common.ForgeConfigSpec$Builder$1/CORE]: List on key biome_whitelist is deemed to need correction. It is null, not a list, or an empty list. Modders, consider defineListAllowEmpty?
[26Jul2026 01:34:01.561] [Thread-0/DEBUG] [net.minecraftforge.common.ForgeConfigSpec$Builder$1/CORE]: List on key biome_blacklist is deemed to need correction. It is null, not a list, or an empty list. Modders, consider defineListAllowEmpty?
[26Jul2026 01:34:01.562] [Thread-0/DEBUG] [net.minecraftforge.common.ForgeConfigSpec$Builder$1/CORE]: List on key avoid_structures is deemed to need correction. It is null, not a list, or an empty list. Modders, consider defineListAllowEmpty?
[26Jul2026 01:34:01.562] [Thread-0/DEBUG] [net.minecraftforge.common.ForgeConfigSpec$Builder$1/CORE]: List on key biome_type is deemed to need correction. It is null, not a list, or an empty list. Modders, consider defineListAllowEmpty?
[26Jul2026 01:34:01.562] [Thread-0/DEBUG] [net.minecraftforge.common.ForgeConfigSpec$Builder$1/CORE]: List on key biome_whitelist is deemed to need correction. It is null, not a list, or an empty list. Modders, consider defineListAllowEmpty?
[26Jul2026 01:34:01.562] [Thread-0/DEBUG] [net.minecraftforge.common.ForgeConfigSpec$Builder$1/CORE]: List on key biome_blacklist is deemed to need correction. It is null, not a list, or an empty list. Modders, consider defineListAllowEmpty?
[26Jul2026 01:34:01.563] [Thread-0/DEBUG] [net.minecraftforge.common.ForgeConfigSpec$Builder$1/CORE]: List on key avoid_structures is deemed to need correction. It is null, not a list, or an empty list. Modders, consider defineListAllowEmpty?
[26Jul2026 01:34:01.563] [Thread-0/DEBUG] [net.minecraftforge.common.ForgeConfigSpec$Builder$1/CORE]: List on key biome_type is deemed to need correction. It is null, not a list, or an empty list. Modders, consider defineListAllowEmpty?
[26Jul2026 01:34:01.564] [Thread-0/DEBUG] [net.minecraftforge.common.ForgeConfigSpec$Builder$1/CORE]: List on key biome_whitelist is deemed to need correction. It is null, not a list, or an empty list. Modders, consider defineListAllowEmpty?
[26Jul2026 01:34:01.564] [Thread-0/DEBUG] [net.minecraftforge.common.ForgeConfigSpec$Builder$1/CORE]: List on key biome_blacklist is deemed to need correction. It is null, not a list, or an empty list. Modders, consider defineListAllowEmpty?
[26Jul2026 01:34:01.564] [Thread-0/DEBUG] [net.minecraftforge.common.ForgeConfigSpec$Builder$1/CORE]: List on key avoid_structures is deemed to need correction. It is null, not a list, or an empty list. Modders, consider defineListAllowEmpty?
[26Jul2026 01:34:01.564] [Thread-0/DEBUG] [net.minecraftforge.common.ForgeConfigSpec$Builder$1/CORE]: List on key biome_type is deemed to need correction. It is null, not a list, or an empty list. Modders, consider defineListAllowEmpty?
[26Jul2026 01:34:01.564] [Thread-0/DEBUG] [net.minecraftforge.common.ForgeConfigSpec$Builder$1/CORE]: List on key biome_whitelist is deemed to need correction. It is null, not a list, or an empty list. Modders, consider defineListAllowEmpty?
[26Jul2026 01:34:01.564] [Thread-0/DEBUG] [net.minecraftforge.common.ForgeConfigSpec$Builder$1/CORE]: List on key biome_blacklist is deemed to need correction. It is null, not a list, or an empty list. Modders, consider defineListAllowEmpty?
[26Jul2026 01:34:01.564] [Thread-0/DEBUG] [net.minecraftforge.common.ForgeConfigSpec$Builder$1/CORE]: List on key dimensions is deemed to need correction. It is null, not a list, or an empty list. Modders, consider defineListAllowEmpty?
[26Jul2026 01:34:01.565] [Thread-0/DEBUG] [net.minecraftforge.common.ForgeConfigSpec$Builder$1/CORE]: List on key allowed_blocks is deemed to need correction. It is null, not a list, or an empty list. Modders, consider defineListAllowEmpty?
[26Jul2026 01:34:01.565] [Thread-0/DEBUG] [net.minecraftforge.common.ForgeConfigSpec$Builder$1/CORE]: List on key allowed_block_tags is deemed to need correction. It is null, not a list, or an empty list. Modders, consider defineListAllowEmpty?
[26Jul2026 01:34:01.566] [Thread-0/DEBUG] [net.minecraftforge.common.ForgeConfigSpec$Builder$1/CORE]: List on key avoid_structures is deemed to need correction. It is null, not a list, or an empty list. Modders, consider defineListAllowEmpty?
[26Jul2026 01:34:01.566] [Thread-0/DEBUG] [net.minecraftforge.common.ForgeConfigSpec$Builder$1/CORE]: List on key biome_type is deemed to need correction. It is null, not a list, or an empty list. Modders, consider defineListAllowEmpty?
[26Jul2026 01:34:01.566] [Thread-0/DEBUG] [net.minecraftforge.common.ForgeConfigSpec$Builder$1/CORE]: List on key biome_whitelist is deemed to need correction. It is null, not a list, or an empty list. Modders, consider defineListAllowEmpty?
[26Jul2026 01:34:01.566] [Thread-0/DEBUG] [net.minecraftforge.common.ForgeConfigSpec$Builder$1/CORE]: List on key biome_blacklist is deemed to need correction. It is null, not a list, or an empty list. Modders, consider defineListAllowEmpty?
[26Jul2026 01:34:01.566] [Thread-0/DEBUG] [net.minecraftforge.common.ForgeConfigSpec$Builder$1/CORE]: List on key dimensions is deemed to need correction. It is null, not a list, or an empty list. Modders, consider defineListAllowEmpty?
[26Jul2026 01:34:01.566] [Thread-0/DEBUG] [net.minecraftforge.common.ForgeConfigSpec$Builder$1/CORE]: List on key allowed_blocks is deemed to need correction. It is null, not a list, or an empty list. Modders, consider defineListAllowEmpty?
[26Jul2026 01:34:01.566] [Thread-0/DEBUG] [net.minecraftforge.common.ForgeConfigSpec$Builder$1/CORE]: List on key allowed_block_tags is deemed to need correction. It is null, not a list, or an empty list. Modders, consider defineListAllowEmpty?
[26Jul2026 01:34:01.566] [Thread-0/DEBUG] [net.minecraftforge.common.ForgeConfigSpec$Builder$1/CORE]: List on key avoid_structures is deemed to need correction. It is null, not a list, or an empty list. Modders, consider defineListAllowEmpty?
[26Jul2026 01:34:01.567] [Thread-0/DEBUG] [net.minecraftforge.common.ForgeConfigSpec$Builder$1/CORE]: List on key biome_type is deemed to need correction. It is null, not a list, or an empty list. Modders, consider defineListAllowEmpty?
[26Jul2026 01:34:01.567] [Thread-0/DEBUG] [net.minecraftforge.common.ForgeConfigSpec$Builder$1/CORE]: List on key biome_whitelist is deemed to need correction. It is null, not a list, or an empty list. Modders, consider defineListAllowEmpty?
[26Jul2026 01:34:01.567] [Thread-0/DEBUG] [net.minecraftforge.common.ForgeConfigSpec$Builder$1/CORE]: List on key biome_blacklist is deemed to need correction. It is null, not a list, or an empty list. Modders, consider defineListAllowEmpty?
[26Jul2026 01:34:01.568] [Thread-0/DEBUG] [net.minecraftforge.common.ForgeConfigSpec$Builder$1/CORE]: List on key dimensions is deemed to need correction. It is null, not a list, or an empty list. Modders, consider defineListAllowEmpty?
[26Jul2026 01:34:01.568] [Thread-0/DEBUG] [net.minecraftforge.common.ForgeConfigSpec$Builder$1/CORE]: List on key allowed_blocks is deemed to need correction. It is null, not a list, or an empty list. Modders, consider defineListAllowEmpty?
[26Jul2026 01:34:01.568] [Thread-0/DEBUG] [net.minecraftforge.common.ForgeConfigSpec$Builder$1/CORE]: List on key allowed_block_tags is deemed to need correction. It is null, not a list, or an empty list. Modders, consider defineListAllowEmpty?
[26Jul2026 01:34:01.568] [Thread-0/DEBUG] [net.minecraftforge.common.ForgeConfigSpec$Builder$1/CORE]: List on key avoid_structures is deemed to need correction. It is null, not a list, or an empty list. Modders, consider defineListAllowEmpty?
[26Jul2026 01:34:01.568] [Thread-0/DEBUG] [net.minecraftforge.common.ForgeConfigSpec$Builder$1/CORE]: List on key biome_type is deemed to need correction. It is null, not a list, or an empty list. Modders, consider defineListAllowEmpty?
[26Jul2026 01:34:01.568] [Thread-0/DEBUG] [net.minecraftforge.common.ForgeConfigSpec$Builder$1/CORE]: List on key biome_whitelist is deemed to need correction. It is null, not a list, or an empty list. Modders, consider defineListAllowEmpty?
[26Jul2026 01:34:01.569] [Thread-0/DEBUG] [net.minecraftforge.common.ForgeConfigSpec$Builder$1/CORE]: List on key biome_blacklist is deemed to need correction. It is null, not a list, or an empty list. Modders, consider defineListAllowEmpty?
[26Jul2026 01:34:01.569] [Thread-0/DEBUG] [net.minecraftforge.common.ForgeConfigSpec$Builder$1/CORE]: List on key dimensions is deemed to need correction. It is null, not a list, or an empty list. Modders, consider defineListAllowEmpty?
[26Jul2026 01:34:01.572] [Thread-0/DEBUG] [net.minecraftforge.common.ForgeConfigSpec$Builder$1/CORE]: List on key allowed_blocks is deemed to need correction. It is null, not a list, or an empty list. Modders, consider defineListAllowEmpty?
[26Jul2026 01:34:01.572] [Thread-0/DEBUG] [net.minecraftforge.common.ForgeConfigSpec$Builder$1/CORE]: List on key allowed_block_tags is deemed to need correction. It is null, not a list, or an empty list. Modders, consider defineListAllowEmpty?
[26Jul2026 01:34:01.572] [Thread-0/DEBUG] [net.minecraftforge.common.ForgeConfigSpec$Builder$1/CORE]: List on key avoid_structures is deemed to need correction. It is null, not a list, or an empty list. Modders, consider defineListAllowEmpty?
[26Jul2026 01:34:01.572] [Thread-0/DEBUG] [net.minecraftforge.common.ForgeConfigSpec$Builder$1/CORE]: List on key biome_type is deemed to need correction. It is null, not a list, or an empty list. Modders, consider defineListAllowEmpty?
[26Jul2026 01:34:01.572] [Thread-0/DEBUG] [net.minecraftforge.common.ForgeConfigSpec$Builder$1/CORE]: List on key biome_whitelist is deemed to need correction. It is null, not a list, or an empty list. Modders, consider defineListAllowEmpty?
[26Jul2026 01:34:01.572] [Thread-0/DEBUG] [net.minecraftforge.common.ForgeConfigSpec$Builder$1/CORE]: List on key biome_blacklist is deemed to need correction. It is null, not a list, or an empty list. Modders, consider defineListAllowEmpty?
[26Jul2026 01:34:01.572] [Thread-0/DEBUG] [net.minecraftforge.common.ForgeConfigSpec$Builder$1/CORE]: List on key dimensions is deemed to need correction. It is null, not a list, or an empty list. Modders, consider defineListAllowEmpty?
[26Jul2026 01:34:01.572] [Thread-0/DEBUG] [net.minecraftforge.common.ForgeConfigSpec$Builder$1/CORE]: List on key allowed_blocks is deemed to need correction. It is null, not a list, or an empty list. Modders, consider defineListAllowEmpty?
[26Jul2026 01:34:01.573] [Thread-0/DEBUG] [net.minecraftforge.common.ForgeConfigSpec$Builder$1/CORE]: List on key allowed_block_tags is deemed to need correction. It is null, not a list, or an empty list. Modders, consider defineListAllowEmpty?
[26Jul2026 01:34:01.573] [Thread-0/DEBUG] [net.minecraftforge.common.ForgeConfigSpec$Builder$1/CORE]: List on key avoid_structures is deemed to need correction. It is null, not a list, or an empty list. Modders, consider defineListAllowEmpty?
[26Jul2026 01:34:01.581] [Thread-0/DEBUG] [net.minecraftforge.fml.config.ConfigFileTypeHandler/CONFIG]: Config file mowziesmobs-common.toml changed, sending notifies
[26Jul2026 01:34:01.585] [Thread-0/WARN] [net.minecraftforge.fml.config.ConfigFileTypeHandler/CONFIG]: Configuration file /workspaces/servermods/servidor_minecraft/config/graveyard-1.18.2-common.toml is not correct. Correcting
[26Jul2026 01:34:01.590] [Thread-0/DEBUG] [net.minecraftforge.common.ForgeConfigSpec$Builder$1/CORE]: List on key whitelist is deemed to need correction. It is null, not a list, or an empty list. Modders, consider defineListAllowEmpty?
[26Jul2026 01:34:01.590] [Thread-0/DEBUG] [net.minecraftforge.common.ForgeConfigSpec$Builder$1/CORE]: List on key blacklist is deemed to need correction. It is null, not a list, or an empty list. Modders, consider defineListAllowEmpty?
[26Jul2026 01:34:01.590] [Thread-0/DEBUG] [net.minecraftforge.common.ForgeConfigSpec$Builder$1/CORE]: List on key modWhitelist is deemed to need correction. It is null, not a list, or an empty list. Modders, consider defineListAllowEmpty?
[26Jul2026 01:34:01.590] [Thread-0/DEBUG] [net.minecraftforge.common.ForgeConfigSpec$Builder$1/CORE]: List on key whitelist is deemed to need correction. It is null, not a list, or an empty list. Modders, consider defineListAllowEmpty?
[26Jul2026 01:34:01.590] [Thread-0/DEBUG] [net.minecraftforge.common.ForgeConfigSpec$Builder$1/CORE]: List on key blacklist is deemed to need correction. It is null, not a list, or an empty list. Modders, consider defineListAllowEmpty?
[26Jul2026 01:34:01.590] [Thread-0/DEBUG] [net.minecraftforge.common.ForgeConfigSpec$Builder$1/CORE]: List on key modWhitelist is deemed to need correction. It is null, not a list, or an empty list. Modders, consider defineListAllowEmpty?
[26Jul2026 01:34:01.590] [Thread-0/DEBUG] [net.minecraftforge.common.ForgeConfigSpec$Builder$1/CORE]: List on key whitelist is deemed to need correction. It is null, not a list, or an empty list. Modders, consider defineListAllowEmpty?
[26Jul2026 01:34:01.593] [Thread-0/DEBUG] [net.minecraftforge.common.ForgeConfigSpec$Builder$1/CORE]: List on key blacklist is deemed to need correction. It is null, not a list, or an empty list. Modders, consider defineListAllowEmpty?
[26Jul2026 01:34:01.593] [Thread-0/DEBUG] [net.minecraftforge.common.ForgeConfigSpec$Builder$1/CORE]: List on key modWhitelist is deemed to need correction. It is null, not a list, or an empty list. Modders, consider defineListAllowEmpty?
[26Jul2026 01:34:01.593] [Thread-0/DEBUG] [net.minecraftforge.common.ForgeConfigSpec$Builder$1/CORE]: List on key whitelist is deemed to need correction. It is null, not a list, or an empty list. Modders, consider defineListAllowEmpty?
[26Jul2026 01:34:01.593] [Thread-0/DEBUG] [net.minecraftforge.common.ForgeConfigSpec$Builder$1/CORE]: List on key blacklist is deemed to need correction. It is null, not a list, or an empty list. Modders, consider defineListAllowEmpty?
[26Jul2026 01:34:01.593] [Thread-0/DEBUG] [net.minecraftforge.common.ForgeConfigSpec$Builder$1/CORE]: List on key modWhitelist is deemed to need correction. It is null, not a list, or an empty list. Modders, consider defineListAllowEmpty?
[26Jul2026 01:34:01.595] [Thread-0/DEBUG] [net.minecraftforge.common.ForgeConfigSpec$Builder$1/CORE]: List on key isBloodCollectableEntity is deemed to need correction. It is null, not a list, or an empty list. Modders, consider defineListAllowEmpty?
[26Jul2026 01:34:01.595] [Thread-0/DEBUG] [net.minecraftforge.common.ForgeConfigSpec$Builder$1/CORE]: List on key isBossSummonableItem is deemed to need correction. It is null, not a list, or an empty list. Modders, consider defineListAllowEmpty?
[26Jul2026 01:34:01.613] [Thread-0/DEBUG] [net.minecraftforge.fml.config.ConfigFileTypeHandler/CONFIG]: Config file graveyard-1.18.2-common.toml changed, sending notifies
[26Jul2026 01:34:01.908] [Thread-0/WARN] [net.minecraftforge.fml.config.ConfigFileTypeHandler/CONFIG]: Configuration file /workspaces/servermods/servidor_minecraft/config/graveyard-1.18.2-common.toml is not correct. Correcting
[26Jul2026 01:34:01.913] [Thread-0/DEBUG] [net.minecraftforge.common.ForgeConfigSpec$Builder$1/CORE]: List on key whitelist is deemed to need correction. It is null, not a list, or an empty list. Modders, consider defineListAllowEmpty?
[26Jul2026 01:34:01.913] [Thread-0/DEBUG] [net.minecraftforge.common.ForgeConfigSpec$Builder$1/CORE]: List on key blacklist is deemed to need correction. It is null, not a list, or an empty list. Modders, consider defineListAllowEmpty?
[26Jul2026 01:34:01.914] [Thread-0/DEBUG] [net.minecraftforge.common.ForgeConfigSpec$Builder$1/CORE]: List on key modWhitelist is deemed to need correction. It is null, not a list, or an empty list. Modders, consider defineListAllowEmpty?
[26Jul2026 01:34:01.914] [Thread-0/DEBUG] [net.minecraftforge.common.ForgeConfigSpec$Builder$1/CORE]: List on key whitelist is deemed to need correction. It is null, not a list, or an empty list. Modders, consider defineListAllowEmpty?
[26Jul2026 01:34:01.914] [Thread-0/DEBUG] [net.minecraftforge.common.ForgeConfigSpec$Builder$1/CORE]: List on key blacklist is deemed to need correction. It is null, not a list, or an empty list. Modders, consider defineListAllowEmpty?
[26Jul2026 01:34:01.915] [Thread-0/DEBUG] [net.minecraftforge.common.ForgeConfigSpec$Builder$1/CORE]: List on key modWhitelist is deemed to need correction. It is null, not a list, or an empty list. Modders, consider defineListAllowEmpty?
[26Jul2026 01:34:01.915] [Thread-0/DEBUG] [net.minecraftforge.common.ForgeConfigSpec$Builder$1/CORE]: List on key whitelist is deemed to need correction. It is null, not a list, or an empty list. Modders, consider defineListAllowEmpty?
[26Jul2026 01:34:01.916] [Thread-0/DEBUG] [net.minecraftforge.common.ForgeConfigSpec$Builder$1/CORE]: List on key blacklist is deemed to need correction. It is null, not a list, or an empty list. Modders, consider defineListAllowEmpty?
[26Jul2026 01:34:01.916] [Thread-0/DEBUG] [net.minecraftforge.common.ForgeConfigSpec$Builder$1/CORE]: List on key modWhitelist is deemed to need correction. It is null, not a list, or an empty list. Modders, consider defineListAllowEmpty?
[26Jul2026 01:34:01.916] [Thread-0/DEBUG] [net.minecraftforge.common.ForgeConfigSpec$Builder$1/CORE]: List on key whitelist is deemed to need correction. It is null, not a list, or an empty list. Modders, consider defineListAllowEmpty?
[26Jul2026 01:34:01.916] [Thread-0/DEBUG] [net.minecraftforge.common.ForgeConfigSpec$Builder$1/CORE]: List on key blacklist is deemed to need correction. It is null, not a list, or an empty list. Modders, consider defineListAllowEmpty?
[26Jul2026 01:34:01.916] [Thread-0/DEBUG] [net.minecraftforge.common.ForgeConfigSpec$Builder$1/CORE]: List on key modWhitelist is deemed to need correction. It is null, not a list, or an empty list. Modders, consider defineListAllowEmpty?
[26Jul2026 01:34:01.917] [Thread-0/DEBUG] [net.minecraftforge.common.ForgeConfigSpec$Builder$1/CORE]: List on key isBloodCollectableEntity is deemed to need correction. It is null, not a list, or an empty list. Modders, consider defineListAllowEmpty?
[26Jul2026 01:34:01.918] [Thread-0/DEBUG] [net.minecraftforge.common.ForgeConfigSpec$Builder$1/CORE]: List on key isBossSummonableItem is deemed to need correction. It is null, not a list, or an empty list. Modders, consider defineListAllowEmpty?
[26Jul2026 01:34:01.995] [Thread-0/DEBUG] [net.minecraftforge.fml.config.ConfigFileTypeHandler/CONFIG]: Config file graveyard-1.18.2-common.toml changed, sending notifies
[26Jul2026 01:34:01.996] [Thread-0/DEBUG] [net.minecraftforge.fml.config.ConfigFileTypeHandler/CONFIG]: Config file citadel-common.toml changed, sending notifies
[26Jul2026 01:34:02.008] [Thread-0/DEBUG] [net.minecraftforge.fml.config.ConfigFileTypeHandler/CONFIG]: Config file tombstone-common.toml changed, sending notifies
[26Jul2026 01:34:02.216] [Thread-0/WARN] [net.minecraftforge.fml.config.ConfigFileTypeHandler/CONFIG]: Configuration file /workspaces/servermods/servidor_minecraft/config/alexsmobs.toml is not correct. Correcting
[26Jul2026 01:34:02.243] [Thread-0/DEBUG] [net.minecraftforge.common.ForgeConfigSpec$Builder$1/CORE]: List on key mimicreamBlacklist is deemed to need correction. It is null, not a list, or an empty list. Modders, consider defineListAllowEmpty?
[26Jul2026 01:34:02.243] [Thread-0/DEBUG] [net.minecraftforge.common.ForgeConfigSpec$Builder$1/CORE]: List on key mungusBiomeMatches is deemed to need correction. It is null, not a list, or an empty list. Modders, consider defineListAllowEmpty?
[26Jul2026 01:34:02.243] [Thread-0/DEBUG] [net.minecraftforge.common.ForgeConfigSpec$Builder$1/CORE]: List on key warpedMoscoMobTriggers is deemed to need correction. It is null, not a list, or an empty list. Modders, consider defineListAllowEmpty?
[26Jul2026 01:34:02.243] [Thread-0/DEBUG] [net.minecraftforge.common.ForgeConfigSpec$Builder$1/CORE]: List on key voidWormSpawnDimensions is deemed to need correction. It is null, not a list, or an empty list. Modders, consider defineListAllowEmpty?
[26Jul2026 01:34:02.243] [Thread-0/DEBUG] [net.minecraftforge.common.ForgeConfigSpec$Builder$1/CORE]: List on key seagullStealingBlacklist is deemed to need correction. It is null, not a list, or an empty list. Modders, consider defineListAllowEmpty?
[26Jul2026 01:34:02.249] [Thread-0/DEBUG] [net.minecraftforge.fml.config.ConfigFileTypeHandler/CONFIG]: Config file alexsmobs.toml changed, sending notifies
[26Jul2026 01:34:02.356] [Thread-0/DEBUG] [net.minecraftforge.fml.config.ConfigFileTypeHandler/CONFIG]: Config file sophisticatedbackpacks-common.toml changed, sending notifies
[26Jul2026 01:34:02.475] [Thread-0/WARN] [net.minecraftforge.fml.config.ConfigFileTypeHandler/CONFIG]: Configuration file /workspaces/servermods/servidor_minecraft/config/iceandfire-common.toml is not correct. Correcting
[26Jul2026 01:34:02.482] [Thread-0/DEBUG] [net.minecraftforge.common.ForgeConfigSpec$Builder$1/CORE]: List on key blacklistedBreakBlocks is deemed to need correction. It is null, not a list, or an empty list. Modders, consider defineListAllowEmpty?
[26Jul2026 01:34:02.482] [Thread-0/DEBUG] [net.minecraftforge.common.ForgeConfigSpec$Builder$1/CORE]: List on key noDropBreakBlocks is deemed to need correction. It is null, not a list, or an empty list. Modders, consider defineListAllowEmpty?
[26Jul2026 01:34:02.496] [Thread-0/DEBUG] [net.minecraftforge.fml.config.ConfigFileTypeHandler/CONFIG]: Config file iceandfire-common.toml changed, sending notifies
[26Jul2026 01:34:02.501] [Thread-0/DEBUG] [net.minecraftforge.fml.config.ConfigFileTypeHandler/CONFIG]: Config file iceandfire-common.toml changed, sending notifies
[26Jul2026 01:34:02.527] [Thread-0/WARN] [net.minecraftforge.fml.config.ConfigFileTypeHandler/CONFIG]: Configuration file /workspaces/servermods/servidor_minecraft/config/progressivebosses-common.toml is not correct. Correcting
[26Jul2026 01:34:02.565] [Thread-0/DEBUG] [net.minecraftforge.common.ForgeConfigSpec$Builder$1/CORE]: List on key Entity Blacklist is deemed to need correction. It is null, not a list, or an empty list. Modders, consider defineListAllowEmpty?
[26Jul2026 01:34:02.604] [Thread-0/DEBUG] [net.minecraftforge.fml.config.ConfigFileTypeHandler/CONFIG]: Config file progressivebosses-common.toml changed, sending notifies
[26Jul2026 01:34:02.604] [Thread-0/WARN] [insane96mcp.progressivebosses.ProgressiveBosses/]: Entity botania:pink_wither for Wither's Difficulty Feature entityBlacklist doesn't exist, will be ignored.
[26Jul2026 01:34:02.616] [Thread-0/DEBUG] [net.minecraftforge.fml.config.ConfigFileTypeHandler/CONFIG]: Config file forge-common.toml changed, sending notifies
[26Jul2026 01:34:02.617] [Thread-0/DEBUG] [net.minecraftforge.common.ForgeConfig/FORGEMOD]: Forge config just got changed on the file system!
[26Jul2026 01:34:02.627] [Thread-0/WARN] [net.minecraftforge.fml.config.ConfigFileTypeHandler/CONFIG]: Configuration file /workspaces/servermods/servidor_minecraft/config/progressivebosses-common.toml is not correct. Correcting
[26Jul2026 01:34:02.632] [Thread-0/DEBUG] [net.minecraftforge.common.ForgeConfigSpec$Builder$1/CORE]: List on key Entity Blacklist is deemed to need correction. It is null, not a list, or an empty list. Modders, consider defineListAllowEmpty?
[26Jul2026 01:34:02.645] [Thread-0/DEBUG] [net.minecraftforge.fml.config.ConfigFileTypeHandler/CONFIG]: Config file progressivebosses-common.toml changed, sending notifies
[26Jul2026 01:34:02.646] [Thread-0/WARN] [insane96mcp.progressivebosses.ProgressiveBosses/]: Entity botania:pink_wither for Wither's Difficulty Feature entityBlacklist doesn't exist, will be ignored.
[26Jul2026 01:34:02.699] [Thread-0/DEBUG] [net.minecraftforge.fml.config.ConfigFileTypeHandler/CONFIG]: Config file progressivebosses-common.toml changed, sending notifies
[26Jul2026 01:34:02.707] [Thread-0/WARN] [insane96mcp.progressivebosses.ProgressiveBosses/]: Entity botania:pink_wither for Wither's Difficulty Feature entityBlacklist doesn't exist, will be ignored.
[26Jul2026 01:34:13.487] [Worker-Main-5/DEBUG] [mixin/]: Mixing ItemInputMixin from tombstone.mixins.json into net.minecraft.commands.arguments.item.ItemInput
[26Jul2026 01:34:17.817] [Worker-Main-5/INFO] [net.minecraft.world.item.crafting.RecipeManager/]: Loaded 9 recipes
[26Jul2026 01:34:19.171] [Worker-Main-5/INFO] [Spartan Weaponry/]: Adding Diamond Weapons to the End City Treasure Loot Table!
[26Jul2026 01:34:19.224] [Worker-Main-5/INFO] [Spartan Weaponry/]: Adding Iron Weapons to the Village Weaponsmith Loot Table!
[26Jul2026 01:34:19.642] [Worker-Main-5/INFO] [Spartan Weaponry/]: Adding Longbow and Heavy Crossbow related loot to the Village Fletcher Loot Table!
[26Jul2026 01:34:20.350] [Worker-Main-5/ERROR] [net.minecraft.server.ServerAdvancementManager/]: Parsing error loading custom advancement spartanshields:recipes/spartanshields/basic_mekanists_basic_shield: Unknown item id 'mekanism:energy_tablet'
[26Jul2026 01:34:20.414] [Worker-Main-5/ERROR] [net.minecraft.server.ServerAdvancementManager/]: Parsing error loading custom advancement spartanshields:recipes/spartanshields/basic_mekanists_tower_shield: Unknown item id 'mekanism:energy_tablet'
[26Jul2026 01:34:20.775] [Worker-Main-5/INFO] [net.minecraft.advancements.AdvancementList/]: Loaded 2609 advancements
[26Jul2026 01:34:20.793] [Worker-Main-5/DEBUG] [sophisticatedbackpacks/]: Started loading registry data from sophisticatedbackpacks:compat/woot/block_tools 
[26Jul2026 01:34:20.793] [Worker-Main-5/DEBUG] [sophisticatedbackpacks/]: Started loading registry data from sophisticatedbackpacks:compat/fluxnetworks/block_tools 
[26Jul2026 01:34:20.793] [Worker-Main-5/DEBUG] [sophisticatedbackpacks/]: Started loading registry data from sophisticatedbackpacks:compat/mob_grinding_utils/entity_tools 
[26Jul2026 01:34:20.794] [Worker-Main-5/DEBUG] [sophisticatedbackpacks/]: Started loading registry data from sophisticatedbackpacks:compat/astralsorcery/block_tools 
[26Jul2026 01:34:20.794] [Worker-Main-5/DEBUG] [sophisticatedbackpacks/]: Started loading registry data from sophisticatedbackpacks:compat/immersivepetroleum/block_tools 
[26Jul2026 01:34:20.794] [Worker-Main-5/DEBUG] [sophisticatedbackpacks/]: Started loading registry data from sophisticatedbackpacks:compat/immersiveengineering/block_tools 
[26Jul2026 01:34:20.794] [Worker-Main-5/DEBUG] [sophisticatedbackpacks/]: Started loading registry data from sophisticatedbackpacks:compat/pedestals/block_tools 
[26Jul2026 01:34:20.794] [Worker-Main-5/DEBUG] [sophisticatedbackpacks/]: Started loading registry data from sophisticatedbackpacks:compat/platforms/block_tools 
[26Jul2026 01:34:20.794] [Worker-Main-5/DEBUG] [sophisticatedbackpacks/]: Started loading registry data from sophisticatedbackpacks:compat/rftoolsutility/entity_tools 
[26Jul2026 01:34:20.794] [Worker-Main-5/DEBUG] [sophisticatedbackpacks/]: Started loading registry data from sophisticatedbackpacks:compat/compactmachines/block_tools 
[26Jul2026 01:34:20.794] [Worker-Main-5/DEBUG] [sophisticatedbackpacks/]: Started loading registry data from sophisticatedbackpacks:compat/mcwwindows/block_tools 
[26Jul2026 01:34:20.794] [Worker-Main-5/DEBUG] [sophisticatedbackpacks/]: Started loading registry data from sophisticatedbackpacks:compat/integrateddynamics/block_tools 
[26Jul2026 01:34:20.795] [Worker-Main-5/DEBUG] [sophisticatedbackpacks/]: Started loading registry data from sophisticatedbackpacks:entity_tools 
[26Jul2026 01:34:20.801] [Worker-Main-5/DEBUG] [sophisticatedbackpacks/]: Finished loading registry data for sophisticatedbackpacks:entity_tools
[26Jul2026 01:34:20.802] [Worker-Main-5/DEBUG] [sophisticatedbackpacks/]: Started loading registry data from sophisticatedbackpacks:compat/mekanism/block_tools 
[26Jul2026 01:34:20.802] [Worker-Main-5/DEBUG] [sophisticatedbackpacks/]: Started loading registry data from sophisticatedbackpacks:compat/powah/block_tools 
[26Jul2026 01:34:20.802] [Worker-Main-5/DEBUG] [sophisticatedbackpacks/]: Started loading registry data from sophisticatedbackpacks:compat/apotheosis/entity_tools 
[26Jul2026 01:34:20.802] [Worker-Main-5/DEBUG] [sophisticatedbackpacks/]: Started loading registry data from sophisticatedbackpacks:compat/bloodmagic/block_tools 
[26Jul2026 01:34:20.802] [Worker-Main-5/DEBUG] [sophisticatedbackpacks/]: Started loading registry data from sophisticatedbackpacks:compat/immersiveposts/block_tools 
[26Jul2026 01:34:20.802] [Worker-Main-5/DEBUG] [sophisticatedbackpacks/]: Started loading registry data from sophisticatedbackpacks:compat/rats/entity_tools 
[26Jul2026 01:34:20.803] [Worker-Main-5/DEBUG] [sophisticatedbackpacks/]: Started loading registry data from sophisticatedbackpacks:compat/framedcompactdrawers/block_tools 
[26Jul2026 01:34:20.803] [Worker-Main-5/DEBUG] [sophisticatedbackpacks/]: Started loading registry data from sophisticatedbackpacks:compat/iceandfire/entity_tools 
[26Jul2026 01:34:20.803] [Worker-Main-5/DEBUG] [sophisticatedbackpacks/]: Finished loading registry data for sophisticatedbackpacks:compat/iceandfire/entity_tools
[26Jul2026 01:34:20.803] [Worker-Main-5/DEBUG] [sophisticatedbackpacks/]: Started loading registry data from sophisticatedbackpacks:compat/storagedrawers/block_tools 
[26Jul2026 01:34:20.803] [Worker-Main-5/DEBUG] [sophisticatedbackpacks/]: Started loading registry data from sophisticatedbackpacks:compat/mcwroofs/block_tools 
[26Jul2026 01:34:20.803] [Worker-Main-5/DEBUG] [sophisticatedbackpacks/]: Started loading registry data from sophisticatedbackpacks:compat/morphtool/block_tools 
[26Jul2026 01:34:20.803] [Worker-Main-5/DEBUG] [sophisticatedbackpacks/]: Started loading registry data from sophisticatedbackpacks:compat/botania/block_tools 
[26Jul2026 01:34:20.803] [Worker-Main-5/DEBUG] [sophisticatedbackpacks/]: Started loading registry data from sophisticatedbackpacks:compat/pneumaticraft/block_tools 
[26Jul2026 01:34:20.804] [Worker-Main-5/DEBUG] [sophisticatedbackpacks/]: Started loading registry data from sophisticatedbackpacks:compat/shrink/entity_tools 
[26Jul2026 01:34:20.804] [Worker-Main-5/DEBUG] [sophisticatedbackpacks/]: Started loading registry data from sophisticatedbackpacks:compat/blockcarpentry/block_tools 
[26Jul2026 01:34:20.804] [Worker-Main-5/DEBUG] [sophisticatedbackpacks/]: Started loading registry data from sophisticatedbackpacks:compat/pipez/block_tools 
[26Jul2026 01:34:20.804] [Worker-Main-5/DEBUG] [sophisticatedbackpacks/]: Started loading registry data from sophisticatedbackpacks:compat/transport/block_tools 
[26Jul2026 01:34:20.804] [Worker-Main-5/DEBUG] [sophisticatedbackpacks/]: Started loading registry data from sophisticatedbackpacks:compat/thermal/block_tools 
[26Jul2026 01:34:20.804] [Worker-Main-5/DEBUG] [sophisticatedbackpacks/]: Started loading registry data from sophisticatedbackpacks:block_tools 
[26Jul2026 01:34:20.804] [Worker-Main-5/DEBUG] [sophisticatedbackpacks/]: Finished loading registry data for sophisticatedbackpacks:block_tools
[26Jul2026 01:34:20.804] [Worker-Main-5/DEBUG] [sophisticatedbackpacks/]: Started loading registry data from sophisticatedbackpacks:compat/create/block_tools 
[26Jul2026 01:34:20.804] [Worker-Main-5/DEBUG] [sophisticatedbackpacks/]: Started loading registry data from sophisticatedbackpacks:compat/farmersdelight/entity_tools 
[26Jul2026 01:34:20.805] [Worker-Main-5/DEBUG] [sophisticatedbackpacks/]: Started loading registry data from sophisticatedbackpacks:compat/refinedstorage/block_tools 
[26Jul2026 01:34:20.805] [Worker-Main-5/DEBUG] [sophisticatedbackpacks/]: Started loading registry data from sophisticatedbackpacks:compat/chiselsandbits/block_tools 
[26Jul2026 01:34:20.805] [Worker-Main-5/DEBUG] [sophisticatedbackpacks/]: Started loading registry data from sophisticatedbackpacks:compat/farmersdelight/block_tools 
[26Jul2026 01:34:20.805] [Worker-Main-5/DEBUG] [sophisticatedbackpacks/]: Started loading registry data from sophisticatedbackpacks:compat/resourcefulbees/entity_tools 
[26Jul2026 01:34:20.805] [Worker-Main-5/DEBUG] [sophisticatedbackpacks/]: Started loading registry data from sophisticatedbackpacks:compat/tetra/swords 
[26Jul2026 01:34:20.805] [Worker-Main-5/DEBUG] [sophisticatedbackpacks/]: Started loading registry data from sophisticatedbackpacks:swords 
[26Jul2026 01:34:20.805] [Worker-Main-5/DEBUG] [sophisticatedbackpacks/]: Finished loading registry data for sophisticatedbackpacks:swords
[26Jul2026 01:34:20.805] [Worker-Main-5/DEBUG] [sophisticatedbackpacks/]: Started loading registry data from sophisticatedbackpacks:compat/mythicbotany/block_tools 
[26Jul2026 01:34:20.806] [Worker-Main-5/DEBUG] [sophisticatedbackpacks/]: Started loading registry data from sophisticatedbackpacks:compat/resourcefulbees/block_tools 
[26Jul2026 01:34:20.806] [Worker-Main-5/DEBUG] [sophisticatedbackpacks/]: Started loading registry data from sophisticatedbackpacks:compat/syp/entity_tools 
[26Jul2026 01:34:20.806] [Worker-Main-5/DEBUG] [sophisticatedbackpacks/]: Started loading registry data from sophisticatedbackpacks:compat/eidolon/block_tools 
[26Jul2026 01:34:20.806] [Worker-Main-5/DEBUG] [sophisticatedbackpacks/]: Started loading registry data from sophisticatedbackpacks:compat/rftoolsbase/block_tools 
[26Jul2026 01:34:22.094] [main/DEBUG] [Spartan Weaponry/]: Initaliasing reloadables for 479 values
[26Jul2026 01:34:22.113] [main/INFO] [Spartan Weaponry/]: Finished initialising Weapon Traits & Attributes! Took 16.899389ms
[26Jul2026 01:34:22.444] [main/DEBUG] [net.minecraftforge.common.ForgeHooks/WP]: Gathering id map for writing to world save world
[26Jul2026 01:34:22.470] [main/DEBUG] [net.minecraftforge.common.ForgeHooks/WP]: ID Map collection complete world
[26Jul2026 01:34:22.609] [Server thread/INFO] [net.minecraft.server.dedicated.DedicatedServer/]: Starting minecraft server version 1.18.2
[26Jul2026 01:34:22.610] [Server thread/INFO] [net.minecraft.server.dedicated.DedicatedServer/]: Loading properties
[26Jul2026 01:34:22.610] [Server thread/INFO] [net.minecraft.server.dedicated.DedicatedServer/]: Default game type: SURVIVAL
[26Jul2026 01:34:22.611] [Server thread/INFO] [net.minecraft.server.MinecraftServer/]: Generating keypair
[26Jul2026 01:34:23.083] [Server thread/INFO] [net.minecraft.server.dedicated.DedicatedServer/]: Starting Minecraft server on *:25565
[26Jul2026 01:34:23.084] [Server thread/DEBUG] [net.minecraftforge.network.DualStackUtils/]: Detected IPv6 address: "0:0:0:0:0:0:0:0"
[26Jul2026 01:34:23.113] [Server thread/DEBUG] [io.netty.util.internal.NativeLibraryLoader/]: -Dio.netty.native.workdir: /tmp (io.netty.tmpdir)
[26Jul2026 01:34:23.115] [Server thread/DEBUG] [io.netty.util.internal.NativeLibraryLoader/]: -Dio.netty.native.deleteLibAfterLoading: true
[26Jul2026 01:34:23.115] [Server thread/DEBUG] [io.netty.util.internal.NativeLibraryLoader/]: -Dio.netty.native.tryPatchShadedId: true
[26Jul2026 01:34:23.133] [Server thread/DEBUG] [io.netty.util.internal.NativeLibraryLoader/]: Successfully loaded the library /tmp/libnetty_transport_native_epoll_x86_6415137709695923239589.so
[26Jul2026 01:34:23.138] [Server thread/DEBUG] [io.netty.util.NetUtil/]: -Djava.net.preferIPv4Stack: false
[26Jul2026 01:34:23.139] [Server thread/DEBUG] [io.netty.util.NetUtil/]: -Djava.net.preferIPv6Addresses: true
[26Jul2026 01:34:23.141] [Server thread/DEBUG] [io.netty.util.NetUtilInitializations/]: Loopback interface: lo (lo, 0:0:0:0:0:0:0:1%lo)
[26Jul2026 01:34:23.142] [Server thread/DEBUG] [io.netty.util.NetUtil/]: /proc/sys/net/core/somaxconn: 4096
[26Jul2026 01:34:23.148] [Server thread/INFO] [net.minecraft.server.network.ServerConnectionListener/]: Using epoll channel type
[26Jul2026 01:34:23.175] [Server thread/DEBUG] [io.netty.channel.MultithreadEventLoopGroup/]: -Dio.netty.eventLoopThreads: 8
[26Jul2026 01:34:23.210] [Server thread/DEBUG] [io.netty.util.internal.InternalThreadLocalMap/]: -Dio.netty.threadLocalMap.stringBuilder.initialSize: 1024
[26Jul2026 01:34:23.211] [Server thread/DEBUG] [io.netty.util.internal.InternalThreadLocalMap/]: -Dio.netty.threadLocalMap.stringBuilder.maxSize: 4096
[26Jul2026 01:34:23.247] [Server thread/DEBUG] [io.netty.util.internal.PlatformDependent/]: org.jctools-core.MpscChunkedArrayQueue: available
[26Jul2026 01:34:23.290] [Server thread/DEBUG] [io.netty.channel.DefaultChannelId/]: -Dio.netty.processId: 12152 (auto-detected)
[26Jul2026 01:34:23.292] [Server thread/DEBUG] [io.netty.channel.DefaultChannelId/]: -Dio.netty.machineId: 7c:1e:52:ff:fe:d2:76:e1 (auto-detected)
[26Jul2026 01:34:23.407] [Server thread/DEBUG] [io.netty.buffer.PooledByteBufAllocator/]: -Dio.netty.allocator.numHeapArenas: 8
[26Jul2026 01:34:23.409] [Server thread/DEBUG] [io.netty.buffer.PooledByteBufAllocator/]: -Dio.netty.allocator.numDirectArenas: 8
[26Jul2026 01:34:23.409] [Server thread/DEBUG] [io.netty.buffer.PooledByteBufAllocator/]: -Dio.netty.allocator.pageSize: 8192
[26Jul2026 01:34:23.409] [Server thread/DEBUG] [io.netty.buffer.PooledByteBufAllocator/]: -Dio.netty.allocator.maxOrder: 11
[26Jul2026 01:34:23.409] [Server thread/DEBUG] [io.netty.buffer.PooledByteBufAllocator/]: -Dio.netty.allocator.chunkSize: 16777216
[26Jul2026 01:34:23.409] [Server thread/DEBUG] [io.netty.buffer.PooledByteBufAllocator/]: -Dio.netty.allocator.smallCacheSize: 256
[26Jul2026 01:34:23.409] [Server thread/DEBUG] [io.netty.buffer.PooledByteBufAllocator/]: -Dio.netty.allocator.normalCacheSize: 64
[26Jul2026 01:34:23.409] [Server thread/DEBUG] [io.netty.buffer.PooledByteBufAllocator/]: -Dio.netty.allocator.maxCachedBufferCapacity: 32768
[26Jul2026 01:34:23.409] [Server thread/DEBUG] [io.netty.buffer.PooledByteBufAllocator/]: -Dio.netty.allocator.cacheTrimInterval: 8192
[26Jul2026 01:34:23.409] [Server thread/DEBUG] [io.netty.buffer.PooledByteBufAllocator/]: -Dio.netty.allocator.cacheTrimIntervalMillis: 0
[26Jul2026 01:34:23.409] [Server thread/DEBUG] [io.netty.buffer.PooledByteBufAllocator/]: -Dio.netty.allocator.useCacheForAllThreads: true
[26Jul2026 01:34:23.409] [Server thread/DEBUG] [io.netty.buffer.PooledByteBufAllocator/]: -Dio.netty.allocator.maxCachedByteBuffersPerChunk: 1023
[26Jul2026 01:34:23.445] [Server thread/DEBUG] [io.netty.buffer.ByteBufUtil/]: -Dio.netty.allocator.type: pooled
[26Jul2026 01:34:23.447] [Server thread/DEBUG] [io.netty.buffer.ByteBufUtil/]: -Dio.netty.threadLocalDirectBufferSize: 0
[26Jul2026 01:34:23.448] [Server thread/DEBUG] [io.netty.buffer.ByteBufUtil/]: -Dio.netty.maxThreadLocalCharBufferSize: 16384
[26Jul2026 01:34:23.479] [Server thread/WARN] [net.minecraft.server.dedicated.DedicatedServer/]: **** SERVER IS RUNNING IN OFFLINE/INSECURE MODE!
[26Jul2026 01:34:23.481] [Server thread/WARN] [net.minecraft.server.dedicated.DedicatedServer/]: The server will make no attempt to authenticate usernames. Beware.
[26Jul2026 01:34:23.482] [Server thread/WARN] [net.minecraft.server.dedicated.DedicatedServer/]: While this makes the game possible to play without internet access, it also opens up the ability for hackers to connect with any username they choose.
[26Jul2026 01:34:23.482] [Server thread/WARN] [net.minecraft.server.dedicated.DedicatedServer/]: To change this, set "online-mode" to "true" in the server.properties file.
[26Jul2026 01:34:23.525] [Server thread/DEBUG] [net.minecraftforge.fml.loading.FileUtils/CORE]: Found existing serverconfig directory : ./world/serverconfig
[26Jul2026 01:34:23.527] [Server thread/DEBUG] [net.minecraftforge.fml.config.ConfigTracker/CONFIG]: Loading configs type SERVER
[26Jul2026 01:34:23.528] [Server thread/DEBUG] [net.minecraftforge.fml.config.ConfigFileTypeHandler/CONFIG]: Built TOML config for ./world/serverconfig/jei-server.toml
[26Jul2026 01:34:23.528] [Server thread/DEBUG] [net.minecraftforge.fml.config.ConfigFileTypeHandler/CONFIG]: Loaded TOML config file ./world/serverconfig/jei-server.toml
[26Jul2026 01:34:23.529] [Server thread/DEBUG] [net.minecraftforge.fml.config.ConfigFileTypeHandler/CONFIG]: Watching TOML config file ./world/serverconfig/jei-server.toml for changes
[26Jul2026 01:34:23.530] [Server thread/DEBUG] [net.minecraftforge.fml.config.ConfigFileTypeHandler/CONFIG]: Built TOML config for ./world/serverconfig/curios-server.toml
[26Jul2026 01:34:23.530] [Server thread/DEBUG] [net.minecraftforge.fml.config.ConfigFileTypeHandler/CONFIG]: Loaded TOML config file ./world/serverconfig/curios-server.toml
[26Jul2026 01:34:23.531] [Server thread/DEBUG] [net.minecraftforge.fml.config.ConfigFileTypeHandler/CONFIG]: Watching TOML config file ./world/serverconfig/curios-server.toml for changes
[26Jul2026 01:34:23.533] [Thread-0/DEBUG] [net.minecraftforge.fml.config.ConfigFileTypeHandler/CONFIG]: Config file jei-server.toml changed, sending notifies
[26Jul2026 01:34:23.551] [Thread-0/DEBUG] [net.minecraftforge.fml.config.ConfigFileTypeHandler/CONFIG]: Config file curios-server.toml changed, sending notifies
[26Jul2026 01:34:23.554] [Thread-0/DEBUG] [net.minecraftforge.fml.config.ConfigFileTypeHandler/CONFIG]: Config file curios-server.toml changed, sending notifies
[26Jul2026 01:34:23.554] [Server thread/DEBUG] [net.minecraftforge.fml.config.ConfigFileTypeHandler/CONFIG]: Built TOML config for ./world/serverconfig/journeymap-server.toml
[26Jul2026 01:34:23.554] [Server thread/DEBUG] [net.minecraftforge.fml.config.ConfigFileTypeHandler/CONFIG]: Loaded TOML config file ./world/serverconfig/journeymap-server.toml
[26Jul2026 01:34:23.555] [Server thread/DEBUG] [net.minecraftforge.fml.config.ConfigFileTypeHandler/CONFIG]: Watching TOML config file ./world/serverconfig/journeymap-server.toml for changes
[26Jul2026 01:34:23.555] [Server thread/INFO] [journeymap/]: Loading JourneyMap Forge Configs
[26Jul2026 01:34:23.556] [Thread-0/DEBUG] [net.minecraftforge.fml.config.ConfigFileTypeHandler/CONFIG]: Config file journeymap-server.toml changed, sending notifies
[26Jul2026 01:34:23.556] [Thread-0/INFO] [journeymap/]: Loading JourneyMap Forge Configs
[26Jul2026 01:34:23.556] [Server thread/DEBUG] [net.minecraftforge.fml.config.ConfigFileTypeHandler/CONFIG]: Built TOML config for ./world/serverconfig/champions-server.toml
[26Jul2026 01:34:23.557] [Thread-0/DEBUG] [net.minecraftforge.fml.config.ConfigFileTypeHandler/CONFIG]: Config file journeymap-server.toml changed, sending notifies
[26Jul2026 01:34:23.557] [Thread-0/INFO] [journeymap/]: Loading JourneyMap Forge Configs
[26Jul2026 01:34:23.557] [Server thread/DEBUG] [net.minecraftforge.fml.config.ConfigFileTypeHandler/CONFIG]: Loaded TOML config file ./world/serverconfig/champions-server.toml
[26Jul2026 01:34:23.559] [Server thread/DEBUG] [net.minecraftforge.fml.config.ConfigFileTypeHandler/CONFIG]: Watching TOML config file ./world/serverconfig/champions-server.toml for changes
[26Jul2026 01:34:23.561] [Thread-0/DEBUG] [net.minecraftforge.fml.config.ConfigFileTypeHandler/CONFIG]: Config file champions-server.toml changed, sending notifies
[26Jul2026 01:34:23.561] [Thread-0/DEBUG] [net.minecraftforge.fml.config.ConfigFileTypeHandler/CONFIG]: Config file champions-server.toml changed, sending notifies
[26Jul2026 01:34:23.561] [Server thread/DEBUG] [net.minecraftforge.fml.config.ConfigFileTypeHandler/CONFIG]: Built TOML config for ./world/serverconfig/champions-ranks.toml
[26Jul2026 01:34:23.564] [Server thread/DEBUG] [net.minecraftforge.fml.config.ConfigFileTypeHandler/CONFIG]: Loaded TOML config file ./world/serverconfig/champions-ranks.toml
[26Jul2026 01:34:23.564] [Server thread/DEBUG] [net.minecraftforge.fml.config.ConfigFileTypeHandler/CONFIG]: Watching TOML config file ./world/serverconfig/champions-ranks.toml for changes
[26Jul2026 01:34:23.567] [Thread-0/DEBUG] [net.minecraftforge.fml.config.ConfigFileTypeHandler/CONFIG]: Config file champions-ranks.toml changed, sending notifies
[26Jul2026 01:34:23.570] [Server thread/DEBUG] [net.minecraftforge.fml.config.ConfigFileTypeHandler/CONFIG]: Built TOML config for ./world/serverconfig/champions-affixes.toml
[26Jul2026 01:34:23.571] [Server thread/DEBUG] [net.minecraftforge.fml.config.ConfigFileTypeHandler/CONFIG]: Loaded TOML config file ./world/serverconfig/champions-affixes.toml
[26Jul2026 01:34:23.571] [Server thread/DEBUG] [net.minecraftforge.fml.config.ConfigFileTypeHandler/CONFIG]: Watching TOML config file ./world/serverconfig/champions-affixes.toml for changes
[26Jul2026 01:34:23.571] [Thread-0/DEBUG] [net.minecraftforge.fml.config.ConfigFileTypeHandler/CONFIG]: Config file champions-ranks.toml changed, sending notifies
[26Jul2026 01:34:23.574] [Thread-0/DEBUG] [net.minecraftforge.fml.config.ConfigFileTypeHandler/CONFIG]: Config file champions-affixes.toml changed, sending notifies
[26Jul2026 01:34:23.576] [Server thread/DEBUG] [net.minecraftforge.fml.config.ConfigFileTypeHandler/CONFIG]: Built TOML config for ./world/serverconfig/champions-entities.toml
[26Jul2026 01:34:23.576] [Server thread/DEBUG] [net.minecraftforge.fml.config.ConfigFileTypeHandler/CONFIG]: Loaded TOML config file ./world/serverconfig/champions-entities.toml
[26Jul2026 01:34:23.576] [Server thread/DEBUG] [net.minecraftforge.fml.config.ConfigFileTypeHandler/CONFIG]: Watching TOML config file ./world/serverconfig/champions-entities.toml for changes
[26Jul2026 01:34:23.577] [Thread-0/DEBUG] [net.minecraftforge.fml.config.ConfigFileTypeHandler/CONFIG]: Config file champions-affixes.toml changed, sending notifies
[26Jul2026 01:34:23.579] [Thread-0/DEBUG] [net.minecraftforge.fml.config.ConfigFileTypeHandler/CONFIG]: Config file champions-entities.toml changed, sending notifies
[26Jul2026 01:34:23.581] [Thread-0/DEBUG] [net.minecraftforge.fml.config.ConfigFileTypeHandler/CONFIG]: Config file champions-entities.toml changed, sending notifies
[26Jul2026 01:34:23.581] [Server thread/DEBUG] [net.minecraftforge.fml.config.ConfigFileTypeHandler/CONFIG]: Built TOML config for /workspaces/servermods/servidor_minecraft/config/tombstone-server.toml
[26Jul2026 01:34:23.582] [Server thread/DEBUG] [net.minecraftforge.fml.config.ConfigFileTypeHandler/CONFIG]: Loaded TOML config file /workspaces/servermods/servidor_minecraft/config/tombstone-server.toml
[26Jul2026 01:34:23.585] [Server thread/DEBUG] [net.minecraftforge.fml.config.ConfigFileTypeHandler/CONFIG]: Watching TOML config file /workspaces/servermods/servidor_minecraft/config/tombstone-server.toml for changes
[26Jul2026 01:34:23.586] [Server thread/DEBUG] [net.minecraftforge.fml.config.ConfigFileTypeHandler/CONFIG]: Built TOML config for ./world/serverconfig/sophisticatedbackpacks-server.toml
[26Jul2026 01:34:23.587] [Server thread/DEBUG] [net.minecraftforge.fml.config.ConfigFileTypeHandler/CONFIG]: Loaded TOML config file ./world/serverconfig/sophisticatedbackpacks-server.toml
[26Jul2026 01:34:23.587] [Server thread/DEBUG] [net.minecraftforge.fml.config.ConfigFileTypeHandler/CONFIG]: Watching TOML config file ./world/serverconfig/sophisticatedbackpacks-server.toml for changes
[26Jul2026 01:34:23.588] [Thread-0/DEBUG] [net.minecraftforge.fml.config.ConfigFileTypeHandler/CONFIG]: Config file tombstone-server.toml changed, sending notifies
[26Jul2026 01:34:23.592] [Server thread/DEBUG] [net.minecraftforge.fml.config.ConfigFileTypeHandler/CONFIG]: Built TOML config for ./world/serverconfig/betteranimalsplus-server.toml
[26Jul2026 01:34:23.595] [Thread-0/DEBUG] [net.minecraftforge.fml.config.ConfigFileTypeHandler/CONFIG]: Config file sophisticatedbackpacks-server.toml changed, sending notifies
[26Jul2026 01:34:23.597] [Server thread/DEBUG] [net.minecraftforge.fml.config.ConfigFileTypeHandler/CONFIG]: Loaded TOML config file ./world/serverconfig/betteranimalsplus-server.toml
[26Jul2026 01:34:23.597] [Server thread/DEBUG] [net.minecraftforge.fml.config.ConfigFileTypeHandler/CONFIG]: Watching TOML config file ./world/serverconfig/betteranimalsplus-server.toml for changes
[26Jul2026 01:34:23.603] [Server thread/DEBUG] [dev.itsmeow.betteranimalsplus.imdlib.util.config.ConfigBuilderForge/]: Loading betteranimalsplus-server.toml
[26Jul2026 01:34:23.982] [Server thread/DEBUG] [dev.itsmeow.betteranimalsplus.imdlib.util.config.ConfigBuilderForge/]: Loading betteranimalsplus-server.toml
[26Jul2026 01:34:23.985] [Thread-0/DEBUG] [net.minecraftforge.fml.config.ConfigFileTypeHandler/CONFIG]: Config file betteranimalsplus-server.toml changed, sending notifies
[26Jul2026 01:34:23.987] [Server thread/DEBUG] [net.minecraftforge.fml.config.ConfigFileTypeHandler/CONFIG]: Built TOML config for ./world/serverconfig/forge-server.toml
[26Jul2026 01:34:23.987] [Server thread/DEBUG] [net.minecraftforge.fml.config.ConfigFileTypeHandler/CONFIG]: Loaded TOML config file ./world/serverconfig/forge-server.toml
[26Jul2026 01:34:23.987] [Server thread/DEBUG] [net.minecraftforge.fml.config.ConfigFileTypeHandler/CONFIG]: Watching TOML config file ./world/serverconfig/forge-server.toml for changes
[26Jul2026 01:34:23.988] [Server thread/DEBUG] [net.minecraftforge.common.ForgeConfig/FORGEMOD]: Loaded forge config file forge-server.toml
[26Jul2026 01:34:23.988] [Server thread/DEBUG] [net.minecraftforge.fml.config.ConfigFileTypeHandler/CONFIG]: Built TOML config for ./world/serverconfig/artifacts-server.toml
[26Jul2026 01:34:23.989] [Server thread/DEBUG] [net.minecraftforge.fml.config.ConfigFileTypeHandler/CONFIG]: Loaded TOML config file ./world/serverconfig/artifacts-server.toml
[26Jul2026 01:34:23.989] [Server thread/DEBUG] [net.minecraftforge.fml.config.ConfigFileTypeHandler/CONFIG]: Watching TOML config file ./world/serverconfig/artifacts-server.toml for changes
[26Jul2026 01:34:24.387] [Server thread/INFO] [terrablender/]: Initialized TerraBlender biomes for level stem minecraft:overworld
[26Jul2026 01:34:24.389] [Server thread/INFO] [terrablender/]: Initialized TerraBlender biomes for level stem minecraft:the_nether
[26Jul2026 01:34:24.397] [Server thread/DEBUG] [citadel/]: biome config: BIOME_DICT is no longer fully supported in 1.18+. They will only work for structures.
[26Jul2026 01:34:24.397] [Server thread/DEBUG] [citadel/]: biome config: BIOME_DICT is no longer fully supported in 1.18+. They will only work for structures.
[26Jul2026 01:34:24.398] [Server thread/DEBUG] [citadel/]: biome config: BIOME_DICT is no longer fully supported in 1.18+. They will only work for structures.
[26Jul2026 01:34:24.400] [Server thread/DEBUG] [citadel/]: biome config: BIOME_DICT is no longer fully supported in 1.18+. They will only work for structures.
[26Jul2026 01:34:24.401] [Server thread/DEBUG] [citadel/]: biome config: BIOME_DICT is no longer fully supported in 1.18+. They will only work for structures.
[26Jul2026 01:34:24.401] [Server thread/DEBUG] [citadel/]: biome config: BIOME_DICT is no longer fully supported in 1.18+. They will only work for structures.
[26Jul2026 01:34:24.402] [Server thread/DEBUG] [citadel/]: biome config: BIOME_DICT is no longer fully supported in 1.18+. They will only work for structures.
[26Jul2026 01:34:24.402] [Server thread/DEBUG] [citadel/]: biome config: BIOME_DICT is no longer fully supported in 1.18+. They will only work for structures.
[26Jul2026 01:34:24.402] [Server thread/DEBUG] [citadel/]: biome config: BIOME_DICT is no longer fully supported in 1.18+. They will only work for structures.
[26Jul2026 01:34:24.403] [Server thread/DEBUG] [citadel/]: biome config: BIOME_DICT is no longer fully supported in 1.18+. They will only work for structures.
[26Jul2026 01:34:24.403] [Server thread/DEBUG] [citadel/]: biome config: BIOME_DICT is no longer fully supported in 1.18+. They will only work for structures.
[26Jul2026 01:34:24.403] [Server thread/DEBUG] [citadel/]: biome config: BIOME_DICT is no longer fully supported in 1.18+. They will only work for structures.
[26Jul2026 01:34:24.404] [Server thread/DEBUG] [citadel/]: biome config: BIOME_DICT is no longer fully supported in 1.18+. They will only work for structures.
[26Jul2026 01:34:24.404] [Server thread/DEBUG] [citadel/]: biome config: BIOME_DICT is no longer fully supported in 1.18+. They will only work for structures.
[26Jul2026 01:34:24.404] [Server thread/DEBUG] [citadel/]: biome config: BIOME_DICT is no longer fully supported in 1.18+. They will only work for structures.
[26Jul2026 01:34:24.405] [Server thread/DEBUG] [citadel/]: biome config: BIOME_DICT is no longer fully supported in 1.18+. They will only work for structures.
[26Jul2026 01:34:24.405] [Server thread/DEBUG] [citadel/]: biome config: BIOME_DICT is no longer fully supported in 1.18+. They will only work for structures.
[26Jul2026 01:34:24.405] [Server thread/DEBUG] [citadel/]: biome config: BIOME_DICT is no longer fully supported in 1.18+. They will only work for structures.
[26Jul2026 01:34:24.406] [Server thread/DEBUG] [citadel/]: biome config: BIOME_DICT is no longer fully supported in 1.18+. They will only work for structures.
[26Jul2026 01:34:24.406] [Server thread/DEBUG] [citadel/]: biome config: BIOME_DICT is no longer fully supported in 1.18+. They will only work for structures.
[26Jul2026 01:34:24.406] [Server thread/DEBUG] [citadel/]: biome config: BIOME_DICT is no longer fully supported in 1.18+. They will only work for structures.
[26Jul2026 01:34:24.408] [Server thread/DEBUG] [citadel/]: biome config: BIOME_DICT is no longer fully supported in 1.18+. They will only work for structures.
[26Jul2026 01:34:24.408] [Server thread/DEBUG] [citadel/]: biome config: BIOME_DICT is no longer fully supported in 1.18+. They will only work for structures.
[26Jul2026 01:34:24.408] [Server thread/DEBUG] [citadel/]: biome config: BIOME_DICT is no longer fully supported in 1.18+. They will only work for structures.
[26Jul2026 01:34:24.409] [Server thread/DEBUG] [citadel/]: biome config: BIOME_DICT is no longer fully supported in 1.18+. They will only work for structures.
[26Jul2026 01:34:24.409] [Server thread/DEBUG] [citadel/]: biome config: BIOME_DICT is no longer fully supported in 1.18+. They will only work for structures.
[26Jul2026 01:34:24.409] [Server thread/DEBUG] [citadel/]: biome config: BIOME_DICT is no longer fully supported in 1.18+. They will only work for structures.
[26Jul2026 01:34:24.410] [Server thread/DEBUG] [citadel/]: biome config: BIOME_DICT is no longer fully supported in 1.18+. They will only work for structures.
[26Jul2026 01:34:24.411] [Server thread/DEBUG] [citadel/]: biome config: BIOME_DICT is no longer fully supported in 1.18+. They will only work for structures.
[26Jul2026 01:34:24.412] [Server thread/DEBUG] [citadel/]: biome config: BIOME_DICT is no longer fully supported in 1.18+. They will only work for structures.
[26Jul2026 01:34:24.413] [Server thread/DEBUG] [citadel/]: biome config: BIOME_DICT is no longer fully supported in 1.18+. They will only work for structures.
[26Jul2026 01:34:24.414] [Server thread/DEBUG] [citadel/]: biome config: BIOME_DICT is no longer fully supported in 1.18+. They will only work for structures.
[26Jul2026 01:34:24.415] [Server thread/DEBUG] [citadel/]: biome config: BIOME_DICT is no longer fully supported in 1.18+. They will only work for structures.
[26Jul2026 01:34:24.415] [Server thread/DEBUG] [citadel/]: biome config: BIOME_DICT is no longer fully supported in 1.18+. They will only work for structures.
[26Jul2026 01:34:24.415] [Server thread/DEBUG] [citadel/]: biome config: BIOME_DICT is no longer fully supported in 1.18+. They will only work for structures.
[26Jul2026 01:34:24.415] [Server thread/DEBUG] [citadel/]: biome config: BIOME_DICT is no longer fully supported in 1.18+. They will only work for structures.
[26Jul2026 01:34:24.418] [Server thread/DEBUG] [citadel/]: biome config: BIOME_DICT is no longer fully supported in 1.18+. They will only work for structures.
[26Jul2026 01:34:24.418] [Server thread/DEBUG] [citadel/]: biome config: BIOME_DICT is no longer fully supported in 1.18+. They will only work for structures.
[26Jul2026 01:34:24.418] [Server thread/DEBUG] [citadel/]: biome config: BIOME_DICT is no longer fully supported in 1.18+. They will only work for structures.
[26Jul2026 01:34:24.419] [Server thread/DEBUG] [citadel/]: biome config: BIOME_DICT is no longer fully supported in 1.18+. They will only work for structures.
[26Jul2026 01:34:24.419] [Server thread/DEBUG] [citadel/]: biome config: BIOME_DICT is no longer fully supported in 1.18+. They will only work for structures.
[26Jul2026 01:34:24.419] [Server thread/DEBUG] [citadel/]: biome config: BIOME_DICT is no longer fully supported in 1.18+. They will only work for structures.
[26Jul2026 01:34:24.419] [Server thread/DEBUG] [citadel/]: biome config: BIOME_DICT is no longer fully supported in 1.18+. They will only work for structures.
[26Jul2026 01:34:24.419] [Server thread/DEBUG] [citadel/]: biome config: BIOME_DICT is no longer fully supported in 1.18+. They will only work for structures.
[26Jul2026 01:34:24.419] [Server thread/DEBUG] [citadel/]: biome config: BIOME_DICT is no longer fully supported in 1.18+. They will only work for structures.
[26Jul2026 01:34:24.420] [Server thread/DEBUG] [citadel/]: biome config: BIOME_DICT is no longer fully supported in 1.18+. They will only work for structures.
[26Jul2026 01:34:24.420] [Server thread/DEBUG] [citadel/]: biome config: BIOME_DICT is no longer fully supported in 1.18+. They will only work for structures.
[26Jul2026 01:34:24.420] [Server thread/DEBUG] [citadel/]: biome config: BIOME_DICT is no longer fully supported in 1.18+. They will only work for structures.
[26Jul2026 01:34:24.421] [Server thread/DEBUG] [citadel/]: biome config: BIOME_DICT is no longer fully supported in 1.18+. They will only work for structures.
[26Jul2026 01:34:24.421] [Server thread/DEBUG] [citadel/]: biome config: BIOME_DICT is no longer fully supported in 1.18+. They will only work for structures.
[26Jul2026 01:34:24.421] [Server thread/DEBUG] [citadel/]: biome config: BIOME_DICT is no longer fully supported in 1.18+. They will only work for structures.
[26Jul2026 01:34:24.422] [Server thread/DEBUG] [citadel/]: biome config: BIOME_DICT is no longer fully supported in 1.18+. They will only work for structures.
[26Jul2026 01:34:24.422] [Server thread/DEBUG] [citadel/]: biome config: BIOME_DICT is no longer fully supported in 1.18+. They will only work for structures.
[26Jul2026 01:34:24.422] [Server thread/DEBUG] [citadel/]: biome config: BIOME_DICT is no longer fully supported in 1.18+. They will only work for structures.
[26Jul2026 01:34:24.423] [Server thread/DEBUG] [citadel/]: biome config: BIOME_DICT is no longer fully supported in 1.18+. They will only work for structures.
[26Jul2026 01:34:24.423] [Server thread/DEBUG] [citadel/]: biome config: BIOME_DICT is no longer fully supported in 1.18+. They will only work for structures.
[26Jul2026 01:34:24.423] [Server thread/DEBUG] [citadel/]: biome config: BIOME_DICT is no longer fully supported in 1.18+. They will only work for structures.
[26Jul2026 01:34:24.424] [Server thread/DEBUG] [citadel/]: biome config: BIOME_DICT is no longer fully supported in 1.18+. They will only work for structures.
[26Jul2026 01:34:24.424] [Server thread/DEBUG] [citadel/]: biome config: BIOME_DICT is no longer fully supported in 1.18+. They will only work for structures.
[26Jul2026 01:34:24.424] [Server thread/DEBUG] [citadel/]: biome config: BIOME_DICT is no longer fully supported in 1.18+. They will only work for structures.
[26Jul2026 01:34:24.425] [Server thread/DEBUG] [citadel/]: biome config: BIOME_DICT is no longer fully supported in 1.18+. They will only work for structures.
[26Jul2026 01:34:24.425] [Server thread/DEBUG] [citadel/]: biome config: BIOME_DICT is no longer fully supported in 1.18+. They will only work for structures.
[26Jul2026 01:34:24.425] [Server thread/DEBUG] [citadel/]: biome config: BIOME_DICT is no longer fully supported in 1.18+. They will only work for structures.
[26Jul2026 01:34:24.425] [Server thread/DEBUG] [citadel/]: biome config: BIOME_DICT is no longer fully supported in 1.18+. They will only work for structures.
[26Jul2026 01:34:24.426] [Server thread/DEBUG] [citadel/]: biome config: BIOME_DICT is no longer fully supported in 1.18+. They will only work for structures.
[26Jul2026 01:34:24.426] [Server thread/DEBUG] [citadel/]: biome config: BIOME_DICT is no longer fully supported in 1.18+. They will only work for structures.
[26Jul2026 01:34:24.427] [Server thread/DEBUG] [citadel/]: biome config: BIOME_DICT is no longer fully supported in 1.18+. They will only work for structures.
[26Jul2026 01:34:24.427] [Server thread/DEBUG] [citadel/]: biome config: BIOME_DICT is no longer fully supported in 1.18+. They will only work for structures.
[26Jul2026 01:34:24.427] [Server thread/DEBUG] [citadel/]: biome config: BIOME_DICT is no longer fully supported in 1.18+. They will only work for structures.
[26Jul2026 01:34:24.427] [Server thread/DEBUG] [citadel/]: biome config: BIOME_DICT is no longer fully supported in 1.18+. They will only work for structures.
[26Jul2026 01:34:24.427] [Server thread/DEBUG] [citadel/]: biome config: BIOME_DICT is no longer fully supported in 1.18+. They will only work for structures.
[26Jul2026 01:34:24.428] [Server thread/DEBUG] [citadel/]: biome config: BIOME_DICT is no longer fully supported in 1.18+. They will only work for structures.
[26Jul2026 01:34:24.428] [Server thread/DEBUG] [citadel/]: biome config: BIOME_DICT is no longer fully supported in 1.18+. They will only work for structures.
[26Jul2026 01:34:24.428] [Server thread/DEBUG] [citadel/]: biome config: BIOME_DICT is no longer fully supported in 1.18+. They will only work for structures.
[26Jul2026 01:34:24.428] [Server thread/DEBUG] [citadel/]: biome config: BIOME_DICT is no longer fully supported in 1.18+. They will only work for structures.
[26Jul2026 01:34:24.429] [Server thread/DEBUG] [citadel/]: biome config: BIOME_DICT is no longer fully supported in 1.18+. They will only work for structures.
[26Jul2026 01:34:24.429] [Server thread/DEBUG] [citadel/]: biome config: BIOME_DICT is no longer fully supported in 1.18+. They will only work for structures.
[26Jul2026 01:34:24.429] [Server thread/DEBUG] [citadel/]: biome config: BIOME_DICT is no longer fully supported in 1.18+. They will only work for structures.
[26Jul2026 01:34:24.430] [Server thread/DEBUG] [citadel/]: biome config: BIOME_DICT is no longer fully supported in 1.18+. They will only work for structures.
[26Jul2026 01:34:24.430] [Server thread/DEBUG] [citadel/]: biome config: BIOME_DICT is no longer fully supported in 1.18+. They will only work for structures.
[26Jul2026 01:34:24.430] [Server thread/DEBUG] [citadel/]: biome config: BIOME_DICT is no longer fully supported in 1.18+. They will only work for structures.
[26Jul2026 01:34:24.431] [Server thread/DEBUG] [citadel/]: biome config: BIOME_DICT is no longer fully supported in 1.18+. They will only work for structures.
[26Jul2026 01:34:24.431] [Server thread/DEBUG] [citadel/]: biome config: BIOME_DICT is no longer fully supported in 1.18+. They will only work for structures.
[26Jul2026 01:34:24.431] [Server thread/DEBUG] [citadel/]: biome config: BIOME_DICT is no longer fully supported in 1.18+. They will only work for structures.
[26Jul2026 01:34:24.432] [Server thread/DEBUG] [citadel/]: biome config: BIOME_DICT is no longer fully supported in 1.18+. They will only work for structures.
[26Jul2026 01:34:24.432] [Server thread/DEBUG] [citadel/]: biome config: BIOME_DICT is no longer fully supported in 1.18+. They will only work for structures.
[26Jul2026 01:34:24.432] [Server thread/DEBUG] [citadel/]: biome config: BIOME_DICT is no longer fully supported in 1.18+. They will only work for structures.
[26Jul2026 01:34:24.433] [Server thread/DEBUG] [citadel/]: biome config: BIOME_DICT is no longer fully supported in 1.18+. They will only work for structures.
[26Jul2026 01:34:24.433] [Server thread/DEBUG] [citadel/]: biome config: BIOME_DICT is no longer fully supported in 1.18+. They will only work for structures.
[26Jul2026 01:34:24.433] [Server thread/DEBUG] [citadel/]: biome config: BIOME_DICT is no longer fully supported in 1.18+. They will only work for structures.
[26Jul2026 01:34:24.433] [Server thread/DEBUG] [citadel/]: biome config: BIOME_DICT is no longer fully supported in 1.18+. They will only work for structures.
[26Jul2026 01:34:24.433] [Server thread/DEBUG] [citadel/]: biome config: BIOME_DICT is no longer fully supported in 1.18+. They will only work for structures.
[26Jul2026 01:34:24.433] [Server thread/DEBUG] [citadel/]: biome config: BIOME_DICT is no longer fully supported in 1.18+. They will only work for structures.
[26Jul2026 01:34:24.434] [Server thread/DEBUG] [citadel/]: biome config: BIOME_DICT is no longer fully supported in 1.18+. They will only work for structures.
[26Jul2026 01:34:24.434] [Server thread/DEBUG] [citadel/]: biome config: BIOME_DICT is no longer fully supported in 1.18+. They will only work for structures.
[26Jul2026 01:34:24.434] [Server thread/DEBUG] [citadel/]: biome config: BIOME_DICT is no longer fully supported in 1.18+. They will only work for structures.
[26Jul2026 01:34:24.435] [Server thread/DEBUG] [citadel/]: biome config: BIOME_DICT is no longer fully supported in 1.18+. They will only work for structures.
[26Jul2026 01:34:24.435] [Server thread/DEBUG] [citadel/]: biome config: BIOME_DICT is no longer fully supported in 1.18+. They will only work for structures.
[26Jul2026 01:34:24.435] [Server thread/DEBUG] [citadel/]: biome config: BIOME_DICT is no longer fully supported in 1.18+. They will only work for structures.
[26Jul2026 01:34:24.436] [Server thread/DEBUG] [citadel/]: biome config: BIOME_DICT is no longer fully supported in 1.18+. They will only work for structures.
[26Jul2026 01:34:24.436] [Server thread/DEBUG] [citadel/]: biome config: BIOME_DICT is no longer fully supported in 1.18+. They will only work for structures.
[26Jul2026 01:34:24.436] [Server thread/DEBUG] [citadel/]: biome config: BIOME_DICT is no longer fully supported in 1.18+. They will only work for structures.
[26Jul2026 01:34:24.436] [Server thread/DEBUG] [citadel/]: biome config: BIOME_DICT is no longer fully supported in 1.18+. They will only work for structures.
[26Jul2026 01:34:24.436] [Server thread/DEBUG] [citadel/]: biome config: BIOME_DICT is no longer fully supported in 1.18+. They will only work for structures.
[26Jul2026 01:34:24.436] [Server thread/DEBUG] [citadel/]: biome config: BIOME_DICT is no longer fully supported in 1.18+. They will only work for structures.
[26Jul2026 01:34:24.437] [Server thread/DEBUG] [citadel/]: biome config: BIOME_DICT is no longer fully supported in 1.18+. They will only work for structures.
[26Jul2026 01:34:24.437] [Server thread/DEBUG] [citadel/]: biome config: BIOME_DICT is no longer fully supported in 1.18+. They will only work for structures.
[26Jul2026 01:34:24.437] [Server thread/DEBUG] [citadel/]: biome config: BIOME_DICT is no longer fully supported in 1.18+. They will only work for structures.
[26Jul2026 01:34:24.439] [Server thread/DEBUG] [citadel/]: biome config: BIOME_DICT is no longer fully supported in 1.18+. They will only work for structures.
[26Jul2026 01:34:24.440] [Server thread/DEBUG] [citadel/]: biome config: BIOME_DICT is no longer fully supported in 1.18+. They will only work for structures.
[26Jul2026 01:34:24.440] [Server thread/DEBUG] [citadel/]: biome config: BIOME_DICT is no longer fully supported in 1.18+. They will only work for structures.
[26Jul2026 01:34:24.441] [Server thread/DEBUG] [citadel/]: biome config: BIOME_DICT is no longer fully supported in 1.18+. They will only work for structures.
[26Jul2026 01:34:24.441] [Server thread/DEBUG] [citadel/]: biome config: BIOME_DICT is no longer fully supported in 1.18+. They will only work for structures.
[26Jul2026 01:34:24.441] [Server thread/DEBUG] [citadel/]: biome config: BIOME_DICT is no longer fully supported in 1.18+. They will only work for structures.
[26Jul2026 01:34:24.443] [Server thread/DEBUG] [citadel/]: biome config: BIOME_DICT is no longer fully supported in 1.18+. They will only work for structures.
[26Jul2026 01:34:24.443] [Server thread/DEBUG] [citadel/]: biome config: BIOME_DICT is no longer fully supported in 1.18+. They will only work for structures.
[26Jul2026 01:34:24.444] [Server thread/DEBUG] [citadel/]: biome config: BIOME_DICT is no longer fully supported in 1.18+. They will only work for structures.
[26Jul2026 01:34:24.446] [Server thread/DEBUG] [citadel/]: biome config: BIOME_DICT is no longer fully supported in 1.18+. They will only work for structures.
[26Jul2026 01:34:24.446] [Server thread/DEBUG] [citadel/]: biome config: BIOME_DICT is no longer fully supported in 1.18+. They will only work for structures.
[26Jul2026 01:34:24.446] [Server thread/DEBUG] [citadel/]: biome config: BIOME_DICT is no longer fully supported in 1.18+. They will only work for structures.
[26Jul2026 01:34:24.446] [Server thread/DEBUG] [citadel/]: biome config: BIOME_DICT is no longer fully supported in 1.18+. They will only work for structures.
[26Jul2026 01:34:24.446] [Server thread/DEBUG] [citadel/]: biome config: BIOME_DICT is no longer fully supported in 1.18+. They will only work for structures.
[26Jul2026 01:34:24.446] [Server thread/DEBUG] [citadel/]: biome config: BIOME_DICT is no longer fully supported in 1.18+. They will only work for structures.
[26Jul2026 01:34:24.449] [Server thread/DEBUG] [citadel/]: biome config: BIOME_DICT is no longer fully supported in 1.18+. They will only work for structures.
[26Jul2026 01:34:24.451] [Server thread/DEBUG] [citadel/]: biome config: BIOME_DICT is no longer fully supported in 1.18+. They will only work for structures.
[26Jul2026 01:34:24.452] [Server thread/DEBUG] [citadel/]: biome config: BIOME_DICT is no longer fully supported in 1.18+. They will only work for structures.
[26Jul2026 01:34:24.453] [Server thread/DEBUG] [citadel/]: biome config: BIOME_DICT is no longer fully supported in 1.18+. They will only work for structures.
[26Jul2026 01:34:24.453] [Server thread/DEBUG] [citadel/]: biome config: BIOME_DICT is no longer fully supported in 1.18+. They will only work for structures.
[26Jul2026 01:34:24.453] [Server thread/DEBUG] [citadel/]: biome config: BIOME_DICT is no longer fully supported in 1.18+. They will only work for structures.
[26Jul2026 01:34:24.454] [Server thread/DEBUG] [citadel/]: biome config: BIOME_DICT is no longer fully supported in 1.18+. They will only work for structures.
[26Jul2026 01:34:24.454] [Server thread/DEBUG] [citadel/]: biome config: BIOME_DICT is no longer fully supported in 1.18+. They will only work for structures.
[26Jul2026 01:34:24.454] [Server thread/DEBUG] [citadel/]: biome config: BIOME_DICT is no longer fully supported in 1.18+. They will only work for structures.
[26Jul2026 01:34:24.456] [Server thread/DEBUG] [citadel/]: biome config: BIOME_DICT is no longer fully supported in 1.18+. They will only work for structures.
[26Jul2026 01:34:24.456] [Server thread/DEBUG] [citadel/]: biome config: BIOME_DICT is no longer fully supported in 1.18+. They will only work for structures.
[26Jul2026 01:34:24.456] [Server thread/DEBUG] [citadel/]: biome config: BIOME_DICT is no longer fully supported in 1.18+. They will only work for structures.
[26Jul2026 01:34:24.457] [Server thread/DEBUG] [citadel/]: biome config: BIOME_DICT is no longer fully supported in 1.18+. They will only work for structures.
[26Jul2026 01:34:24.457] [Server thread/DEBUG] [citadel/]: biome config: BIOME_DICT is no longer fully supported in 1.18+. They will only work for structures.
[26Jul2026 01:34:24.457] [Server thread/DEBUG] [citadel/]: biome config: BIOME_DICT is no longer fully supported in 1.18+. They will only work for structures.
[26Jul2026 01:34:24.457] [Server thread/DEBUG] [citadel/]: biome config: BIOME_DICT is no longer fully supported in 1.18+. They will only work for structures.
[26Jul2026 01:34:24.457] [Server thread/DEBUG] [citadel/]: biome config: BIOME_DICT is no longer fully supported in 1.18+. They will only work for structures.
[26Jul2026 01:34:24.458] [Server thread/DEBUG] [citadel/]: biome config: BIOME_DICT is no longer fully supported in 1.18+. They will only work for structures.
[26Jul2026 01:34:24.458] [Server thread/DEBUG] [citadel/]: biome config: BIOME_DICT is no longer fully supported in 1.18+. They will only work for structures.
[26Jul2026 01:34:24.458] [Server thread/DEBUG] [citadel/]: biome config: BIOME_DICT is no longer fully supported in 1.18+. They will only work for structures.
[26Jul2026 01:34:24.459] [Server thread/DEBUG] [citadel/]: biome config: BIOME_DICT is no longer fully supported in 1.18+. They will only work for structures.
[26Jul2026 01:34:24.459] [Server thread/DEBUG] [citadel/]: biome config: BIOME_DICT is no longer fully supported in 1.18+. They will only work for structures.
[26Jul2026 01:34:24.459] [Server thread/DEBUG] [citadel/]: biome config: BIOME_DICT is no longer fully supported in 1.18+. They will only work for structures.
[26Jul2026 01:34:24.459] [Server thread/DEBUG] [citadel/]: biome config: BIOME_DICT is no longer fully supported in 1.18+. They will only work for structures.
[26Jul2026 01:34:24.461] [Server thread/DEBUG] [citadel/]: biome config: BIOME_DICT is no longer fully supported in 1.18+. They will only work for structures.
[26Jul2026 01:34:24.461] [Server thread/DEBUG] [citadel/]: biome config: BIOME_DICT is no longer fully supported in 1.18+. They will only work for structures.
[26Jul2026 01:34:24.461] [Server thread/DEBUG] [citadel/]: biome config: BIOME_DICT is no longer fully supported in 1.18+. They will only work for structures.
[26Jul2026 01:34:24.461] [Server thread/DEBUG] [citadel/]: biome config: BIOME_DICT is no longer fully supported in 1.18+. They will only work for structures.
[26Jul2026 01:34:24.461] [Server thread/DEBUG] [citadel/]: biome config: BIOME_DICT is no longer fully supported in 1.18+. They will only work for structures.
[26Jul2026 01:34:24.461] [Server thread/DEBUG] [citadel/]: biome config: BIOME_DICT is no longer fully supported in 1.18+. They will only work for structures.
[26Jul2026 01:34:24.463] [Server thread/DEBUG] [citadel/]: biome config: BIOME_DICT is no longer fully supported in 1.18+. They will only work for structures.
[26Jul2026 01:34:24.463] [Server thread/DEBUG] [citadel/]: biome config: BIOME_DICT is no longer fully supported in 1.18+. They will only work for structures.
[26Jul2026 01:34:24.463] [Server thread/DEBUG] [citadel/]: biome config: BIOME_DICT is no longer fully supported in 1.18+. They will only work for structures.
[26Jul2026 01:34:24.464] [Server thread/DEBUG] [citadel/]: biome config: BIOME_DICT is no longer fully supported in 1.18+. They will only work for structures.
[26Jul2026 01:34:24.464] [Server thread/DEBUG] [citadel/]: biome config: BIOME_DICT is no longer fully supported in 1.18+. They will only work for structures.
[26Jul2026 01:34:24.464] [Server thread/DEBUG] [citadel/]: biome config: BIOME_DICT is no longer fully supported in 1.18+. They will only work for structures.
[26Jul2026 01:34:24.465] [Server thread/DEBUG] [citadel/]: biome config: BIOME_DICT is no longer fully supported in 1.18+. They will only work for structures.
[26Jul2026 01:34:24.465] [Server thread/DEBUG] [citadel/]: biome config: BIOME_DICT is no longer fully supported in 1.18+. They will only work for structures.
[26Jul2026 01:34:24.465] [Server thread/DEBUG] [citadel/]: biome config: BIOME_DICT is no longer fully supported in 1.18+. They will only work for structures.
[26Jul2026 01:34:24.465] [Server thread/DEBUG] [citadel/]: biome config: BIOME_DICT is no longer fully supported in 1.18+. They will only work for structures.
[26Jul2026 01:34:24.465] [Server thread/DEBUG] [citadel/]: biome config: BIOME_DICT is no longer fully supported in 1.18+. They will only work for structures.
[26Jul2026 01:34:24.465] [Server thread/DEBUG] [citadel/]: biome config: BIOME_DICT is no longer fully supported in 1.18+. They will only work for structures.
[26Jul2026 01:34:24.466] [Server thread/DEBUG] [citadel/]: biome config: BIOME_DICT is no longer fully supported in 1.18+. They will only work for structures.
[26Jul2026 01:34:24.466] [Server thread/DEBUG] [citadel/]: biome config: BIOME_DICT is no longer fully supported in 1.18+. They will only work for structures.
[26Jul2026 01:34:24.466] [Server thread/DEBUG] [citadel/]: biome config: BIOME_DICT is no longer fully supported in 1.18+. They will only work for structures.
[26Jul2026 01:34:24.466] [Server thread/DEBUG] [citadel/]: biome config: BIOME_DICT is no longer fully supported in 1.18+. They will only work for structures.
[26Jul2026 01:34:24.466] [Server thread/DEBUG] [citadel/]: biome config: BIOME_DICT is no longer fully supported in 1.18+. They will only work for structures.
[26Jul2026 01:34:24.466] [Server thread/DEBUG] [citadel/]: biome config: BIOME_DICT is no longer fully supported in 1.18+. They will only work for structures.
[26Jul2026 01:34:24.467] [Server thread/DEBUG] [citadel/]: biome config: BIOME_DICT is no longer fully supported in 1.18+. They will only work for structures.
[26Jul2026 01:34:24.467] [Server thread/DEBUG] [citadel/]: biome config: BIOME_DICT is no longer fully supported in 1.18+. They will only work for structures.
[26Jul2026 01:34:24.467] [Server thread/DEBUG] [citadel/]: biome config: BIOME_DICT is no longer fully supported in 1.18+. They will only work for structures.
[26Jul2026 01:34:24.467] [Server thread/DEBUG] [citadel/]: biome config: BIOME_DICT is no longer fully supported in 1.18+. They will only work for structures.
[26Jul2026 01:34:24.467] [Server thread/DEBUG] [citadel/]: biome config: BIOME_DICT is no longer fully supported in 1.18+. They will only work for structures.
[26Jul2026 01:34:24.467] [Server thread/DEBUG] [citadel/]: biome config: BIOME_DICT is no longer fully supported in 1.18+. They will only work for structures.
[26Jul2026 01:34:24.468] [Server thread/DEBUG] [citadel/]: biome config: BIOME_DICT is no longer fully supported in 1.18+. They will only work for structures.
[26Jul2026 01:34:24.468] [Server thread/DEBUG] [citadel/]: biome config: BIOME_DICT is no longer fully supported in 1.18+. They will only work for structures.
[26Jul2026 01:34:24.468] [Server thread/DEBUG] [citadel/]: biome config: BIOME_DICT is no longer fully supported in 1.18+. They will only work for structures.
[26Jul2026 01:34:24.473] [Server thread/DEBUG] [citadel/]: biome config: BIOME_DICT is no longer fully supported in 1.18+. They will only work for structures.
[26Jul2026 01:34:24.473] [Server thread/DEBUG] [citadel/]: biome config: BIOME_DICT is no longer fully supported in 1.18+. They will only work for structures.
[26Jul2026 01:34:24.473] [Server thread/DEBUG] [citadel/]: biome config: BIOME_DICT is no longer fully supported in 1.18+. They will only work for structures.
[26Jul2026 01:34:24.474] [Server thread/DEBUG] [citadel/]: biome config: BIOME_DICT is no longer fully supported in 1.18+. They will only work for structures.
[26Jul2026 01:34:24.477] [Server thread/DEBUG] [citadel/]: biome config: BIOME_DICT is no longer fully supported in 1.18+. They will only work for structures.
[26Jul2026 01:34:24.477] [Server thread/DEBUG] [citadel/]: biome config: BIOME_DICT is no longer fully supported in 1.18+. They will only work for structures.
[26Jul2026 01:34:24.477] [Server thread/DEBUG] [citadel/]: biome config: BIOME_DICT is no longer fully supported in 1.18+. They will only work for structures.
[26Jul2026 01:34:24.477] [Server thread/DEBUG] [citadel/]: biome config: BIOME_DICT is no longer fully supported in 1.18+. They will only work for structures.
[26Jul2026 01:34:24.477] [Server thread/DEBUG] [citadel/]: biome config: BIOME_DICT is no longer fully supported in 1.18+. They will only work for structures.
[26Jul2026 01:34:24.477] [Server thread/DEBUG] [citadel/]: biome config: BIOME_DICT is no longer fully supported in 1.18+. They will only work for structures.
[26Jul2026 01:34:24.477] [Server thread/DEBUG] [citadel/]: biome config: BIOME_DICT is no longer fully supported in 1.18+. They will only work for structures.
[26Jul2026 01:34:24.478] [Server thread/DEBUG] [citadel/]: biome config: BIOME_DICT is no longer fully supported in 1.18+. They will only work for structures.
[26Jul2026 01:34:24.478] [Server thread/DEBUG] [citadel/]: biome config: BIOME_DICT is no longer fully supported in 1.18+. They will only work for structures.
[26Jul2026 01:34:24.478] [Server thread/DEBUG] [citadel/]: biome config: BIOME_DICT is no longer fully supported in 1.18+. They will only work for structures.
[26Jul2026 01:34:24.478] [Server thread/DEBUG] [citadel/]: biome config: BIOME_DICT is no longer fully supported in 1.18+. They will only work for structures.
[26Jul2026 01:34:24.478] [Server thread/DEBUG] [citadel/]: biome config: BIOME_DICT is no longer fully supported in 1.18+. They will only work for structures.
[26Jul2026 01:34:24.478] [Server thread/DEBUG] [citadel/]: biome config: BIOME_DICT is no longer fully supported in 1.18+. They will only work for structures.
[26Jul2026 01:34:24.478] [Server thread/DEBUG] [citadel/]: biome config: BIOME_DICT is no longer fully supported in 1.18+. They will only work for structures.
[26Jul2026 01:34:24.478] [Server thread/DEBUG] [citadel/]: biome config: BIOME_DICT is no longer fully supported in 1.18+. They will only work for structures.
[26Jul2026 01:34:24.478] [Server thread/DEBUG] [citadel/]: biome config: BIOME_DICT is no longer fully supported in 1.18+. They will only work for structures.
[26Jul2026 01:34:24.478] [Server thread/DEBUG] [citadel/]: biome config: BIOME_DICT is no longer fully supported in 1.18+. They will only work for structures.
[26Jul2026 01:34:24.487] [Server thread/DEBUG] [citadel/]: biome config: BIOME_DICT is no longer fully supported in 1.18+. They will only work for structures.
[26Jul2026 01:34:24.487] [Server thread/DEBUG] [citadel/]: biome config: BIOME_DICT is no longer fully supported in 1.18+. They will only work for structures.
[26Jul2026 01:34:24.487] [Server thread/DEBUG] [citadel/]: biome config: BIOME_DICT is no longer fully supported in 1.18+. They will only work for structures.
[26Jul2026 01:34:24.487] [Server thread/DEBUG] [citadel/]: biome config: BIOME_DICT is no longer fully supported in 1.18+. They will only work for structures.
[26Jul2026 01:34:24.487] [Server thread/DEBUG] [citadel/]: biome config: BIOME_DICT is no longer fully supported in 1.18+. They will only work for structures.
[26Jul2026 01:34:24.487] [Server thread/DEBUG] [citadel/]: biome config: BIOME_DICT is no longer fully supported in 1.18+. They will only work for structures.
[26Jul2026 01:34:24.488] [Server thread/DEBUG] [citadel/]: biome config: BIOME_DICT is no longer fully supported in 1.18+. They will only work for structures.
[26Jul2026 01:34:24.488] [Server thread/DEBUG] [citadel/]: biome config: BIOME_DICT is no longer fully supported in 1.18+. They will only work for structures.
[26Jul2026 01:34:24.488] [Server thread/DEBUG] [citadel/]: biome config: BIOME_DICT is no longer fully supported in 1.18+. They will only work for structures.
[26Jul2026 01:34:24.488] [Server thread/DEBUG] [citadel/]: biome config: BIOME_DICT is no longer fully supported in 1.18+. They will only work for structures.
[26Jul2026 01:34:24.488] [Server thread/DEBUG] [citadel/]: biome config: BIOME_DICT is no longer fully supported in 1.18+. They will only work for structures.
[26Jul2026 01:34:24.488] [Server thread/DEBUG] [citadel/]: biome config: BIOME_DICT is no longer fully supported in 1.18+. They will only work for structures.
[26Jul2026 01:34:24.488] [Server thread/DEBUG] [citadel/]: biome config: BIOME_DICT is no longer fully supported in 1.18+. They will only work for structures.
[26Jul2026 01:34:24.488] [Server thread/DEBUG] [citadel/]: biome config: BIOME_DICT is no longer fully supported in 1.18+. They will only work for structures.
[26Jul2026 01:34:24.488] [Server thread/DEBUG] [citadel/]: biome config: BIOME_DICT is no longer fully supported in 1.18+. They will only work for structures.
[26Jul2026 01:34:24.488] [Server thread/DEBUG] [citadel/]: biome config: BIOME_DICT is no longer fully supported in 1.18+. They will only work for structures.
[26Jul2026 01:34:24.488] [Server thread/DEBUG] [citadel/]: biome config: BIOME_DICT is no longer fully supported in 1.18+. They will only work for structures.
[26Jul2026 01:34:24.488] [Server thread/DEBUG] [citadel/]: biome config: BIOME_DICT is no longer fully supported in 1.18+. They will only work for structures.
[26Jul2026 01:34:24.489] [Server thread/DEBUG] [citadel/]: biome config: BIOME_DICT is no longer fully supported in 1.18+. They will only work for structures.
[26Jul2026 01:34:24.489] [Server thread/DEBUG] [citadel/]: biome config: BIOME_DICT is no longer fully supported in 1.18+. They will only work for structures.
[26Jul2026 01:34:24.489] [Server thread/DEBUG] [citadel/]: biome config: BIOME_DICT is no longer fully supported in 1.18+. They will only work for structures.
[26Jul2026 01:34:24.489] [Server thread/DEBUG] [citadel/]: biome config: BIOME_DICT is no longer fully supported in 1.18+. They will only work for structures.
[26Jul2026 01:34:24.489] [Server thread/DEBUG] [citadel/]: biome config: BIOME_DICT is no longer fully supported in 1.18+. They will only work for structures.
[26Jul2026 01:34:24.490] [Server thread/DEBUG] [citadel/]: biome config: BIOME_DICT is no longer fully supported in 1.18+. They will only work for structures.
[26Jul2026 01:34:24.499] [Server thread/DEBUG] [citadel/]: biome config: BIOME_DICT is no longer fully supported in 1.18+. They will only work for structures.
[26Jul2026 01:34:24.502] [Server thread/DEBUG] [citadel/]: biome config: BIOME_DICT is no longer fully supported in 1.18+. They will only work for structures.
[26Jul2026 01:34:24.502] [Server thread/DEBUG] [citadel/]: biome config: BIOME_DICT is no longer fully supported in 1.18+. They will only work for structures.
[26Jul2026 01:34:24.502] [Server thread/DEBUG] [citadel/]: biome config: BIOME_DICT is no longer fully supported in 1.18+. They will only work for structures.
[26Jul2026 01:34:24.502] [Server thread/DEBUG] [citadel/]: biome config: BIOME_DICT is no longer fully supported in 1.18+. They will only work for structures.
[26Jul2026 01:34:24.502] [Server thread/DEBUG] [citadel/]: biome config: BIOME_DICT is no longer fully supported in 1.18+. They will only work for structures.
[26Jul2026 01:34:24.502] [Server thread/DEBUG] [citadel/]: biome config: BIOME_DICT is no longer fully supported in 1.18+. They will only work for structures.
[26Jul2026 01:34:24.502] [Server thread/DEBUG] [citadel/]: biome config: BIOME_DICT is no longer fully supported in 1.18+. They will only work for structures.
[26Jul2026 01:34:24.502] [Server thread/DEBUG] [citadel/]: biome config: BIOME_DICT is no longer fully supported in 1.18+. They will only work for structures.
[26Jul2026 01:34:24.503] [Server thread/DEBUG] [citadel/]: biome config: BIOME_DICT is no longer fully supported in 1.18+. They will only work for structures.
[26Jul2026 01:34:24.503] [Server thread/DEBUG] [citadel/]: biome config: BIOME_DICT is no longer fully supported in 1.18+. They will only work for structures.
[26Jul2026 01:34:24.503] [Server thread/DEBUG] [citadel/]: biome config: BIOME_DICT is no longer fully supported in 1.18+. They will only work for structures.
[26Jul2026 01:34:24.503] [Server thread/DEBUG] [citadel/]: biome config: BIOME_DICT is no longer fully supported in 1.18+. They will only work for structures.
[26Jul2026 01:34:24.503] [Server thread/DEBUG] [citadel/]: biome config: BIOME_DICT is no longer fully supported in 1.18+. They will only work for structures.
[26Jul2026 01:34:24.503] [Server thread/DEBUG] [citadel/]: biome config: BIOME_DICT is no longer fully supported in 1.18+. They will only work for structures.
[26Jul2026 01:34:24.503] [Server thread/DEBUG] [citadel/]: biome config: BIOME_DICT is no longer fully supported in 1.18+. They will only work for structures.
[26Jul2026 01:34:24.503] [Server thread/DEBUG] [citadel/]: biome config: BIOME_DICT is no longer fully supported in 1.18+. They will only work for structures.
[26Jul2026 01:34:24.503] [Server thread/DEBUG] [citadel/]: biome config: BIOME_DICT is no longer fully supported in 1.18+. They will only work for structures.
[26Jul2026 01:34:24.503] [Server thread/DEBUG] [citadel/]: biome config: BIOME_DICT is no longer fully supported in 1.18+. They will only work for structures.
[26Jul2026 01:34:24.503] [Server thread/DEBUG] [citadel/]: biome config: BIOME_DICT is no longer fully supported in 1.18+. They will only work for structures.
[26Jul2026 01:34:24.503] [Server thread/DEBUG] [citadel/]: biome config: BIOME_DICT is no longer fully supported in 1.18+. They will only work for structures.
[26Jul2026 01:34:24.513] [Server thread/DEBUG] [citadel/]: biome config: BIOME_DICT is no longer fully supported in 1.18+. They will only work for structures.
[26Jul2026 01:34:24.513] [Server thread/DEBUG] [citadel/]: biome config: BIOME_DICT is no longer fully supported in 1.18+. They will only work for structures.
[26Jul2026 01:34:24.513] [Server thread/DEBUG] [citadel/]: biome config: BIOME_DICT is no longer fully supported in 1.18+. They will only work for structures.
[26Jul2026 01:34:24.513] [Server thread/DEBUG] [citadel/]: biome config: BIOME_DICT is no longer fully supported in 1.18+. They will only work for structures.
[26Jul2026 01:34:24.513] [Server thread/DEBUG] [citadel/]: biome config: BIOME_DICT is no longer fully supported in 1.18+. They will only work for structures.
[26Jul2026 01:34:24.513] [Server thread/DEBUG] [citadel/]: biome config: BIOME_DICT is no longer fully supported in 1.18+. They will only work for structures.
[26Jul2026 01:34:24.513] [Server thread/DEBUG] [citadel/]: biome config: BIOME_DICT is no longer fully supported in 1.18+. They will only work for structures.
[26Jul2026 01:34:24.513] [Server thread/DEBUG] [citadel/]: biome config: BIOME_DICT is no longer fully supported in 1.18+. They will only work for structures.
[26Jul2026 01:34:24.513] [Server thread/DEBUG] [citadel/]: biome config: BIOME_DICT is no longer fully supported in 1.18+. They will only work for structures.
[26Jul2026 01:34:24.514] [Server thread/DEBUG] [citadel/]: biome config: BIOME_DICT is no longer fully supported in 1.18+. They will only work for structures.
[26Jul2026 01:34:24.514] [Server thread/DEBUG] [citadel/]: biome config: BIOME_DICT is no longer fully supported in 1.18+. They will only work for structures.
[26Jul2026 01:34:24.514] [Server thread/DEBUG] [citadel/]: biome config: BIOME_DICT is no longer fully supported in 1.18+. They will only work for structures.
[26Jul2026 01:34:24.514] [Server thread/DEBUG] [citadel/]: biome config: BIOME_DICT is no longer fully supported in 1.18+. They will only work for structures.
[26Jul2026 01:34:24.514] [Server thread/DEBUG] [citadel/]: biome config: BIOME_DICT is no longer fully supported in 1.18+. They will only work for structures.
[26Jul2026 01:34:24.514] [Server thread/DEBUG] [citadel/]: biome config: BIOME_DICT is no longer fully supported in 1.18+. They will only work for structures.
[26Jul2026 01:34:24.514] [Server thread/DEBUG] [citadel/]: biome config: BIOME_DICT is no longer fully supported in 1.18+. They will only work for structures.
[26Jul2026 01:34:24.514] [Server thread/DEBUG] [citadel/]: biome config: BIOME_DICT is no longer fully supported in 1.18+. They will only work for structures.
[26Jul2026 01:34:24.514] [Server thread/DEBUG] [citadel/]: biome config: BIOME_DICT is no longer fully supported in 1.18+. They will only work for structures.
[26Jul2026 01:34:24.514] [Server thread/DEBUG] [citadel/]: biome config: BIOME_DICT is no longer fully supported in 1.18+. They will only work for structures.
[26Jul2026 01:34:24.514] [Server thread/DEBUG] [citadel/]: biome config: BIOME_DICT is no longer fully supported in 1.18+. They will only work for structures.
[26Jul2026 01:34:24.514] [Server thread/DEBUG] [citadel/]: biome config: BIOME_DICT is no longer fully supported in 1.18+. They will only work for structures.
[26Jul2026 01:34:24.515] [Server thread/DEBUG] [citadel/]: biome config: BIOME_DICT is no longer fully supported in 1.18+. They will only work for structures.
[26Jul2026 01:34:24.515] [Server thread/DEBUG] [citadel/]: biome config: BIOME_DICT is no longer fully supported in 1.18+. They will only work for structures.
[26Jul2026 01:34:24.515] [Server thread/DEBUG] [citadel/]: biome config: BIOME_DICT is no longer fully supported in 1.18+. They will only work for structures.
[26Jul2026 01:34:24.515] [Server thread/DEBUG] [citadel/]: biome config: BIOME_DICT is no longer fully supported in 1.18+. They will only work for structures.
[26Jul2026 01:34:24.515] [Server thread/DEBUG] [citadel/]: biome config: BIOME_DICT is no longer fully supported in 1.18+. They will only work for structures.
[26Jul2026 01:34:24.515] [Server thread/DEBUG] [citadel/]: biome config: BIOME_DICT is no longer fully supported in 1.18+. They will only work for structures.
[26Jul2026 01:34:24.515] [Server thread/DEBUG] [citadel/]: biome config: BIOME_DICT is no longer fully supported in 1.18+. They will only work for structures.
[26Jul2026 01:34:24.515] [Server thread/DEBUG] [citadel/]: biome config: BIOME_DICT is no longer fully supported in 1.18+. They will only work for structures.
[26Jul2026 01:34:24.515] [Server thread/DEBUG] [citadel/]: biome config: BIOME_DICT is no longer fully supported in 1.18+. They will only work for structures.
[26Jul2026 01:34:24.515] [Server thread/DEBUG] [citadel/]: biome config: BIOME_DICT is no longer fully supported in 1.18+. They will only work for structures.
[26Jul2026 01:34:24.515] [Server thread/DEBUG] [citadel/]: biome config: BIOME_DICT is no longer fully supported in 1.18+. They will only work for structures.
[26Jul2026 01:34:24.515] [Server thread/DEBUG] [citadel/]: biome config: BIOME_DICT is no longer fully supported in 1.18+. They will only work for structures.
[26Jul2026 01:34:24.516] [Server thread/DEBUG] [citadel/]: biome config: BIOME_DICT is no longer fully supported in 1.18+. They will only work for structures.
[26Jul2026 01:34:24.516] [Server thread/DEBUG] [citadel/]: biome config: BIOME_DICT is no longer fully supported in 1.18+. They will only work for structures.
[26Jul2026 01:34:24.516] [Server thread/DEBUG] [citadel/]: biome config: BIOME_DICT is no longer fully supported in 1.18+. They will only work for structures.
[26Jul2026 01:34:24.534] [Server thread/DEBUG] [citadel/]: biome config: BIOME_DICT is no longer fully supported in 1.18+. They will only work for structures.
[26Jul2026 01:34:24.535] [Server thread/DEBUG] [citadel/]: biome config: BIOME_DICT is no longer fully supported in 1.18+. They will only work for structures.
[26Jul2026 01:34:24.535] [Server thread/DEBUG] [citadel/]: biome config: BIOME_DICT is no longer fully supported in 1.18+. They will only work for structures.
[26Jul2026 01:34:24.535] [Server thread/DEBUG] [citadel/]: biome config: BIOME_DICT is no longer fully supported in 1.18+. They will only work for structures.
[26Jul2026 01:34:24.535] [Server thread/DEBUG] [citadel/]: biome config: BIOME_DICT is no longer fully supported in 1.18+. They will only work for structures.
[26Jul2026 01:34:24.535] [Server thread/DEBUG] [citadel/]: biome config: BIOME_DICT is no longer fully supported in 1.18+. They will only work for structures.
[26Jul2026 01:34:24.535] [Server thread/DEBUG] [citadel/]: biome config: BIOME_DICT is no longer fully supported in 1.18+. They will only work for structures.
[26Jul2026 01:34:24.535] [Server thread/DEBUG] [citadel/]: biome config: BIOME_DICT is no longer fully supported in 1.18+. They will only work for structures.
[26Jul2026 01:34:24.535] [Server thread/DEBUG] [citadel/]: biome config: BIOME_DICT is no longer fully supported in 1.18+. They will only work for structures.
[26Jul2026 01:34:24.536] [Server thread/DEBUG] [citadel/]: biome config: BIOME_DICT is no longer fully supported in 1.18+. They will only work for structures.
[26Jul2026 01:34:24.536] [Server thread/DEBUG] [citadel/]: biome config: BIOME_DICT is no longer fully supported in 1.18+. They will only work for structures.
[26Jul2026 01:34:24.536] [Server thread/DEBUG] [citadel/]: biome config: BIOME_DICT is no longer fully supported in 1.18+. They will only work for structures.
[26Jul2026 01:34:24.536] [Server thread/DEBUG] [citadel/]: biome config: BIOME_DICT is no longer fully supported in 1.18+. They will only work for structures.
[26Jul2026 01:34:24.536] [Server thread/DEBUG] [citadel/]: biome config: BIOME_DICT is no longer fully supported in 1.18+. They will only work for structures.
[26Jul2026 01:34:24.536] [Server thread/DEBUG] [citadel/]: biome config: BIOME_DICT is no longer fully supported in 1.18+. They will only work for structures.
[26Jul2026 01:34:24.536] [Server thread/DEBUG] [citadel/]: biome config: BIOME_DICT is no longer fully supported in 1.18+. They will only work for structures.
[26Jul2026 01:34:24.536] [Server thread/DEBUG] [citadel/]: biome config: BIOME_DICT is no longer fully supported in 1.18+. They will only work for structures.
[26Jul2026 01:34:24.536] [Server thread/DEBUG] [citadel/]: biome config: BIOME_DICT is no longer fully supported in 1.18+. They will only work for structures.
[26Jul2026 01:34:24.536] [Server thread/DEBUG] [citadel/]: biome config: BIOME_DICT is no longer fully supported in 1.18+. They will only work for structures.
[26Jul2026 01:34:24.536] [Server thread/DEBUG] [citadel/]: biome config: BIOME_DICT is no longer fully supported in 1.18+. They will only work for structures.
[26Jul2026 01:34:24.536] [Server thread/DEBUG] [citadel/]: biome config: BIOME_DICT is no longer fully supported in 1.18+. They will only work for structures.
[26Jul2026 01:34:24.537] [Server thread/DEBUG] [citadel/]: biome config: BIOME_DICT is no longer fully supported in 1.18+. They will only work for structures.
[26Jul2026 01:34:24.537] [Server thread/DEBUG] [citadel/]: biome config: BIOME_DICT is no longer fully supported in 1.18+. They will only work for structures.
[26Jul2026 01:34:24.537] [Server thread/DEBUG] [citadel/]: biome config: BIOME_DICT is no longer fully supported in 1.18+. They will only work for structures.
[26Jul2026 01:34:24.538] [Server thread/DEBUG] [citadel/]: biome config: BIOME_DICT is no longer fully supported in 1.18+. They will only work for structures.
[26Jul2026 01:34:24.538] [Server thread/DEBUG] [citadel/]: biome config: BIOME_DICT is no longer fully supported in 1.18+. They will only work for structures.
[26Jul2026 01:34:24.538] [Server thread/DEBUG] [citadel/]: biome config: BIOME_DICT is no longer fully supported in 1.18+. They will only work for structures.
[26Jul2026 01:34:24.539] [Server thread/DEBUG] [citadel/]: biome config: BIOME_DICT is no longer fully supported in 1.18+. They will only work for structures.
[26Jul2026 01:34:24.539] [Server thread/DEBUG] [citadel/]: biome config: BIOME_DICT is no longer fully supported in 1.18+. They will only work for structures.
[26Jul2026 01:34:24.539] [Server thread/DEBUG] [citadel/]: biome config: BIOME_DICT is no longer fully supported in 1.18+. They will only work for structures.
[26Jul2026 01:34:24.539] [Server thread/DEBUG] [citadel/]: biome config: BIOME_DICT is no longer fully supported in 1.18+. They will only work for structures.
[26Jul2026 01:34:24.539] [Server thread/DEBUG] [citadel/]: biome config: BIOME_DICT is no longer fully supported in 1.18+. They will only work for structures.
[26Jul2026 01:34:24.539] [Server thread/DEBUG] [citadel/]: biome config: BIOME_DICT is no longer fully supported in 1.18+. They will only work for structures.
[26Jul2026 01:34:24.540] [Server thread/DEBUG] [citadel/]: biome config: BIOME_DICT is no longer fully supported in 1.18+. They will only work for structures.
[26Jul2026 01:34:24.540] [Server thread/DEBUG] [citadel/]: biome config: BIOME_DICT is no longer fully supported in 1.18+. They will only work for structures.
[26Jul2026 01:34:24.540] [Server thread/DEBUG] [citadel/]: biome config: BIOME_DICT is no longer fully supported in 1.18+. They will only work for structures.
[26Jul2026 01:34:24.540] [Server thread/DEBUG] [citadel/]: biome config: BIOME_DICT is no longer fully supported in 1.18+. They will only work for structures.
[26Jul2026 01:34:24.540] [Server thread/DEBUG] [citadel/]: biome config: BIOME_DICT is no longer fully supported in 1.18+. They will only work for structures.
[26Jul2026 01:34:24.540] [Server thread/DEBUG] [citadel/]: biome config: BIOME_DICT is no longer fully supported in 1.18+. They will only work for structures.
[26Jul2026 01:34:24.543] [Server thread/DEBUG] [citadel/]: biome config: BIOME_DICT is no longer fully supported in 1.18+. They will only work for structures.
[26Jul2026 01:34:24.543] [Server thread/DEBUG] [citadel/]: biome config: BIOME_DICT is no longer fully supported in 1.18+. They will only work for structures.
[26Jul2026 01:34:24.543] [Server thread/DEBUG] [citadel/]: biome config: BIOME_DICT is no longer fully supported in 1.18+. They will only work for structures.
[26Jul2026 01:34:24.544] [Server thread/DEBUG] [citadel/]: biome config: BIOME_DICT is no longer fully supported in 1.18+. They will only work for structures.
[26Jul2026 01:34:24.544] [Server thread/DEBUG] [citadel/]: biome config: BIOME_DICT is no longer fully supported in 1.18+. They will only work for structures.
[26Jul2026 01:34:24.544] [Server thread/DEBUG] [citadel/]: biome config: BIOME_DICT is no longer fully supported in 1.18+. They will only work for structures.
[26Jul2026 01:34:24.544] [Server thread/DEBUG] [citadel/]: biome config: BIOME_DICT is no longer fully supported in 1.18+. They will only work for structures.
[26Jul2026 01:34:24.544] [Server thread/DEBUG] [citadel/]: biome config: BIOME_DICT is no longer fully supported in 1.18+. They will only work for structures.
[26Jul2026 01:34:24.544] [Server thread/DEBUG] [citadel/]: biome config: BIOME_DICT is no longer fully supported in 1.18+. They will only work for structures.
[26Jul2026 01:34:24.546] [Server thread/DEBUG] [citadel/]: biome config: BIOME_DICT is no longer fully supported in 1.18+. They will only work for structures.
[26Jul2026 01:34:24.546] [Server thread/DEBUG] [citadel/]: biome config: BIOME_DICT is no longer fully supported in 1.18+. They will only work for structures.
[26Jul2026 01:34:24.546] [Server thread/DEBUG] [citadel/]: biome config: BIOME_DICT is no longer fully supported in 1.18+. They will only work for structures.
[26Jul2026 01:34:24.547] [Server thread/DEBUG] [citadel/]: biome config: BIOME_DICT is no longer fully supported in 1.18+. They will only work for structures.
[26Jul2026 01:34:24.547] [Server thread/DEBUG] [citadel/]: biome config: BIOME_DICT is no longer fully supported in 1.18+. They will only work for structures.
[26Jul2026 01:34:24.547] [Server thread/DEBUG] [citadel/]: biome config: BIOME_DICT is no longer fully supported in 1.18+. They will only work for structures.
[26Jul2026 01:34:24.548] [Server thread/DEBUG] [citadel/]: biome config: BIOME_DICT is no longer fully supported in 1.18+. They will only work for structures.
[26Jul2026 01:34:24.548] [Server thread/DEBUG] [citadel/]: biome config: BIOME_DICT is no longer fully supported in 1.18+. They will only work for structures.
[26Jul2026 01:34:24.548] [Server thread/DEBUG] [citadel/]: biome config: BIOME_DICT is no longer fully supported in 1.18+. They will only work for structures.
[26Jul2026 01:34:24.548] [Server thread/DEBUG] [citadel/]: biome config: BIOME_DICT is no longer fully supported in 1.18+. They will only work for structures.
[26Jul2026 01:34:24.549] [Server thread/DEBUG] [citadel/]: biome config: BIOME_DICT is no longer fully supported in 1.18+. They will only work for structures.
[26Jul2026 01:34:24.549] [Server thread/DEBUG] [citadel/]: biome config: BIOME_DICT is no longer fully supported in 1.18+. They will only work for structures.
[26Jul2026 01:34:24.550] [Server thread/DEBUG] [citadel/]: biome config: BIOME_DICT is no longer fully supported in 1.18+. They will only work for structures.
[26Jul2026 01:34:24.550] [Server thread/DEBUG] [citadel/]: biome config: BIOME_DICT is no longer fully supported in 1.18+. They will only work for structures.
[26Jul2026 01:34:24.550] [Server thread/DEBUG] [citadel/]: biome config: BIOME_DICT is no longer fully supported in 1.18+. They will only work for structures.
[26Jul2026 01:34:24.550] [Server thread/DEBUG] [citadel/]: biome config: BIOME_DICT is no longer fully supported in 1.18+. They will only work for structures.
[26Jul2026 01:34:24.550] [Server thread/DEBUG] [citadel/]: biome config: BIOME_DICT is no longer fully supported in 1.18+. They will only work for structures.
[26Jul2026 01:34:24.550] [Server thread/DEBUG] [citadel/]: biome config: BIOME_DICT is no longer fully supported in 1.18+. They will only work for structures.
[26Jul2026 01:34:24.550] [Server thread/DEBUG] [citadel/]: biome config: BIOME_DICT is no longer fully supported in 1.18+. They will only work for structures.
[26Jul2026 01:34:24.550] [Server thread/DEBUG] [citadel/]: biome config: BIOME_DICT is no longer fully supported in 1.18+. They will only work for structures.
[26Jul2026 01:34:24.550] [Server thread/DEBUG] [citadel/]: biome config: BIOME_DICT is no longer fully supported in 1.18+. They will only work for structures.
[26Jul2026 01:34:24.551] [Server thread/DEBUG] [citadel/]: biome config: BIOME_DICT is no longer fully supported in 1.18+. They will only work for structures.
[26Jul2026 01:34:24.551] [Server thread/DEBUG] [citadel/]: biome config: BIOME_DICT is no longer fully supported in 1.18+. They will only work for structures.
[26Jul2026 01:34:24.551] [Server thread/DEBUG] [citadel/]: biome config: BIOME_DICT is no longer fully supported in 1.18+. They will only work for structures.
[26Jul2026 01:34:24.551] [Server thread/DEBUG] [citadel/]: biome config: BIOME_DICT is no longer fully supported in 1.18+. They will only work for structures.
[26Jul2026 01:34:24.551] [Server thread/DEBUG] [citadel/]: biome config: BIOME_DICT is no longer fully supported in 1.18+. They will only work for structures.
[26Jul2026 01:34:24.551] [Server thread/DEBUG] [citadel/]: biome config: BIOME_DICT is no longer fully supported in 1.18+. They will only work for structures.
[26Jul2026 01:34:24.551] [Server thread/DEBUG] [citadel/]: biome config: BIOME_DICT is no longer fully supported in 1.18+. They will only work for structures.
[26Jul2026 01:34:24.551] [Server thread/DEBUG] [citadel/]: biome config: BIOME_DICT is no longer fully supported in 1.18+. They will only work for structures.
[26Jul2026 01:34:24.551] [Server thread/DEBUG] [citadel/]: biome config: BIOME_DICT is no longer fully supported in 1.18+. They will only work for structures.
[26Jul2026 01:34:24.551] [Server thread/DEBUG] [citadel/]: biome config: BIOME_DICT is no longer fully supported in 1.18+. They will only work for structures.
[26Jul2026 01:34:24.551] [Server thread/DEBUG] [citadel/]: biome config: BIOME_DICT is no longer fully supported in 1.18+. They will only work for structures.
[26Jul2026 01:34:24.551] [Server thread/DEBUG] [citadel/]: biome config: BIOME_DICT is no longer fully supported in 1.18+. They will only work for structures.
[26Jul2026 01:34:24.551] [Server thread/DEBUG] [citadel/]: biome config: BIOME_DICT is no longer fully supported in 1.18+. They will only work for structures.
[26Jul2026 01:34:24.551] [Server thread/DEBUG] [citadel/]: biome config: BIOME_DICT is no longer fully supported in 1.18+. They will only work for structures.
[26Jul2026 01:34:24.551] [Server thread/DEBUG] [citadel/]: biome config: BIOME_DICT is no longer fully supported in 1.18+. They will only work for structures.
[26Jul2026 01:34:24.552] [Server thread/DEBUG] [citadel/]: biome config: BIOME_DICT is no longer fully supported in 1.18+. They will only work for structures.
[26Jul2026 01:34:24.552] [Server thread/DEBUG] [citadel/]: biome config: BIOME_DICT is no longer fully supported in 1.18+. They will only work for structures.
[26Jul2026 01:34:24.552] [Server thread/DEBUG] [citadel/]: biome config: BIOME_DICT is no longer fully supported in 1.18+. They will only work for structures.
[26Jul2026 01:34:24.555] [Server thread/DEBUG] [citadel/]: biome config: BIOME_DICT is no longer fully supported in 1.18+. They will only work for structures.
[26Jul2026 01:34:24.555] [Server thread/DEBUG] [citadel/]: biome config: BIOME_DICT is no longer fully supported in 1.18+. They will only work for structures.
[26Jul2026 01:34:24.555] [Server thread/DEBUG] [citadel/]: biome config: BIOME_DICT is no longer fully supported in 1.18+. They will only work for structures.
[26Jul2026 01:34:24.555] [Server thread/DEBUG] [citadel/]: biome config: BIOME_DICT is no longer fully supported in 1.18+. They will only work for structures.
[26Jul2026 01:34:24.555] [Server thread/DEBUG] [citadel/]: biome config: BIOME_DICT is no longer fully supported in 1.18+. They will only work for structures.
[26Jul2026 01:34:24.555] [Server thread/DEBUG] [citadel/]: biome config: BIOME_DICT is no longer fully supported in 1.18+. They will only work for structures.
[26Jul2026 01:34:24.556] [Server thread/DEBUG] [citadel/]: biome config: BIOME_DICT is no longer fully supported in 1.18+. They will only work for structures.
[26Jul2026 01:34:24.556] [Server thread/DEBUG] [citadel/]: biome config: BIOME_DICT is no longer fully supported in 1.18+. They will only work for structures.
[26Jul2026 01:34:24.556] [Server thread/DEBUG] [citadel/]: biome config: BIOME_DICT is no longer fully supported in 1.18+. They will only work for structures.
[26Jul2026 01:34:24.556] [Server thread/DEBUG] [citadel/]: biome config: BIOME_DICT is no longer fully supported in 1.18+. They will only work for structures.
[26Jul2026 01:34:24.556] [Server thread/DEBUG] [citadel/]: biome config: BIOME_DICT is no longer fully supported in 1.18+. They will only work for structures.
[26Jul2026 01:34:24.556] [Server thread/DEBUG] [citadel/]: biome config: BIOME_DICT is no longer fully supported in 1.18+. They will only work for structures.
[26Jul2026 01:34:24.556] [Server thread/DEBUG] [citadel/]: biome config: BIOME_DICT is no longer fully supported in 1.18+. They will only work for structures.
[26Jul2026 01:34:24.556] [Server thread/DEBUG] [citadel/]: biome config: BIOME_DICT is no longer fully supported in 1.18+. They will only work for structures.
[26Jul2026 01:34:24.556] [Server thread/DEBUG] [citadel/]: biome config: BIOME_DICT is no longer fully supported in 1.18+. They will only work for structures.
[26Jul2026 01:34:24.557] [Server thread/DEBUG] [citadel/]: biome config: BIOME_DICT is no longer fully supported in 1.18+. They will only work for structures.
[26Jul2026 01:34:24.557] [Server thread/DEBUG] [citadel/]: biome config: BIOME_DICT is no longer fully supported in 1.18+. They will only work for structures.
[26Jul2026 01:34:24.557] [Server thread/DEBUG] [citadel/]: biome config: BIOME_DICT is no longer fully supported in 1.18+. They will only work for structures.
[26Jul2026 01:34:24.557] [Server thread/DEBUG] [citadel/]: biome config: BIOME_DICT is no longer fully supported in 1.18+. They will only work for structures.
[26Jul2026 01:34:24.560] [Server thread/DEBUG] [citadel/]: biome config: BIOME_DICT is no longer fully supported in 1.18+. They will only work for structures.
[26Jul2026 01:34:24.560] [Server thread/DEBUG] [citadel/]: biome config: BIOME_DICT is no longer fully supported in 1.18+. They will only work for structures.
[26Jul2026 01:34:24.560] [Server thread/DEBUG] [citadel/]: biome config: BIOME_DICT is no longer fully supported in 1.18+. They will only work for structures.
[26Jul2026 01:34:24.560] [Server thread/DEBUG] [citadel/]: biome config: BIOME_DICT is no longer fully supported in 1.18+. They will only work for structures.
[26Jul2026 01:34:24.560] [Server thread/DEBUG] [citadel/]: biome config: BIOME_DICT is no longer fully supported in 1.18+. They will only work for structures.
[26Jul2026 01:34:24.560] [Server thread/DEBUG] [citadel/]: biome config: BIOME_DICT is no longer fully supported in 1.18+. They will only work for structures.
[26Jul2026 01:34:24.560] [Server thread/DEBUG] [citadel/]: biome config: BIOME_DICT is no longer fully supported in 1.18+. They will only work for structures.
[26Jul2026 01:34:24.560] [Server thread/DEBUG] [citadel/]: biome config: BIOME_DICT is no longer fully supported in 1.18+. They will only work for structures.
[26Jul2026 01:34:24.560] [Server thread/DEBUG] [citadel/]: biome config: BIOME_DICT is no longer fully supported in 1.18+. They will only work for structures.
[26Jul2026 01:34:24.560] [Server thread/DEBUG] [citadel/]: biome config: BIOME_DICT is no longer fully supported in 1.18+. They will only work for structures.
[26Jul2026 01:34:24.560] [Server thread/DEBUG] [citadel/]: biome config: BIOME_DICT is no longer fully supported in 1.18+. They will only work for structures.
[26Jul2026 01:34:24.560] [Server thread/DEBUG] [citadel/]: biome config: BIOME_DICT is no longer fully supported in 1.18+. They will only work for structures.
[26Jul2026 01:34:24.560] [Server thread/DEBUG] [citadel/]: biome config: BIOME_DICT is no longer fully supported in 1.18+. They will only work for structures.
[26Jul2026 01:34:24.560] [Server thread/DEBUG] [citadel/]: biome config: BIOME_DICT is no longer fully supported in 1.18+. They will only work for structures.
[26Jul2026 01:34:24.560] [Server thread/DEBUG] [citadel/]: biome config: BIOME_DICT is no longer fully supported in 1.18+. They will only work for structures.
[26Jul2026 01:34:24.561] [Server thread/DEBUG] [citadel/]: biome config: BIOME_DICT is no longer fully supported in 1.18+. They will only work for structures.
[26Jul2026 01:34:24.561] [Server thread/DEBUG] [citadel/]: biome config: BIOME_DICT is no longer fully supported in 1.18+. They will only work for structures.
[26Jul2026 01:34:24.561] [Server thread/DEBUG] [citadel/]: biome config: BIOME_DICT is no longer fully supported in 1.18+. They will only work for structures.
[26Jul2026 01:34:24.561] [Server thread/DEBUG] [citadel/]: biome config: BIOME_DICT is no longer fully supported in 1.18+. They will only work for structures.
[26Jul2026 01:34:24.561] [Server thread/DEBUG] [citadel/]: biome config: BIOME_DICT is no longer fully supported in 1.18+. They will only work for structures.
[26Jul2026 01:34:24.561] [Server thread/DEBUG] [citadel/]: biome config: BIOME_DICT is no longer fully supported in 1.18+. They will only work for structures.
[26Jul2026 01:34:24.561] [Server thread/DEBUG] [citadel/]: biome config: BIOME_DICT is no longer fully supported in 1.18+. They will only work for structures.
[26Jul2026 01:34:24.561] [Server thread/DEBUG] [citadel/]: biome config: BIOME_DICT is no longer fully supported in 1.18+. They will only work for structures.
[26Jul2026 01:34:24.561] [Server thread/DEBUG] [citadel/]: biome config: BIOME_DICT is no longer fully supported in 1.18+. They will only work for structures.
[26Jul2026 01:34:24.561] [Server thread/DEBUG] [citadel/]: biome config: BIOME_DICT is no longer fully supported in 1.18+. They will only work for structures.
[26Jul2026 01:34:24.561] [Server thread/DEBUG] [citadel/]: biome config: BIOME_DICT is no longer fully supported in 1.18+. They will only work for structures.
[26Jul2026 01:34:24.561] [Server thread/DEBUG] [citadel/]: biome config: BIOME_DICT is no longer fully supported in 1.18+. They will only work for structures.
[26Jul2026 01:34:24.561] [Server thread/DEBUG] [citadel/]: biome config: BIOME_DICT is no longer fully supported in 1.18+. They will only work for structures.
[26Jul2026 01:34:24.561] [Server thread/DEBUG] [citadel/]: biome config: BIOME_DICT is no longer fully supported in 1.18+. They will only work for structures.
[26Jul2026 01:34:24.561] [Server thread/DEBUG] [citadel/]: biome config: BIOME_DICT is no longer fully supported in 1.18+. They will only work for structures.
[26Jul2026 01:34:24.561] [Server thread/DEBUG] [citadel/]: biome config: BIOME_DICT is no longer fully supported in 1.18+. They will only work for structures.
[26Jul2026 01:34:24.561] [Server thread/DEBUG] [citadel/]: biome config: BIOME_DICT is no longer fully supported in 1.18+. They will only work for structures.
[26Jul2026 01:34:24.561] [Server thread/DEBUG] [citadel/]: biome config: BIOME_DICT is no longer fully supported in 1.18+. They will only work for structures.
[26Jul2026 01:34:24.561] [Server thread/DEBUG] [citadel/]: biome config: BIOME_DICT is no longer fully supported in 1.18+. They will only work for structures.
[26Jul2026 01:34:24.561] [Server thread/DEBUG] [citadel/]: biome config: BIOME_DICT is no longer fully supported in 1.18+. They will only work for structures.
[26Jul2026 01:34:24.561] [Server thread/DEBUG] [citadel/]: biome config: BIOME_DICT is no longer fully supported in 1.18+. They will only work for structures.
[26Jul2026 01:34:24.562] [Server thread/DEBUG] [citadel/]: biome config: BIOME_DICT is no longer fully supported in 1.18+. They will only work for structures.
[26Jul2026 01:34:24.562] [Server thread/DEBUG] [citadel/]: biome config: BIOME_DICT is no longer fully supported in 1.18+. They will only work for structures.
[26Jul2026 01:34:24.562] [Server thread/DEBUG] [citadel/]: biome config: BIOME_DICT is no longer fully supported in 1.18+. They will only work for structures.
[26Jul2026 01:34:24.562] [Server thread/DEBUG] [citadel/]: biome config: BIOME_DICT is no longer fully supported in 1.18+. They will only work for structures.
[26Jul2026 01:34:24.562] [Server thread/DEBUG] [citadel/]: biome config: BIOME_DICT is no longer fully supported in 1.18+. They will only work for structures.
[26Jul2026 01:34:24.562] [Server thread/DEBUG] [citadel/]: biome config: BIOME_DICT is no longer fully supported in 1.18+. They will only work for structures.
[26Jul2026 01:34:24.562] [Server thread/DEBUG] [citadel/]: biome config: BIOME_DICT is no longer fully supported in 1.18+. They will only work for structures.
[26Jul2026 01:34:24.562] [Server thread/DEBUG] [citadel/]: biome config: BIOME_DICT is no longer fully supported in 1.18+. They will only work for structures.
[26Jul2026 01:34:24.562] [Server thread/DEBUG] [citadel/]: biome config: BIOME_DICT is no longer fully supported in 1.18+. They will only work for structures.
[26Jul2026 01:34:24.562] [Server thread/DEBUG] [citadel/]: biome config: BIOME_DICT is no longer fully supported in 1.18+. They will only work for structures.
[26Jul2026 01:34:24.562] [Server thread/DEBUG] [citadel/]: biome config: BIOME_DICT is no longer fully supported in 1.18+. They will only work for structures.
[26Jul2026 01:34:24.562] [Server thread/DEBUG] [citadel/]: biome config: BIOME_DICT is no longer fully supported in 1.18+. They will only work for structures.
[26Jul2026 01:34:24.562] [Server thread/DEBUG] [citadel/]: biome config: BIOME_DICT is no longer fully supported in 1.18+. They will only work for structures.
[26Jul2026 01:34:24.562] [Server thread/DEBUG] [citadel/]: biome config: BIOME_DICT is no longer fully supported in 1.18+. They will only work for structures.
[26Jul2026 01:34:24.562] [Server thread/DEBUG] [citadel/]: biome config: BIOME_DICT is no longer fully supported in 1.18+. They will only work for structures.
[26Jul2026 01:34:24.562] [Server thread/DEBUG] [citadel/]: biome config: BIOME_DICT is no longer fully supported in 1.18+. They will only work for structures.
[26Jul2026 01:34:24.562] [Server thread/DEBUG] [citadel/]: biome config: BIOME_DICT is no longer fully supported in 1.18+. They will only work for structures.
[26Jul2026 01:34:24.562] [Server thread/DEBUG] [citadel/]: biome config: BIOME_DICT is no longer fully supported in 1.18+. They will only work for structures.
[26Jul2026 01:34:24.562] [Server thread/DEBUG] [citadel/]: biome config: BIOME_DICT is no longer fully supported in 1.18+. They will only work for structures.
[26Jul2026 01:34:24.562] [Server thread/DEBUG] [citadel/]: biome config: BIOME_DICT is no longer fully supported in 1.18+. They will only work for structures.
[26Jul2026 01:34:24.562] [Server thread/DEBUG] [citadel/]: biome config: BIOME_DICT is no longer fully supported in 1.18+. They will only work for structures.
[26Jul2026 01:34:24.562] [Server thread/DEBUG] [citadel/]: biome config: BIOME_DICT is no longer fully supported in 1.18+. They will only work for structures.
[26Jul2026 01:34:24.562] [Server thread/DEBUG] [citadel/]: biome config: BIOME_DICT is no longer fully supported in 1.18+. They will only work for structures.
[26Jul2026 01:34:24.562] [Server thread/DEBUG] [citadel/]: biome config: BIOME_DICT is no longer fully supported in 1.18+. They will only work for structures.
[26Jul2026 01:34:24.563] [Server thread/DEBUG] [citadel/]: biome config: BIOME_DICT is no longer fully supported in 1.18+. They will only work for structures.
[26Jul2026 01:34:24.563] [Server thread/DEBUG] [citadel/]: biome config: BIOME_DICT is no longer fully supported in 1.18+. They will only work for structures.
[26Jul2026 01:34:24.563] [Server thread/DEBUG] [citadel/]: biome config: BIOME_DICT is no longer fully supported in 1.18+. They will only work for structures.
[26Jul2026 01:34:24.563] [Server thread/DEBUG] [citadel/]: biome config: BIOME_DICT is no longer fully supported in 1.18+. They will only work for structures.
[26Jul2026 01:34:24.563] [Server thread/DEBUG] [citadel/]: biome config: BIOME_DICT is no longer fully supported in 1.18+. They will only work for structures.
[26Jul2026 01:34:24.563] [Server thread/DEBUG] [citadel/]: biome config: BIOME_DICT is no longer fully supported in 1.18+. They will only work for structures.
[26Jul2026 01:34:24.563] [Server thread/DEBUG] [citadel/]: biome config: BIOME_DICT is no longer fully supported in 1.18+. They will only work for structures.
[26Jul2026 01:34:24.563] [Server thread/DEBUG] [citadel/]: biome config: BIOME_DICT is no longer fully supported in 1.18+. They will only work for structures.
[26Jul2026 01:34:24.563] [Server thread/DEBUG] [citadel/]: biome config: BIOME_DICT is no longer fully supported in 1.18+. They will only work for structures.
[26Jul2026 01:34:24.563] [Server thread/DEBUG] [citadel/]: biome config: BIOME_DICT is no longer fully supported in 1.18+. They will only work for structures.
[26Jul2026 01:34:24.566] [Server thread/DEBUG] [citadel/]: biome config: BIOME_DICT is no longer fully supported in 1.18+. They will only work for structures.
[26Jul2026 01:34:24.566] [Server thread/DEBUG] [citadel/]: biome config: BIOME_DICT is no longer fully supported in 1.18+. They will only work for structures.
[26Jul2026 01:34:24.566] [Server thread/DEBUG] [citadel/]: biome config: BIOME_DICT is no longer fully supported in 1.18+. They will only work for structures.
[26Jul2026 01:34:24.566] [Server thread/DEBUG] [citadel/]: biome config: BIOME_DICT is no longer fully supported in 1.18+. They will only work for structures.
[26Jul2026 01:34:24.567] [Server thread/DEBUG] [citadel/]: biome config: BIOME_DICT is no longer fully supported in 1.18+. They will only work for structures.
[26Jul2026 01:34:24.567] [Server thread/DEBUG] [citadel/]: biome config: BIOME_DICT is no longer fully supported in 1.18+. They will only work for structures.
[26Jul2026 01:34:24.567] [Server thread/DEBUG] [citadel/]: biome config: BIOME_DICT is no longer fully supported in 1.18+. They will only work for structures.
[26Jul2026 01:34:24.567] [Server thread/DEBUG] [citadel/]: biome config: BIOME_DICT is no longer fully supported in 1.18+. They will only work for structures.
[26Jul2026 01:34:24.567] [Server thread/DEBUG] [citadel/]: biome config: BIOME_DICT is no longer fully supported in 1.18+. They will only work for structures.
[26Jul2026 01:34:24.567] [Server thread/DEBUG] [citadel/]: biome config: BIOME_DICT is no longer fully supported in 1.18+. They will only work for structures.
[26Jul2026 01:34:24.567] [Server thread/DEBUG] [citadel/]: biome config: BIOME_DICT is no longer fully supported in 1.18+. They will only work for structures.
[26Jul2026 01:34:24.567] [Server thread/DEBUG] [citadel/]: biome config: BIOME_DICT is no longer fully supported in 1.18+. They will only work for structures.
[26Jul2026 01:34:24.567] [Server thread/DEBUG] [citadel/]: biome config: BIOME_DICT is no longer fully supported in 1.18+. They will only work for structures.
[26Jul2026 01:34:24.568] [Server thread/DEBUG] [citadel/]: biome config: BIOME_DICT is no longer fully supported in 1.18+. They will only work for structures.
[26Jul2026 01:34:24.568] [Server thread/DEBUG] [citadel/]: biome config: BIOME_DICT is no longer fully supported in 1.18+. They will only work for structures.
[26Jul2026 01:34:24.568] [Server thread/DEBUG] [citadel/]: biome config: BIOME_DICT is no longer fully supported in 1.18+. They will only work for structures.
[26Jul2026 01:34:24.568] [Server thread/DEBUG] [citadel/]: biome config: BIOME_DICT is no longer fully supported in 1.18+. They will only work for structures.
[26Jul2026 01:34:24.568] [Server thread/DEBUG] [citadel/]: biome config: BIOME_DICT is no longer fully supported in 1.18+. They will only work for structures.
[26Jul2026 01:34:24.568] [Server thread/DEBUG] [citadel/]: biome config: BIOME_DICT is no longer fully supported in 1.18+. They will only work for structures.
[26Jul2026 01:34:24.568] [Server thread/DEBUG] [citadel/]: biome config: BIOME_DICT is no longer fully supported in 1.18+. They will only work for structures.
[26Jul2026 01:34:24.568] [Server thread/DEBUG] [citadel/]: biome config: BIOME_DICT is no longer fully supported in 1.18+. They will only work for structures.
[26Jul2026 01:34:24.568] [Server thread/DEBUG] [citadel/]: biome config: BIOME_DICT is no longer fully supported in 1.18+. They will only work for structures.
[26Jul2026 01:34:24.568] [Server thread/DEBUG] [citadel/]: biome config: BIOME_DICT is no longer fully supported in 1.18+. They will only work for structures.
[26Jul2026 01:34:24.568] [Server thread/DEBUG] [citadel/]: biome config: BIOME_DICT is no longer fully supported in 1.18+. They will only work for structures.
[26Jul2026 01:34:24.568] [Server thread/DEBUG] [citadel/]: biome config: BIOME_DICT is no longer fully supported in 1.18+. They will only work for structures.
[26Jul2026 01:34:24.568] [Server thread/DEBUG] [citadel/]: biome config: BIOME_DICT is no longer fully supported in 1.18+. They will only work for structures.
[26Jul2026 01:34:24.568] [Server thread/DEBUG] [citadel/]: biome config: BIOME_DICT is no longer fully supported in 1.18+. They will only work for structures.
[26Jul2026 01:34:24.568] [Server thread/DEBUG] [citadel/]: biome config: BIOME_DICT is no longer fully supported in 1.18+. They will only work for structures.
[26Jul2026 01:34:24.568] [Server thread/DEBUG] [citadel/]: biome config: BIOME_DICT is no longer fully supported in 1.18+. They will only work for structures.
[26Jul2026 01:34:24.569] [Server thread/DEBUG] [citadel/]: biome config: BIOME_DICT is no longer fully supported in 1.18+. They will only work for structures.
[26Jul2026 01:34:24.569] [Server thread/DEBUG] [citadel/]: biome config: BIOME_DICT is no longer fully supported in 1.18+. They will only work for structures.
[26Jul2026 01:34:24.569] [Server thread/DEBUG] [citadel/]: biome config: BIOME_DICT is no longer fully supported in 1.18+. They will only work for structures.
[26Jul2026 01:34:24.569] [Server thread/DEBUG] [citadel/]: biome config: BIOME_DICT is no longer fully supported in 1.18+. They will only work for structures.
[26Jul2026 01:34:24.569] [Server thread/DEBUG] [citadel/]: biome config: BIOME_DICT is no longer fully supported in 1.18+. They will only work for structures.
[26Jul2026 01:34:24.569] [Server thread/DEBUG] [citadel/]: biome config: BIOME_DICT is no longer fully supported in 1.18+. They will only work for structures.
[26Jul2026 01:34:24.569] [Server thread/DEBUG] [citadel/]: biome config: BIOME_DICT is no longer fully supported in 1.18+. They will only work for structures.
[26Jul2026 01:34:24.569] [Server thread/DEBUG] [citadel/]: biome config: BIOME_DICT is no longer fully supported in 1.18+. They will only work for structures.
[26Jul2026 01:34:24.569] [Server thread/DEBUG] [citadel/]: biome config: BIOME_DICT is no longer fully supported in 1.18+. They will only work for structures.
[26Jul2026 01:34:24.569] [Server thread/DEBUG] [citadel/]: biome config: BIOME_DICT is no longer fully supported in 1.18+. They will only work for structures.
[26Jul2026 01:34:24.569] [Server thread/DEBUG] [citadel/]: biome config: BIOME_DICT is no longer fully supported in 1.18+. They will only work for structures.
[26Jul2026 01:34:24.569] [Server thread/DEBUG] [citadel/]: biome config: BIOME_DICT is no longer fully supported in 1.18+. They will only work for structures.
[26Jul2026 01:34:24.569] [Server thread/DEBUG] [citadel/]: biome config: BIOME_DICT is no longer fully supported in 1.18+. They will only work for structures.
[26Jul2026 01:34:24.569] [Server thread/DEBUG] [citadel/]: biome config: BIOME_DICT is no longer fully supported in 1.18+. They will only work for structures.
[26Jul2026 01:34:24.569] [Server thread/DEBUG] [citadel/]: biome config: BIOME_DICT is no longer fully supported in 1.18+. They will only work for structures.
[26Jul2026 01:34:24.569] [Server thread/DEBUG] [citadel/]: biome config: BIOME_DICT is no longer fully supported in 1.18+. They will only work for structures.
[26Jul2026 01:34:24.569] [Server thread/DEBUG] [citadel/]: biome config: BIOME_DICT is no longer fully supported in 1.18+. They will only work for structures.
[26Jul2026 01:34:24.569] [Server thread/DEBUG] [citadel/]: biome config: BIOME_DICT is no longer fully supported in 1.18+. They will only work for structures.
[26Jul2026 01:34:24.569] [Server thread/DEBUG] [citadel/]: biome config: BIOME_DICT is no longer fully supported in 1.18+. They will only work for structures.
[26Jul2026 01:34:24.569] [Server thread/DEBUG] [citadel/]: biome config: BIOME_DICT is no longer fully supported in 1.18+. They will only work for structures.
[26Jul2026 01:34:24.569] [Server thread/DEBUG] [citadel/]: biome config: BIOME_DICT is no longer fully supported in 1.18+. They will only work for structures.
[26Jul2026 01:34:24.569] [Server thread/DEBUG] [citadel/]: biome config: BIOME_DICT is no longer fully supported in 1.18+. They will only work for structures.
[26Jul2026 01:34:24.570] [Server thread/DEBUG] [citadel/]: biome config: BIOME_DICT is no longer fully supported in 1.18+. They will only work for structures.
[26Jul2026 01:34:24.570] [Server thread/DEBUG] [citadel/]: biome config: BIOME_DICT is no longer fully supported in 1.18+. They will only work for structures.
[26Jul2026 01:34:24.570] [Server thread/DEBUG] [citadel/]: biome config: BIOME_DICT is no longer fully supported in 1.18+. They will only work for structures.
[26Jul2026 01:34:24.570] [Server thread/DEBUG] [citadel/]: biome config: BIOME_DICT is no longer fully supported in 1.18+. They will only work for structures.
[26Jul2026 01:34:24.570] [Server thread/DEBUG] [citadel/]: biome config: BIOME_DICT is no longer fully supported in 1.18+. They will only work for structures.
[26Jul2026 01:34:24.570] [Server thread/DEBUG] [citadel/]: biome config: BIOME_DICT is no longer fully supported in 1.18+. They will only work for structures.
[26Jul2026 01:34:24.570] [Server thread/DEBUG] [citadel/]: biome config: BIOME_DICT is no longer fully supported in 1.18+. They will only work for structures.
[26Jul2026 01:34:24.570] [Server thread/DEBUG] [citadel/]: biome config: BIOME_DICT is no longer fully supported in 1.18+. They will only work for structures.
[26Jul2026 01:34:24.570] [Server thread/DEBUG] [citadel/]: biome config: BIOME_DICT is no longer fully supported in 1.18+. They will only work for structures.
[26Jul2026 01:34:24.570] [Server thread/DEBUG] [citadel/]: biome config: BIOME_DICT is no longer fully supported in 1.18+. They will only work for structures.
[26Jul2026 01:34:24.570] [Server thread/DEBUG] [citadel/]: biome config: BIOME_DICT is no longer fully supported in 1.18+. They will only work for structures.
[26Jul2026 01:34:24.570] [Server thread/DEBUG] [citadel/]: biome config: BIOME_DICT is no longer fully supported in 1.18+. They will only work for structures.
[26Jul2026 01:34:24.570] [Server thread/DEBUG] [citadel/]: biome config: BIOME_DICT is no longer fully supported in 1.18+. They will only work for structures.
[26Jul2026 01:34:24.570] [Server thread/DEBUG] [citadel/]: biome config: BIOME_DICT is no longer fully supported in 1.18+. They will only work for structures.
[26Jul2026 01:34:24.572] [Server thread/DEBUG] [citadel/]: biome config: BIOME_DICT is no longer fully supported in 1.18+. They will only work for structures.
[26Jul2026 01:34:24.572] [Server thread/DEBUG] [citadel/]: biome config: BIOME_DICT is no longer fully supported in 1.18+. They will only work for structures.
[26Jul2026 01:34:24.572] [Server thread/DEBUG] [citadel/]: biome config: BIOME_DICT is no longer fully supported in 1.18+. They will only work for structures.
[26Jul2026 01:34:24.572] [Server thread/DEBUG] [citadel/]: biome config: BIOME_DICT is no longer fully supported in 1.18+. They will only work for structures.
[26Jul2026 01:34:24.575] [Server thread/DEBUG] [citadel/]: biome config: BIOME_DICT is no longer fully supported in 1.18+. They will only work for structures.
[26Jul2026 01:34:24.575] [Server thread/DEBUG] [citadel/]: biome config: BIOME_DICT is no longer fully supported in 1.18+. They will only work for structures.
[26Jul2026 01:34:24.575] [Server thread/DEBUG] [citadel/]: biome config: BIOME_DICT is no longer fully supported in 1.18+. They will only work for structures.
[26Jul2026 01:34:24.575] [Server thread/DEBUG] [citadel/]: biome config: BIOME_DICT is no longer fully supported in 1.18+. They will only work for structures.
[26Jul2026 01:34:24.575] [Server thread/DEBUG] [citadel/]: biome config: BIOME_DICT is no longer fully supported in 1.18+. They will only work for structures.
[26Jul2026 01:34:24.575] [Server thread/DEBUG] [citadel/]: biome config: BIOME_DICT is no longer fully supported in 1.18+. They will only work for structures.
[26Jul2026 01:34:24.575] [Server thread/DEBUG] [citadel/]: biome config: BIOME_DICT is no longer fully supported in 1.18+. They will only work for structures.
[26Jul2026 01:34:24.575] [Server thread/DEBUG] [citadel/]: biome config: BIOME_DICT is no longer fully supported in 1.18+. They will only work for structures.
[26Jul2026 01:34:24.575] [Server thread/DEBUG] [citadel/]: biome config: BIOME_DICT is no longer fully supported in 1.18+. They will only work for structures.
[26Jul2026 01:34:24.575] [Server thread/DEBUG] [citadel/]: biome config: BIOME_DICT is no longer fully supported in 1.18+. They will only work for structures.
[26Jul2026 01:34:24.575] [Server thread/DEBUG] [citadel/]: biome config: BIOME_DICT is no longer fully supported in 1.18+. They will only work for structures.
[26Jul2026 01:34:24.575] [Server thread/DEBUG] [citadel/]: biome config: BIOME_DICT is no longer fully supported in 1.18+. They will only work for structures.
[26Jul2026 01:34:24.575] [Server thread/DEBUG] [citadel/]: biome config: BIOME_DICT is no longer fully supported in 1.18+. They will only work for structures.
[26Jul2026 01:34:24.575] [Server thread/DEBUG] [citadel/]: biome config: BIOME_DICT is no longer fully supported in 1.18+. They will only work for structures.
[26Jul2026 01:34:24.575] [Server thread/DEBUG] [citadel/]: biome config: BIOME_DICT is no longer fully supported in 1.18+. They will only work for structures.
[26Jul2026 01:34:24.576] [Server thread/DEBUG] [citadel/]: biome config: BIOME_DICT is no longer fully supported in 1.18+. They will only work for structures.
[26Jul2026 01:34:24.576] [Server thread/DEBUG] [citadel/]: biome config: BIOME_DICT is no longer fully supported in 1.18+. They will only work for structures.
[26Jul2026 01:34:24.576] [Server thread/DEBUG] [citadel/]: biome config: BIOME_DICT is no longer fully supported in 1.18+. They will only work for structures.
[26Jul2026 01:34:24.576] [Server thread/DEBUG] [citadel/]: biome config: BIOME_DICT is no longer fully supported in 1.18+. They will only work for structures.
[26Jul2026 01:34:24.576] [Server thread/DEBUG] [citadel/]: biome config: BIOME_DICT is no longer fully supported in 1.18+. They will only work for structures.
[26Jul2026 01:34:24.576] [Server thread/DEBUG] [citadel/]: biome config: BIOME_DICT is no longer fully supported in 1.18+. They will only work for structures.
[26Jul2026 01:34:24.576] [Server thread/DEBUG] [citadel/]: biome config: BIOME_DICT is no longer fully supported in 1.18+. They will only work for structures.
[26Jul2026 01:34:24.576] [Server thread/DEBUG] [citadel/]: biome config: BIOME_DICT is no longer fully supported in 1.18+. They will only work for structures.
[26Jul2026 01:34:24.576] [Server thread/DEBUG] [citadel/]: biome config: BIOME_DICT is no longer fully supported in 1.18+. They will only work for structures.
[26Jul2026 01:34:24.576] [Server thread/DEBUG] [citadel/]: biome config: BIOME_DICT is no longer fully supported in 1.18+. They will only work for structures.
[26Jul2026 01:34:24.576] [Server thread/DEBUG] [citadel/]: biome config: BIOME_DICT is no longer fully supported in 1.18+. They will only work for structures.
[26Jul2026 01:34:24.576] [Server thread/DEBUG] [citadel/]: biome config: BIOME_DICT is no longer fully supported in 1.18+. They will only work for structures.
[26Jul2026 01:34:24.576] [Server thread/DEBUG] [citadel/]: biome config: BIOME_DICT is no longer fully supported in 1.18+. They will only work for structures.
[26Jul2026 01:34:24.576] [Server thread/DEBUG] [citadel/]: biome config: BIOME_DICT is no longer fully supported in 1.18+. They will only work for structures.
[26Jul2026 01:34:24.576] [Server thread/DEBUG] [citadel/]: biome config: BIOME_DICT is no longer fully supported in 1.18+. They will only work for structures.
[26Jul2026 01:34:24.576] [Server thread/DEBUG] [citadel/]: biome config: BIOME_DICT is no longer fully supported in 1.18+. They will only work for structures.
[26Jul2026 01:34:24.576] [Server thread/DEBUG] [citadel/]: biome config: BIOME_DICT is no longer fully supported in 1.18+. They will only work for structures.
[26Jul2026 01:34:24.576] [Server thread/DEBUG] [citadel/]: biome config: BIOME_DICT is no longer fully supported in 1.18+. They will only work for structures.
[26Jul2026 01:34:24.576] [Server thread/DEBUG] [citadel/]: biome config: BIOME_DICT is no longer fully supported in 1.18+. They will only work for structures.
[26Jul2026 01:34:24.576] [Server thread/DEBUG] [citadel/]: biome config: BIOME_DICT is no longer fully supported in 1.18+. They will only work for structures.
[26Jul2026 01:34:24.576] [Server thread/DEBUG] [citadel/]: biome config: BIOME_DICT is no longer fully supported in 1.18+. They will only work for structures.
[26Jul2026 01:34:24.576] [Server thread/DEBUG] [citadel/]: biome config: BIOME_DICT is no longer fully supported in 1.18+. They will only work for structures.
[26Jul2026 01:34:24.576] [Server thread/DEBUG] [citadel/]: biome config: BIOME_DICT is no longer fully supported in 1.18+. They will only work for structures.
[26Jul2026 01:34:24.576] [Server thread/DEBUG] [citadel/]: biome config: BIOME_DICT is no longer fully supported in 1.18+. They will only work for structures.
[26Jul2026 01:34:24.576] [Server thread/DEBUG] [citadel/]: biome config: BIOME_DICT is no longer fully supported in 1.18+. They will only work for structures.
[26Jul2026 01:34:24.577] [Server thread/DEBUG] [citadel/]: biome config: BIOME_DICT is no longer fully supported in 1.18+. They will only work for structures.
[26Jul2026 01:34:24.577] [Server thread/DEBUG] [citadel/]: biome config: BIOME_DICT is no longer fully supported in 1.18+. They will only work for structures.
[26Jul2026 01:34:24.579] [Server thread/DEBUG] [citadel/]: biome config: BIOME_DICT is no longer fully supported in 1.18+. They will only work for structures.
[26Jul2026 01:34:24.579] [Server thread/DEBUG] [citadel/]: biome config: BIOME_DICT is no longer fully supported in 1.18+. They will only work for structures.
[26Jul2026 01:34:24.579] [Server thread/DEBUG] [citadel/]: biome config: BIOME_DICT is no longer fully supported in 1.18+. They will only work for structures.
[26Jul2026 01:34:24.579] [Server thread/DEBUG] [citadel/]: biome config: BIOME_DICT is no longer fully supported in 1.18+. They will only work for structures.
[26Jul2026 01:34:24.579] [Server thread/DEBUG] [citadel/]: biome config: BIOME_DICT is no longer fully supported in 1.18+. They will only work for structures.
[26Jul2026 01:34:24.579] [Server thread/DEBUG] [citadel/]: biome config: BIOME_DICT is no longer fully supported in 1.18+. They will only work for structures.
[26Jul2026 01:34:24.579] [Server thread/DEBUG] [citadel/]: biome config: BIOME_DICT is no longer fully supported in 1.18+. They will only work for structures.
[26Jul2026 01:34:24.579] [Server thread/DEBUG] [citadel/]: biome config: BIOME_DICT is no longer fully supported in 1.18+. They will only work for structures.
[26Jul2026 01:34:24.579] [Server thread/DEBUG] [citadel/]: biome config: BIOME_DICT is no longer fully supported in 1.18+. They will only work for structures.
[26Jul2026 01:34:24.579] [Server thread/DEBUG] [citadel/]: biome config: BIOME_DICT is no longer fully supported in 1.18+. They will only work for structures.
[26Jul2026 01:34:24.579] [Server thread/DEBUG] [citadel/]: biome config: BIOME_DICT is no longer fully supported in 1.18+. They will only work for structures.
[26Jul2026 01:34:24.579] [Server thread/DEBUG] [citadel/]: biome config: BIOME_DICT is no longer fully supported in 1.18+. They will only work for structures.
[26Jul2026 01:34:24.579] [Server thread/DEBUG] [citadel/]: biome config: BIOME_DICT is no longer fully supported in 1.18+. They will only work for structures.
[26Jul2026 01:34:24.579] [Server thread/DEBUG] [citadel/]: biome config: BIOME_DICT is no longer fully supported in 1.18+. They will only work for structures.
[26Jul2026 01:34:24.579] [Server thread/DEBUG] [citadel/]: biome config: BIOME_DICT is no longer fully supported in 1.18+. They will only work for structures.
[26Jul2026 01:34:24.579] [Server thread/DEBUG] [citadel/]: biome config: BIOME_DICT is no longer fully supported in 1.18+. They will only work for structures.
[26Jul2026 01:34:24.579] [Server thread/DEBUG] [citadel/]: biome config: BIOME_DICT is no longer fully supported in 1.18+. They will only work for structures.
[26Jul2026 01:34:24.579] [Server thread/DEBUG] [citadel/]: biome config: BIOME_DICT is no longer fully supported in 1.18+. They will only work for structures.
[26Jul2026 01:34:24.580] [Server thread/DEBUG] [citadel/]: biome config: BIOME_DICT is no longer fully supported in 1.18+. They will only work for structures.
[26Jul2026 01:34:24.580] [Server thread/DEBUG] [citadel/]: biome config: BIOME_DICT is no longer fully supported in 1.18+. They will only work for structures.
[26Jul2026 01:34:24.580] [Server thread/DEBUG] [citadel/]: biome config: BIOME_DICT is no longer fully supported in 1.18+. They will only work for structures.
[26Jul2026 01:34:24.580] [Server thread/DEBUG] [citadel/]: biome config: BIOME_DICT is no longer fully supported in 1.18+. They will only work for structures.
[26Jul2026 01:34:24.580] [Server thread/DEBUG] [citadel/]: biome config: BIOME_DICT is no longer fully supported in 1.18+. They will only work for structures.
[26Jul2026 01:34:24.580] [Server thread/DEBUG] [citadel/]: biome config: BIOME_DICT is no longer fully supported in 1.18+. They will only work for structures.
[26Jul2026 01:34:24.580] [Server thread/DEBUG] [citadel/]: biome config: BIOME_DICT is no longer fully supported in 1.18+. They will only work for structures.
[26Jul2026 01:34:24.580] [Server thread/DEBUG] [citadel/]: biome config: BIOME_DICT is no longer fully supported in 1.18+. They will only work for structures.
[26Jul2026 01:34:24.580] [Server thread/DEBUG] [citadel/]: biome config: BIOME_DICT is no longer fully supported in 1.18+. They will only work for structures.
[26Jul2026 01:34:24.580] [Server thread/DEBUG] [citadel/]: biome config: BIOME_DICT is no longer fully supported in 1.18+. They will only work for structures.
[26Jul2026 01:34:24.580] [Server thread/DEBUG] [citadel/]: biome config: BIOME_DICT is no longer fully supported in 1.18+. They will only work for structures.
[26Jul2026 01:34:24.580] [Server thread/DEBUG] [citadel/]: biome config: BIOME_DICT is no longer fully supported in 1.18+. They will only work for structures.
[26Jul2026 01:34:24.580] [Server thread/DEBUG] [citadel/]: biome config: BIOME_DICT is no longer fully supported in 1.18+. They will only work for structures.
[26Jul2026 01:34:24.580] [Server thread/DEBUG] [citadel/]: biome config: BIOME_DICT is no longer fully supported in 1.18+. They will only work for structures.
[26Jul2026 01:34:24.580] [Server thread/DEBUG] [citadel/]: biome config: BIOME_DICT is no longer fully supported in 1.18+. They will only work for structures.
[26Jul2026 01:34:24.580] [Server thread/DEBUG] [citadel/]: biome config: BIOME_DICT is no longer fully supported in 1.18+. They will only work for structures.
[26Jul2026 01:34:24.580] [Server thread/DEBUG] [citadel/]: biome config: BIOME_DICT is no longer fully supported in 1.18+. They will only work for structures.
[26Jul2026 01:34:24.580] [Server thread/DEBUG] [citadel/]: biome config: BIOME_DICT is no longer fully supported in 1.18+. They will only work for structures.
[26Jul2026 01:34:24.580] [Server thread/DEBUG] [citadel/]: biome config: BIOME_DICT is no longer fully supported in 1.18+. They will only work for structures.
[26Jul2026 01:34:24.580] [Server thread/DEBUG] [citadel/]: biome config: BIOME_DICT is no longer fully supported in 1.18+. They will only work for structures.
[26Jul2026 01:34:24.580] [Server thread/DEBUG] [citadel/]: biome config: BIOME_DICT is no longer fully supported in 1.18+. They will only work for structures.
[26Jul2026 01:34:24.580] [Server thread/DEBUG] [citadel/]: biome config: BIOME_DICT is no longer fully supported in 1.18+. They will only work for structures.
[26Jul2026 01:34:24.580] [Server thread/DEBUG] [citadel/]: biome config: BIOME_DICT is no longer fully supported in 1.18+. They will only work for structures.
[26Jul2026 01:34:24.580] [Server thread/DEBUG] [citadel/]: biome config: BIOME_DICT is no longer fully supported in 1.18+. They will only work for structures.
[26Jul2026 01:34:24.581] [Server thread/DEBUG] [citadel/]: biome config: BIOME_DICT is no longer fully supported in 1.18+. They will only work for structures.
[26Jul2026 01:34:24.581] [Server thread/DEBUG] [citadel/]: biome config: BIOME_DICT is no longer fully supported in 1.18+. They will only work for structures.
[26Jul2026 01:34:24.581] [Server thread/DEBUG] [citadel/]: biome config: BIOME_DICT is no longer fully supported in 1.18+. They will only work for structures.
[26Jul2026 01:34:24.581] [Server thread/DEBUG] [citadel/]: biome config: BIOME_DICT is no longer fully supported in 1.18+. They will only work for structures.
[26Jul2026 01:34:24.581] [Server thread/DEBUG] [citadel/]: biome config: BIOME_DICT is no longer fully supported in 1.18+. They will only work for structures.
[26Jul2026 01:34:24.581] [Server thread/DEBUG] [citadel/]: biome config: BIOME_DICT is no longer fully supported in 1.18+. They will only work for structures.
[26Jul2026 01:34:24.581] [Server thread/DEBUG] [citadel/]: biome config: BIOME_DICT is no longer fully supported in 1.18+. They will only work for structures.
[26Jul2026 01:34:24.581] [Server thread/DEBUG] [citadel/]: biome config: BIOME_DICT is no longer fully supported in 1.18+. They will only work for structures.
[26Jul2026 01:34:24.581] [Server thread/DEBUG] [citadel/]: biome config: BIOME_DICT is no longer fully supported in 1.18+. They will only work for structures.
[26Jul2026 01:34:24.581] [Server thread/DEBUG] [citadel/]: biome config: BIOME_DICT is no longer fully supported in 1.18+. They will only work for structures.
[26Jul2026 01:34:24.581] [Server thread/DEBUG] [citadel/]: biome config: BIOME_DICT is no longer fully supported in 1.18+. They will only work for structures.
[26Jul2026 01:34:24.581] [Server thread/DEBUG] [citadel/]: biome config: BIOME_DICT is no longer fully supported in 1.18+. They will only work for structures.
[26Jul2026 01:34:24.584] [Server thread/DEBUG] [citadel/]: biome config: BIOME_DICT is no longer fully supported in 1.18+. They will only work for structures.
[26Jul2026 01:34:24.584] [Server thread/DEBUG] [citadel/]: biome config: BIOME_DICT is no longer fully supported in 1.18+. They will only work for structures.
[26Jul2026 01:34:24.584] [Server thread/DEBUG] [citadel/]: biome config: BIOME_DICT is no longer fully supported in 1.18+. They will only work for structures.
[26Jul2026 01:34:24.584] [Server thread/DEBUG] [citadel/]: biome config: BIOME_DICT is no longer fully supported in 1.18+. They will only work for structures.
[26Jul2026 01:34:24.584] [Server thread/DEBUG] [citadel/]: biome config: BIOME_DICT is no longer fully supported in 1.18+. They will only work for structures.
[26Jul2026 01:34:24.584] [Server thread/DEBUG] [citadel/]: biome config: BIOME_DICT is no longer fully supported in 1.18+. They will only work for structures.
[26Jul2026 01:34:24.584] [Server thread/DEBUG] [citadel/]: biome config: BIOME_DICT is no longer fully supported in 1.18+. They will only work for structures.
[26Jul2026 01:34:24.584] [Server thread/DEBUG] [citadel/]: biome config: BIOME_DICT is no longer fully supported in 1.18+. They will only work for structures.
[26Jul2026 01:34:24.584] [Server thread/DEBUG] [citadel/]: biome config: BIOME_DICT is no longer fully supported in 1.18+. They will only work for structures.
[26Jul2026 01:34:24.584] [Server thread/DEBUG] [citadel/]: biome config: BIOME_DICT is no longer fully supported in 1.18+. They will only work for structures.
[26Jul2026 01:34:24.584] [Server thread/DEBUG] [citadel/]: biome config: BIOME_DICT is no longer fully supported in 1.18+. They will only work for structures.
[26Jul2026 01:34:24.584] [Server thread/DEBUG] [citadel/]: biome config: BIOME_DICT is no longer fully supported in 1.18+. They will only work for structures.
[26Jul2026 01:34:24.584] [Server thread/DEBUG] [citadel/]: biome config: BIOME_DICT is no longer fully supported in 1.18+. They will only work for structures.
[26Jul2026 01:34:24.584] [Server thread/DEBUG] [citadel/]: biome config: BIOME_DICT is no longer fully supported in 1.18+. They will only work for structures.
[26Jul2026 01:34:24.584] [Server thread/DEBUG] [citadel/]: biome config: BIOME_DICT is no longer fully supported in 1.18+. They will only work for structures.
[26Jul2026 01:34:24.584] [Server thread/DEBUG] [citadel/]: biome config: BIOME_DICT is no longer fully supported in 1.18+. They will only work for structures.
[26Jul2026 01:34:24.584] [Server thread/DEBUG] [citadel/]: biome config: BIOME_DICT is no longer fully supported in 1.18+. They will only work for structures.
[26Jul2026 01:34:24.584] [Server thread/DEBUG] [citadel/]: biome config: BIOME_DICT is no longer fully supported in 1.18+. They will only work for structures.
[26Jul2026 01:34:24.584] [Server thread/DEBUG] [citadel/]: biome config: BIOME_DICT is no longer fully supported in 1.18+. They will only work for structures.
[26Jul2026 01:34:24.584] [Server thread/DEBUG] [citadel/]: biome config: BIOME_DICT is no longer fully supported in 1.18+. They will only work for structures.
[26Jul2026 01:34:24.585] [Server thread/DEBUG] [citadel/]: biome config: BIOME_DICT is no longer fully supported in 1.18+. They will only work for structures.
[26Jul2026 01:34:24.585] [Server thread/DEBUG] [citadel/]: biome config: BIOME_DICT is no longer fully supported in 1.18+. They will only work for structures.
[26Jul2026 01:34:24.585] [Server thread/DEBUG] [citadel/]: biome config: BIOME_DICT is no longer fully supported in 1.18+. They will only work for structures.
[26Jul2026 01:34:24.585] [Server thread/DEBUG] [citadel/]: biome config: BIOME_DICT is no longer fully supported in 1.18+. They will only work for structures.
[26Jul2026 01:34:24.585] [Server thread/DEBUG] [citadel/]: biome config: BIOME_DICT is no longer fully supported in 1.18+. They will only work for structures.
[26Jul2026 01:34:24.585] [Server thread/DEBUG] [citadel/]: biome config: BIOME_DICT is no longer fully supported in 1.18+. They will only work for structures.
[26Jul2026 01:34:24.585] [Server thread/DEBUG] [citadel/]: biome config: BIOME_DICT is no longer fully supported in 1.18+. They will only work for structures.
[26Jul2026 01:34:24.585] [Server thread/DEBUG] [citadel/]: biome config: BIOME_DICT is no longer fully supported in 1.18+. They will only work for structures.
[26Jul2026 01:34:24.585] [Server thread/DEBUG] [citadel/]: biome config: BIOME_DICT is no longer fully supported in 1.18+. They will only work for structures.
[26Jul2026 01:34:24.585] [Server thread/DEBUG] [citadel/]: biome config: BIOME_DICT is no longer fully supported in 1.18+. They will only work for structures.
[26Jul2026 01:34:24.585] [Server thread/DEBUG] [citadel/]: biome config: BIOME_DICT is no longer fully supported in 1.18+. They will only work for structures.
[26Jul2026 01:34:24.585] [Server thread/DEBUG] [citadel/]: biome config: BIOME_DICT is no longer fully supported in 1.18+. They will only work for structures.
[26Jul2026 01:34:24.585] [Server thread/DEBUG] [citadel/]: biome config: BIOME_DICT is no longer fully supported in 1.18+. They will only work for structures.
[26Jul2026 01:34:24.585] [Server thread/DEBUG] [citadel/]: biome config: BIOME_DICT is no longer fully supported in 1.18+. They will only work for structures.
[26Jul2026 01:34:24.585] [Server thread/DEBUG] [citadel/]: biome config: BIOME_DICT is no longer fully supported in 1.18+. They will only work for structures.
[26Jul2026 01:34:24.588] [Server thread/DEBUG] [citadel/]: biome config: BIOME_DICT is no longer fully supported in 1.18+. They will only work for structures.
[26Jul2026 01:34:24.588] [Server thread/DEBUG] [citadel/]: biome config: BIOME_DICT is no longer fully supported in 1.18+. They will only work for structures.
[26Jul2026 01:34:24.588] [Server thread/DEBUG] [citadel/]: biome config: BIOME_DICT is no longer fully supported in 1.18+. They will only work for structures.
[26Jul2026 01:34:24.588] [Server thread/DEBUG] [citadel/]: biome config: BIOME_DICT is no longer fully supported in 1.18+. They will only work for structures.
[26Jul2026 01:34:24.588] [Server thread/DEBUG] [citadel/]: biome config: BIOME_DICT is no longer fully supported in 1.18+. They will only work for structures.
[26Jul2026 01:34:24.588] [Server thread/DEBUG] [citadel/]: biome config: BIOME_DICT is no longer fully supported in 1.18+. They will only work for structures.
[26Jul2026 01:34:24.588] [Server thread/DEBUG] [citadel/]: biome config: BIOME_DICT is no longer fully supported in 1.18+. They will only work for structures.
[26Jul2026 01:34:24.588] [Server thread/DEBUG] [citadel/]: biome config: BIOME_DICT is no longer fully supported in 1.18+. They will only work for structures.
[26Jul2026 01:34:24.588] [Server thread/DEBUG] [citadel/]: biome config: BIOME_DICT is no longer fully supported in 1.18+. They will only work for structures.
[26Jul2026 01:34:24.588] [Server thread/DEBUG] [citadel/]: biome config: BIOME_DICT is no longer fully supported in 1.18+. They will only work for structures.
[26Jul2026 01:34:24.588] [Server thread/DEBUG] [citadel/]: biome config: BIOME_DICT is no longer fully supported in 1.18+. They will only work for structures.
[26Jul2026 01:34:24.588] [Server thread/DEBUG] [citadel/]: biome config: BIOME_DICT is no longer fully supported in 1.18+. They will only work for structures.
[26Jul2026 01:34:24.589] [Server thread/DEBUG] [citadel/]: biome config: BIOME_DICT is no longer fully supported in 1.18+. They will only work for structures.
[26Jul2026 01:34:24.589] [Server thread/DEBUG] [citadel/]: biome config: BIOME_DICT is no longer fully supported in 1.18+. They will only work for structures.
[26Jul2026 01:34:24.589] [Server thread/DEBUG] [citadel/]: biome config: BIOME_DICT is no longer fully supported in 1.18+. They will only work for structures.
[26Jul2026 01:34:24.589] [Server thread/DEBUG] [citadel/]: biome config: BIOME_DICT is no longer fully supported in 1.18+. They will only work for structures.
[26Jul2026 01:34:24.589] [Server thread/DEBUG] [citadel/]: biome config: BIOME_DICT is no longer fully supported in 1.18+. They will only work for structures.
[26Jul2026 01:34:24.589] [Server thread/DEBUG] [citadel/]: biome config: BIOME_DICT is no longer fully supported in 1.18+. They will only work for structures.
[26Jul2026 01:34:24.589] [Server thread/DEBUG] [citadel/]: biome config: BIOME_DICT is no longer fully supported in 1.18+. They will only work for structures.
[26Jul2026 01:34:24.589] [Server thread/DEBUG] [citadel/]: biome config: BIOME_DICT is no longer fully supported in 1.18+. They will only work for structures.
[26Jul2026 01:34:24.589] [Server thread/DEBUG] [citadel/]: biome config: BIOME_DICT is no longer fully supported in 1.18+. They will only work for structures.
[26Jul2026 01:34:24.589] [Server thread/DEBUG] [citadel/]: biome config: BIOME_DICT is no longer fully supported in 1.18+. They will only work for structures.
[26Jul2026 01:34:24.589] [Server thread/DEBUG] [citadel/]: biome config: BIOME_DICT is no longer fully supported in 1.18+. They will only work for structures.
[26Jul2026 01:34:24.589] [Server thread/DEBUG] [citadel/]: biome config: BIOME_DICT is no longer fully supported in 1.18+. They will only work for structures.
[26Jul2026 01:34:24.589] [Server thread/DEBUG] [citadel/]: biome config: BIOME_DICT is no longer fully supported in 1.18+. They will only work for structures.
[26Jul2026 01:34:24.589] [Server thread/DEBUG] [citadel/]: biome config: BIOME_DICT is no longer fully supported in 1.18+. They will only work for structures.
[26Jul2026 01:34:24.589] [Server thread/DEBUG] [citadel/]: biome config: BIOME_DICT is no longer fully supported in 1.18+. They will only work for structures.
[26Jul2026 01:34:24.589] [Server thread/DEBUG] [citadel/]: biome config: BIOME_DICT is no longer fully supported in 1.18+. They will only work for structures.
[26Jul2026 01:34:24.589] [Server thread/DEBUG] [citadel/]: biome config: BIOME_DICT is no longer fully supported in 1.18+. They will only work for structures.
[26Jul2026 01:34:24.589] [Server thread/DEBUG] [citadel/]: biome config: BIOME_DICT is no longer fully supported in 1.18+. They will only work for structures.
[26Jul2026 01:34:24.589] [Server thread/DEBUG] [citadel/]: biome config: BIOME_DICT is no longer fully supported in 1.18+. They will only work for structures.
[26Jul2026 01:34:24.589] [Server thread/DEBUG] [citadel/]: biome config: BIOME_DICT is no longer fully supported in 1.18+. They will only work for structures.
[26Jul2026 01:34:24.589] [Server thread/DEBUG] [citadel/]: biome config: BIOME_DICT is no longer fully supported in 1.18+. They will only work for structures.
[26Jul2026 01:34:24.590] [Server thread/DEBUG] [citadel/]: biome config: BIOME_DICT is no longer fully supported in 1.18+. They will only work for structures.
[26Jul2026 01:34:24.590] [Server thread/DEBUG] [citadel/]: biome config: BIOME_DICT is no longer fully supported in 1.18+. They will only work for structures.
[26Jul2026 01:34:24.590] [Server thread/DEBUG] [citadel/]: biome config: BIOME_DICT is no longer fully supported in 1.18+. They will only work for structures.
[26Jul2026 01:34:24.595] [Server thread/DEBUG] [citadel/]: biome config: BIOME_DICT is no longer fully supported in 1.18+. They will only work for structures.
[26Jul2026 01:34:24.595] [Server thread/DEBUG] [citadel/]: biome config: BIOME_DICT is no longer fully supported in 1.18+. They will only work for structures.
[26Jul2026 01:34:24.595] [Server thread/DEBUG] [citadel/]: biome config: BIOME_DICT is no longer fully supported in 1.18+. They will only work for structures.
[26Jul2026 01:34:24.595] [Server thread/DEBUG] [citadel/]: biome config: BIOME_DICT is no longer fully supported in 1.18+. They will only work for structures.
[26Jul2026 01:34:24.595] [Server thread/DEBUG] [citadel/]: biome config: BIOME_DICT is no longer fully supported in 1.18+. They will only work for structures.
[26Jul2026 01:34:24.595] [Server thread/DEBUG] [citadel/]: biome config: BIOME_DICT is no longer fully supported in 1.18+. They will only work for structures.
[26Jul2026 01:34:24.595] [Server thread/DEBUG] [citadel/]: biome config: BIOME_DICT is no longer fully supported in 1.18+. They will only work for structures.
[26Jul2026 01:34:24.595] [Server thread/DEBUG] [citadel/]: biome config: BIOME_DICT is no longer fully supported in 1.18+. They will only work for structures.
[26Jul2026 01:34:24.595] [Server thread/DEBUG] [citadel/]: biome config: BIOME_DICT is no longer fully supported in 1.18+. They will only work for structures.
[26Jul2026 01:34:24.595] [Server thread/DEBUG] [citadel/]: biome config: BIOME_DICT is no longer fully supported in 1.18+. They will only work for structures.
[26Jul2026 01:34:24.595] [Server thread/DEBUG] [citadel/]: biome config: BIOME_DICT is no longer fully supported in 1.18+. They will only work for structures.
[26Jul2026 01:34:24.595] [Server thread/DEBUG] [citadel/]: biome config: BIOME_DICT is no longer fully supported in 1.18+. They will only work for structures.
[26Jul2026 01:34:24.595] [Server thread/DEBUG] [citadel/]: biome config: BIOME_DICT is no longer fully supported in 1.18+. They will only work for structures.
[26Jul2026 01:34:24.596] [Server thread/DEBUG] [citadel/]: biome config: BIOME_DICT is no longer fully supported in 1.18+. They will only work for structures.
[26Jul2026 01:34:24.596] [Server thread/DEBUG] [citadel/]: biome config: BIOME_DICT is no longer fully supported in 1.18+. They will only work for structures.
[26Jul2026 01:34:24.596] [Server thread/DEBUG] [citadel/]: biome config: BIOME_DICT is no longer fully supported in 1.18+. They will only work for structures.
[26Jul2026 01:34:24.596] [Server thread/DEBUG] [citadel/]: biome config: BIOME_DICT is no longer fully supported in 1.18+. They will only work for structures.
[26Jul2026 01:34:24.596] [Server thread/DEBUG] [citadel/]: biome config: BIOME_DICT is no longer fully supported in 1.18+. They will only work for structures.
[26Jul2026 01:34:24.596] [Server thread/DEBUG] [citadel/]: biome config: BIOME_DICT is no longer fully supported in 1.18+. They will only work for structures.
[26Jul2026 01:34:24.596] [Server thread/DEBUG] [citadel/]: biome config: BIOME_DICT is no longer fully supported in 1.18+. They will only work for structures.
[26Jul2026 01:34:24.596] [Server thread/DEBUG] [citadel/]: biome config: BIOME_DICT is no longer fully supported in 1.18+. They will only work for structures.
[26Jul2026 01:34:24.596] [Server thread/DEBUG] [citadel/]: biome config: BIOME_DICT is no longer fully supported in 1.18+. They will only work for structures.
[26Jul2026 01:34:24.596] [Server thread/DEBUG] [citadel/]: biome config: BIOME_DICT is no longer fully supported in 1.18+. They will only work for structures.
[26Jul2026 01:34:24.596] [Server thread/DEBUG] [citadel/]: biome config: BIOME_DICT is no longer fully supported in 1.18+. They will only work for structures.
[26Jul2026 01:34:24.596] [Server thread/DEBUG] [citadel/]: biome config: BIOME_DICT is no longer fully supported in 1.18+. They will only work for structures.
[26Jul2026 01:34:24.596] [Server thread/DEBUG] [citadel/]: biome config: BIOME_DICT is no longer fully supported in 1.18+. They will only work for structures.
[26Jul2026 01:34:24.596] [Server thread/DEBUG] [citadel/]: biome config: BIOME_DICT is no longer fully supported in 1.18+. They will only work for structures.
[26Jul2026 01:34:24.596] [Server thread/DEBUG] [citadel/]: biome config: BIOME_DICT is no longer fully supported in 1.18+. They will only work for structures.
[26Jul2026 01:34:24.596] [Server thread/DEBUG] [citadel/]: biome config: BIOME_DICT is no longer fully supported in 1.18+. They will only work for structures.
[26Jul2026 01:34:24.596] [Server thread/DEBUG] [citadel/]: biome config: BIOME_DICT is no longer fully supported in 1.18+. They will only work for structures.
[26Jul2026 01:34:24.596] [Server thread/DEBUG] [citadel/]: biome config: BIOME_DICT is no longer fully supported in 1.18+. They will only work for structures.
[26Jul2026 01:34:24.596] [Server thread/DEBUG] [citadel/]: biome config: BIOME_DICT is no longer fully supported in 1.18+. They will only work for structures.
[26Jul2026 01:34:24.596] [Server thread/DEBUG] [citadel/]: biome config: BIOME_DICT is no longer fully supported in 1.18+. They will only work for structures.
[26Jul2026 01:34:24.596] [Server thread/DEBUG] [citadel/]: biome config: BIOME_DICT is no longer fully supported in 1.18+. They will only work for structures.
[26Jul2026 01:34:24.596] [Server thread/DEBUG] [citadel/]: biome config: BIOME_DICT is no longer fully supported in 1.18+. They will only work for structures.
[26Jul2026 01:34:24.596] [Server thread/DEBUG] [citadel/]: biome config: BIOME_DICT is no longer fully supported in 1.18+. They will only work for structures.
[26Jul2026 01:34:24.596] [Server thread/DEBUG] [citadel/]: biome config: BIOME_DICT is no longer fully supported in 1.18+. They will only work for structures.
[26Jul2026 01:34:24.596] [Server thread/DEBUG] [citadel/]: biome config: BIOME_DICT is no longer fully supported in 1.18+. They will only work for structures.
[26Jul2026 01:34:24.597] [Server thread/DEBUG] [citadel/]: biome config: BIOME_DICT is no longer fully supported in 1.18+. They will only work for structures.
[26Jul2026 01:34:24.597] [Server thread/DEBUG] [citadel/]: biome config: BIOME_DICT is no longer fully supported in 1.18+. They will only work for structures.
[26Jul2026 01:34:24.597] [Server thread/DEBUG] [citadel/]: biome config: BIOME_DICT is no longer fully supported in 1.18+. They will only work for structures.
[26Jul2026 01:34:24.597] [Server thread/DEBUG] [citadel/]: biome config: BIOME_DICT is no longer fully supported in 1.18+. They will only work for structures.
[26Jul2026 01:34:24.597] [Server thread/DEBUG] [citadel/]: biome config: BIOME_DICT is no longer fully supported in 1.18+. They will only work for structures.
[26Jul2026 01:34:24.597] [Server thread/DEBUG] [citadel/]: biome config: BIOME_DICT is no longer fully supported in 1.18+. They will only work for structures.
[26Jul2026 01:34:24.597] [Server thread/DEBUG] [citadel/]: biome config: BIOME_DICT is no longer fully supported in 1.18+. They will only work for structures.
[26Jul2026 01:34:24.597] [Server thread/DEBUG] [citadel/]: biome config: BIOME_DICT is no longer fully supported in 1.18+. They will only work for structures.
[26Jul2026 01:34:24.597] [Server thread/DEBUG] [citadel/]: biome config: BIOME_DICT is no longer fully supported in 1.18+. They will only work for structures.
[26Jul2026 01:34:24.597] [Server thread/DEBUG] [citadel/]: biome config: BIOME_DICT is no longer fully supported in 1.18+. They will only work for structures.
[26Jul2026 01:34:24.597] [Server thread/DEBUG] [citadel/]: biome config: BIOME_DICT is no longer fully supported in 1.18+. They will only work for structures.
[26Jul2026 01:34:24.597] [Server thread/DEBUG] [citadel/]: biome config: BIOME_DICT is no longer fully supported in 1.18+. They will only work for structures.
[26Jul2026 01:34:24.597] [Server thread/DEBUG] [citadel/]: biome config: BIOME_DICT is no longer fully supported in 1.18+. They will only work for structures.
[26Jul2026 01:34:24.597] [Server thread/DEBUG] [citadel/]: biome config: BIOME_DICT is no longer fully supported in 1.18+. They will only work for structures.
[26Jul2026 01:34:24.597] [Server thread/DEBUG] [citadel/]: biome config: BIOME_DICT is no longer fully supported in 1.18+. They will only work for structures.
[26Jul2026 01:34:24.597] [Server thread/DEBUG] [citadel/]: biome config: BIOME_DICT is no longer fully supported in 1.18+. They will only work for structures.
[26Jul2026 01:34:24.597] [Server thread/DEBUG] [citadel/]: biome config: BIOME_DICT is no longer fully supported in 1.18+. They will only work for structures.
[26Jul2026 01:34:24.597] [Server thread/DEBUG] [citadel/]: biome config: BIOME_DICT is no longer fully supported in 1.18+. They will only work for structures.
[26Jul2026 01:34:24.597] [Server thread/DEBUG] [citadel/]: biome config: BIOME_DICT is no longer fully supported in 1.18+. They will only work for structures.
[26Jul2026 01:34:24.597] [Server thread/DEBUG] [citadel/]: biome config: BIOME_DICT is no longer fully supported in 1.18+. They will only work for structures.
[26Jul2026 01:34:24.597] [Server thread/DEBUG] [citadel/]: biome config: BIOME_DICT is no longer fully supported in 1.18+. They will only work for structures.
[26Jul2026 01:34:24.597] [Server thread/DEBUG] [citadel/]: biome config: BIOME_DICT is no longer fully supported in 1.18+. They will only work for structures.
[26Jul2026 01:34:24.597] [Server thread/DEBUG] [citadel/]: biome config: BIOME_DICT is no longer fully supported in 1.18+. They will only work for structures.
[26Jul2026 01:34:24.597] [Server thread/DEBUG] [citadel/]: biome config: BIOME_DICT is no longer fully supported in 1.18+. They will only work for structures.
[26Jul2026 01:34:24.597] [Server thread/DEBUG] [citadel/]: biome config: BIOME_DICT is no longer fully supported in 1.18+. They will only work for structures.
[26Jul2026 01:34:24.597] [Server thread/DEBUG] [citadel/]: biome config: BIOME_DICT is no longer fully supported in 1.18+. They will only work for structures.
[26Jul2026 01:34:24.597] [Server thread/DEBUG] [citadel/]: biome config: BIOME_DICT is no longer fully supported in 1.18+. They will only work for structures.
[26Jul2026 01:34:24.598] [Server thread/DEBUG] [citadel/]: biome config: BIOME_DICT is no longer fully supported in 1.18+. They will only work for structures.
[26Jul2026 01:34:24.598] [Server thread/DEBUG] [citadel/]: biome config: BIOME_DICT is no longer fully supported in 1.18+. They will only work for structures.
[26Jul2026 01:34:24.598] [Server thread/DEBUG] [citadel/]: biome config: BIOME_DICT is no longer fully supported in 1.18+. They will only work for structures.
[26Jul2026 01:34:24.598] [Server thread/DEBUG] [citadel/]: biome config: BIOME_DICT is no longer fully supported in 1.18+. They will only work for structures.
[26Jul2026 01:34:24.598] [Server thread/DEBUG] [citadel/]: biome config: BIOME_DICT is no longer fully supported in 1.18+. They will only work for structures.
[26Jul2026 01:34:24.598] [Server thread/DEBUG] [citadel/]: biome config: BIOME_DICT is no longer fully supported in 1.18+. They will only work for structures.
[26Jul2026 01:34:24.598] [Server thread/DEBUG] [citadel/]: biome config: BIOME_DICT is no longer fully supported in 1.18+. They will only work for structures.
[26Jul2026 01:34:24.598] [Server thread/DEBUG] [citadel/]: biome config: BIOME_DICT is no longer fully supported in 1.18+. They will only work for structures.
[26Jul2026 01:34:24.598] [Server thread/DEBUG] [citadel/]: biome config: BIOME_DICT is no longer fully supported in 1.18+. They will only work for structures.
[26Jul2026 01:34:24.598] [Server thread/DEBUG] [citadel/]: biome config: BIOME_DICT is no longer fully supported in 1.18+. They will only work for structures.
[26Jul2026 01:34:24.598] [Server thread/DEBUG] [citadel/]: biome config: BIOME_DICT is no longer fully supported in 1.18+. They will only work for structures.
[26Jul2026 01:34:24.598] [Server thread/DEBUG] [citadel/]: biome config: BIOME_DICT is no longer fully supported in 1.18+. They will only work for structures.
[26Jul2026 01:34:24.598] [Server thread/DEBUG] [citadel/]: biome config: BIOME_DICT is no longer fully supported in 1.18+. They will only work for structures.
[26Jul2026 01:34:24.598] [Server thread/DEBUG] [citadel/]: biome config: BIOME_DICT is no longer fully supported in 1.18+. They will only work for structures.
[26Jul2026 01:34:24.598] [Server thread/DEBUG] [citadel/]: biome config: BIOME_DICT is no longer fully supported in 1.18+. They will only work for structures.
[26Jul2026 01:34:24.601] [Server thread/DEBUG] [citadel/]: biome config: BIOME_DICT is no longer fully supported in 1.18+. They will only work for structures.
[26Jul2026 01:34:24.601] [Server thread/DEBUG] [citadel/]: biome config: BIOME_DICT is no longer fully supported in 1.18+. They will only work for structures.
[26Jul2026 01:34:24.601] [Server thread/DEBUG] [citadel/]: biome config: BIOME_DICT is no longer fully supported in 1.18+. They will only work for structures.
[26Jul2026 01:34:24.601] [Server thread/DEBUG] [citadel/]: biome config: BIOME_DICT is no longer fully supported in 1.18+. They will only work for structures.
[26Jul2026 01:34:24.601] [Server thread/DEBUG] [citadel/]: biome config: BIOME_DICT is no longer fully supported in 1.18+. They will only work for structures.
[26Jul2026 01:34:24.601] [Server thread/DEBUG] [citadel/]: biome config: BIOME_DICT is no longer fully supported in 1.18+. They will only work for structures.
[26Jul2026 01:34:24.601] [Server thread/DEBUG] [citadel/]: biome config: BIOME_DICT is no longer fully supported in 1.18+. They will only work for structures.
[26Jul2026 01:34:24.601] [Server thread/DEBUG] [citadel/]: biome config: BIOME_DICT is no longer fully supported in 1.18+. They will only work for structures.
[26Jul2026 01:34:24.601] [Server thread/DEBUG] [citadel/]: biome config: BIOME_DICT is no longer fully supported in 1.18+. They will only work for structures.
[26Jul2026 01:34:24.601] [Server thread/DEBUG] [citadel/]: biome config: BIOME_DICT is no longer fully supported in 1.18+. They will only work for structures.
[26Jul2026 01:34:24.601] [Server thread/DEBUG] [citadel/]: biome config: BIOME_DICT is no longer fully supported in 1.18+. They will only work for structures.
[26Jul2026 01:34:24.601] [Server thread/DEBUG] [citadel/]: biome config: BIOME_DICT is no longer fully supported in 1.18+. They will only work for structures.
[26Jul2026 01:34:24.601] [Server thread/DEBUG] [citadel/]: biome config: BIOME_DICT is no longer fully supported in 1.18+. They will only work for structures.
[26Jul2026 01:34:24.601] [Server thread/DEBUG] [citadel/]: biome config: BIOME_DICT is no longer fully supported in 1.18+. They will only work for structures.
[26Jul2026 01:34:24.601] [Server thread/DEBUG] [citadel/]: biome config: BIOME_DICT is no longer fully supported in 1.18+. They will only work for structures.
[26Jul2026 01:34:24.601] [Server thread/DEBUG] [citadel/]: biome config: BIOME_DICT is no longer fully supported in 1.18+. They will only work for structures.
[26Jul2026 01:34:24.601] [Server thread/DEBUG] [citadel/]: biome config: BIOME_DICT is no longer fully supported in 1.18+. They will only work for structures.
[26Jul2026 01:34:24.602] [Server thread/DEBUG] [citadel/]: biome config: BIOME_DICT is no longer fully supported in 1.18+. They will only work for structures.
[26Jul2026 01:34:24.602] [Server thread/DEBUG] [citadel/]: biome config: BIOME_DICT is no longer fully supported in 1.18+. They will only work for structures.
[26Jul2026 01:34:24.602] [Server thread/DEBUG] [citadel/]: biome config: BIOME_DICT is no longer fully supported in 1.18+. They will only work for structures.
[26Jul2026 01:34:24.602] [Server thread/DEBUG] [citadel/]: biome config: BIOME_DICT is no longer fully supported in 1.18+. They will only work for structures.
[26Jul2026 01:34:24.602] [Server thread/DEBUG] [citadel/]: biome config: BIOME_DICT is no longer fully supported in 1.18+. They will only work for structures.
[26Jul2026 01:34:24.602] [Server thread/DEBUG] [citadel/]: biome config: BIOME_DICT is no longer fully supported in 1.18+. They will only work for structures.
[26Jul2026 01:34:24.602] [Server thread/DEBUG] [citadel/]: biome config: BIOME_DICT is no longer fully supported in 1.18+. They will only work for structures.
[26Jul2026 01:34:24.602] [Server thread/DEBUG] [citadel/]: biome config: BIOME_DICT is no longer fully supported in 1.18+. They will only work for structures.
[26Jul2026 01:34:24.602] [Server thread/DEBUG] [citadel/]: biome config: BIOME_DICT is no longer fully supported in 1.18+. They will only work for structures.
[26Jul2026 01:34:24.602] [Server thread/DEBUG] [citadel/]: biome config: BIOME_DICT is no longer fully supported in 1.18+. They will only work for structures.
[26Jul2026 01:34:24.602] [Server thread/DEBUG] [citadel/]: biome config: BIOME_DICT is no longer fully supported in 1.18+. They will only work for structures.
[26Jul2026 01:34:24.602] [Server thread/DEBUG] [citadel/]: biome config: BIOME_DICT is no longer fully supported in 1.18+. They will only work for structures.
[26Jul2026 01:34:24.602] [Server thread/DEBUG] [citadel/]: biome config: BIOME_DICT is no longer fully supported in 1.18+. They will only work for structures.
[26Jul2026 01:34:24.602] [Server thread/DEBUG] [citadel/]: biome config: BIOME_DICT is no longer fully supported in 1.18+. They will only work for structures.
[26Jul2026 01:34:24.602] [Server thread/DEBUG] [citadel/]: biome config: BIOME_DICT is no longer fully supported in 1.18+. They will only work for structures.
[26Jul2026 01:34:24.602] [Server thread/DEBUG] [citadel/]: biome config: BIOME_DICT is no longer fully supported in 1.18+. They will only work for structures.
[26Jul2026 01:34:24.602] [Server thread/DEBUG] [citadel/]: biome config: BIOME_DICT is no longer fully supported in 1.18+. They will only work for structures.
[26Jul2026 01:34:24.602] [Server thread/DEBUG] [citadel/]: biome config: BIOME_DICT is no longer fully supported in 1.18+. They will only work for structures.
[26Jul2026 01:34:24.602] [Server thread/DEBUG] [citadel/]: biome config: BIOME_DICT is no longer fully supported in 1.18+. They will only work for structures.
[26Jul2026 01:34:24.602] [Server thread/DEBUG] [citadel/]: biome config: BIOME_DICT is no longer fully supported in 1.18+. They will only work for structures.
[26Jul2026 01:34:24.602] [Server thread/DEBUG] [citadel/]: biome config: BIOME_DICT is no longer fully supported in 1.18+. They will only work for structures.
[26Jul2026 01:34:24.602] [Server thread/DEBUG] [citadel/]: biome config: BIOME_DICT is no longer fully supported in 1.18+. They will only work for structures.
[26Jul2026 01:34:24.602] [Server thread/DEBUG] [citadel/]: biome config: BIOME_DICT is no longer fully supported in 1.18+. They will only work for structures.
[26Jul2026 01:34:24.602] [Server thread/DEBUG] [citadel/]: biome config: BIOME_DICT is no longer fully supported in 1.18+. They will only work for structures.
[26Jul2026 01:34:24.602] [Server thread/DEBUG] [citadel/]: biome config: BIOME_DICT is no longer fully supported in 1.18+. They will only work for structures.
[26Jul2026 01:34:24.602] [Server thread/DEBUG] [citadel/]: biome config: BIOME_DICT is no longer fully supported in 1.18+. They will only work for structures.
[26Jul2026 01:34:24.602] [Server thread/DEBUG] [citadel/]: biome config: BIOME_DICT is no longer fully supported in 1.18+. They will only work for structures.
[26Jul2026 01:34:24.602] [Server thread/DEBUG] [citadel/]: biome config: BIOME_DICT is no longer fully supported in 1.18+. They will only work for structures.
[26Jul2026 01:34:24.603] [Server thread/DEBUG] [citadel/]: biome config: BIOME_DICT is no longer fully supported in 1.18+. They will only work for structures.
[26Jul2026 01:34:24.603] [Server thread/DEBUG] [citadel/]: biome config: BIOME_DICT is no longer fully supported in 1.18+. They will only work for structures.
[26Jul2026 01:34:24.603] [Server thread/DEBUG] [citadel/]: biome config: BIOME_DICT is no longer fully supported in 1.18+. They will only work for structures.
[26Jul2026 01:34:24.603] [Server thread/DEBUG] [citadel/]: biome config: BIOME_DICT is no longer fully supported in 1.18+. They will only work for structures.
[26Jul2026 01:34:24.603] [Server thread/DEBUG] [citadel/]: biome config: BIOME_DICT is no longer fully supported in 1.18+. They will only work for structures.
[26Jul2026 01:34:24.603] [Server thread/DEBUG] [citadel/]: biome config: BIOME_DICT is no longer fully supported in 1.18+. They will only work for structures.
[26Jul2026 01:34:24.603] [Server thread/DEBUG] [citadel/]: biome config: BIOME_DICT is no longer fully supported in 1.18+. They will only work for structures.
[26Jul2026 01:34:24.603] [Server thread/DEBUG] [citadel/]: biome config: BIOME_DICT is no longer fully supported in 1.18+. They will only work for structures.
[26Jul2026 01:34:24.603] [Server thread/DEBUG] [citadel/]: biome config: BIOME_DICT is no longer fully supported in 1.18+. They will only work for structures.
[26Jul2026 01:34:24.603] [Server thread/DEBUG] [citadel/]: biome config: BIOME_DICT is no longer fully supported in 1.18+. They will only work for structures.
[26Jul2026 01:34:24.603] [Server thread/DEBUG] [citadel/]: biome config: BIOME_DICT is no longer fully supported in 1.18+. They will only work for structures.
[26Jul2026 01:34:24.603] [Server thread/DEBUG] [citadel/]: biome config: BIOME_DICT is no longer fully supported in 1.18+. They will only work for structures.
[26Jul2026 01:34:24.603] [Server thread/DEBUG] [citadel/]: biome config: BIOME_DICT is no longer fully supported in 1.18+. They will only work for structures.
[26Jul2026 01:34:24.603] [Server thread/DEBUG] [citadel/]: biome config: BIOME_DICT is no longer fully supported in 1.18+. They will only work for structures.
[26Jul2026 01:34:24.603] [Server thread/DEBUG] [citadel/]: biome config: BIOME_DICT is no longer fully supported in 1.18+. They will only work for structures.
[26Jul2026 01:34:24.603] [Server thread/DEBUG] [citadel/]: biome config: BIOME_DICT is no longer fully supported in 1.18+. They will only work for structures.
[26Jul2026 01:34:24.603] [Server thread/DEBUG] [citadel/]: biome config: BIOME_DICT is no longer fully supported in 1.18+. They will only work for structures.
[26Jul2026 01:34:24.603] [Server thread/DEBUG] [citadel/]: biome config: BIOME_DICT is no longer fully supported in 1.18+. They will only work for structures.
[26Jul2026 01:34:24.603] [Server thread/DEBUG] [citadel/]: biome config: BIOME_DICT is no longer fully supported in 1.18+. They will only work for structures.
[26Jul2026 01:34:24.603] [Server thread/DEBUG] [citadel/]: biome config: BIOME_DICT is no longer fully supported in 1.18+. They will only work for structures.
[26Jul2026 01:34:24.603] [Server thread/DEBUG] [citadel/]: biome config: BIOME_DICT is no longer fully supported in 1.18+. They will only work for structures.
[26Jul2026 01:34:24.603] [Server thread/DEBUG] [citadel/]: biome config: BIOME_DICT is no longer fully supported in 1.18+. They will only work for structures.
[26Jul2026 01:34:24.603] [Server thread/DEBUG] [citadel/]: biome config: BIOME_DICT is no longer fully supported in 1.18+. They will only work for structures.
[26Jul2026 01:34:24.603] [Server thread/DEBUG] [citadel/]: biome config: BIOME_DICT is no longer fully supported in 1.18+. They will only work for structures.
[26Jul2026 01:34:24.603] [Server thread/DEBUG] [citadel/]: biome config: BIOME_DICT is no longer fully supported in 1.18+. They will only work for structures.
[26Jul2026 01:34:24.603] [Server thread/DEBUG] [citadel/]: biome config: BIOME_DICT is no longer fully supported in 1.18+. They will only work for structures.
[26Jul2026 01:34:24.604] [Server thread/DEBUG] [citadel/]: biome config: BIOME_DICT is no longer fully supported in 1.18+. They will only work for structures.
[26Jul2026 01:34:24.604] [Server thread/DEBUG] [citadel/]: biome config: BIOME_DICT is no longer fully supported in 1.18+. They will only work for structures.
[26Jul2026 01:34:24.604] [Server thread/DEBUG] [citadel/]: biome config: BIOME_DICT is no longer fully supported in 1.18+. They will only work for structures.
[26Jul2026 01:34:24.604] [Server thread/DEBUG] [citadel/]: biome config: BIOME_DICT is no longer fully supported in 1.18+. They will only work for structures.
[26Jul2026 01:34:24.604] [Server thread/DEBUG] [citadel/]: biome config: BIOME_DICT is no longer fully supported in 1.18+. They will only work for structures.
[26Jul2026 01:34:24.604] [Server thread/DEBUG] [citadel/]: biome config: BIOME_DICT is no longer fully supported in 1.18+. They will only work for structures.
[26Jul2026 01:34:24.604] [Server thread/DEBUG] [citadel/]: biome config: BIOME_DICT is no longer fully supported in 1.18+. They will only work for structures.
[26Jul2026 01:34:24.604] [Server thread/DEBUG] [citadel/]: biome config: BIOME_DICT is no longer fully supported in 1.18+. They will only work for structures.
[26Jul2026 01:34:24.604] [Server thread/DEBUG] [citadel/]: biome config: BIOME_DICT is no longer fully supported in 1.18+. They will only work for structures.
[26Jul2026 01:34:24.604] [Server thread/DEBUG] [citadel/]: biome config: BIOME_DICT is no longer fully supported in 1.18+. They will only work for structures.
[26Jul2026 01:34:24.604] [Server thread/DEBUG] [citadel/]: biome config: BIOME_DICT is no longer fully supported in 1.18+. They will only work for structures.
[26Jul2026 01:34:24.604] [Server thread/DEBUG] [citadel/]: biome config: BIOME_DICT is no longer fully supported in 1.18+. They will only work for structures.
[26Jul2026 01:34:24.604] [Server thread/DEBUG] [citadel/]: biome config: BIOME_DICT is no longer fully supported in 1.18+. They will only work for structures.
[26Jul2026 01:34:24.604] [Server thread/DEBUG] [citadel/]: biome config: BIOME_DICT is no longer fully supported in 1.18+. They will only work for structures.
[26Jul2026 01:34:24.604] [Server thread/DEBUG] [citadel/]: biome config: BIOME_DICT is no longer fully supported in 1.18+. They will only work for structures.
[26Jul2026 01:34:24.604] [Server thread/DEBUG] [citadel/]: biome config: BIOME_DICT is no longer fully supported in 1.18+. They will only work for structures.
[26Jul2026 01:34:24.604] [Server thread/DEBUG] [citadel/]: biome config: BIOME_DICT is no longer fully supported in 1.18+. They will only work for structures.
[26Jul2026 01:34:24.604] [Server thread/DEBUG] [citadel/]: biome config: BIOME_DICT is no longer fully supported in 1.18+. They will only work for structures.
[26Jul2026 01:34:24.604] [Server thread/DEBUG] [citadel/]: biome config: BIOME_DICT is no longer fully supported in 1.18+. They will only work for structures.
[26Jul2026 01:34:24.607] [Server thread/DEBUG] [citadel/]: biome config: BIOME_DICT is no longer fully supported in 1.18+. They will only work for structures.
[26Jul2026 01:34:24.607] [Server thread/DEBUG] [citadel/]: biome config: BIOME_DICT is no longer fully supported in 1.18+. They will only work for structures.
[26Jul2026 01:34:24.607] [Server thread/DEBUG] [citadel/]: biome config: BIOME_DICT is no longer fully supported in 1.18+. They will only work for structures.
[26Jul2026 01:34:24.607] [Server thread/DEBUG] [citadel/]: biome config: BIOME_DICT is no longer fully supported in 1.18+. They will only work for structures.
[26Jul2026 01:34:24.607] [Server thread/DEBUG] [citadel/]: biome config: BIOME_DICT is no longer fully supported in 1.18+. They will only work for structures.
[26Jul2026 01:34:24.607] [Server thread/DEBUG] [citadel/]: biome config: BIOME_DICT is no longer fully supported in 1.18+. They will only work for structures.
[26Jul2026 01:34:24.607] [Server thread/DEBUG] [citadel/]: biome config: BIOME_DICT is no longer fully supported in 1.18+. They will only work for structures.
[26Jul2026 01:34:24.607] [Server thread/DEBUG] [citadel/]: biome config: BIOME_DICT is no longer fully supported in 1.18+. They will only work for structures.
[26Jul2026 01:34:24.607] [Server thread/DEBUG] [citadel/]: biome config: BIOME_DICT is no longer fully supported in 1.18+. They will only work for structures.
[26Jul2026 01:34:24.607] [Server thread/DEBUG] [citadel/]: biome config: BIOME_DICT is no longer fully supported in 1.18+. They will only work for structures.
[26Jul2026 01:34:24.607] [Server thread/DEBUG] [citadel/]: biome config: BIOME_DICT is no longer fully supported in 1.18+. They will only work for structures.
[26Jul2026 01:34:24.607] [Server thread/DEBUG] [citadel/]: biome config: BIOME_DICT is no longer fully supported in 1.18+. They will only work for structures.
[26Jul2026 01:34:24.607] [Server thread/DEBUG] [citadel/]: biome config: BIOME_DICT is no longer fully supported in 1.18+. They will only work for structures.
[26Jul2026 01:34:24.607] [Server thread/DEBUG] [citadel/]: biome config: BIOME_DICT is no longer fully supported in 1.18+. They will only work for structures.
[26Jul2026 01:34:24.607] [Server thread/DEBUG] [citadel/]: biome config: BIOME_DICT is no longer fully supported in 1.18+. They will only work for structures.
[26Jul2026 01:34:24.607] [Server thread/DEBUG] [citadel/]: biome config: BIOME_DICT is no longer fully supported in 1.18+. They will only work for structures.
[26Jul2026 01:34:24.608] [Server thread/DEBUG] [citadel/]: biome config: BIOME_DICT is no longer fully supported in 1.18+. They will only work for structures.
[26Jul2026 01:34:24.608] [Server thread/DEBUG] [citadel/]: biome config: BIOME_DICT is no longer fully supported in 1.18+. They will only work for structures.
[26Jul2026 01:34:24.608] [Server thread/DEBUG] [citadel/]: biome config: BIOME_DICT is no longer fully supported in 1.18+. They will only work for structures.
[26Jul2026 01:34:24.608] [Server thread/DEBUG] [citadel/]: biome config: BIOME_DICT is no longer fully supported in 1.18+. They will only work for structures.
[26Jul2026 01:34:24.608] [Server thread/DEBUG] [citadel/]: biome config: BIOME_DICT is no longer fully supported in 1.18+. They will only work for structures.
[26Jul2026 01:34:24.608] [Server thread/DEBUG] [citadel/]: biome config: BIOME_DICT is no longer fully supported in 1.18+. They will only work for structures.
[26Jul2026 01:34:24.608] [Server thread/DEBUG] [citadel/]: biome config: BIOME_DICT is no longer fully supported in 1.18+. They will only work for structures.
[26Jul2026 01:34:24.608] [Server thread/DEBUG] [citadel/]: biome config: BIOME_DICT is no longer fully supported in 1.18+. They will only work for structures.
[26Jul2026 01:34:24.608] [Server thread/DEBUG] [citadel/]: biome config: BIOME_DICT is no longer fully supported in 1.18+. They will only work for structures.
[26Jul2026 01:34:24.608] [Server thread/DEBUG] [citadel/]: biome config: BIOME_DICT is no longer fully supported in 1.18+. They will only work for structures.
[26Jul2026 01:34:24.608] [Server thread/DEBUG] [citadel/]: biome config: BIOME_DICT is no longer fully supported in 1.18+. They will only work for structures.
[26Jul2026 01:34:24.608] [Server thread/DEBUG] [citadel/]: biome config: BIOME_DICT is no longer fully supported in 1.18+. They will only work for structures.
[26Jul2026 01:34:24.608] [Server thread/DEBUG] [citadel/]: biome config: BIOME_DICT is no longer fully supported in 1.18+. They will only work for structures.
[26Jul2026 01:34:24.608] [Server thread/DEBUG] [citadel/]: biome config: BIOME_DICT is no longer fully supported in 1.18+. They will only work for structures.
[26Jul2026 01:34:24.608] [Server thread/DEBUG] [citadel/]: biome config: BIOME_DICT is no longer fully supported in 1.18+. They will only work for structures.
[26Jul2026 01:34:24.608] [Server thread/DEBUG] [citadel/]: biome config: BIOME_DICT is no longer fully supported in 1.18+. They will only work for structures.
[26Jul2026 01:34:24.608] [Server thread/DEBUG] [citadel/]: biome config: BIOME_DICT is no longer fully supported in 1.18+. They will only work for structures.
[26Jul2026 01:34:24.608] [Server thread/DEBUG] [citadel/]: biome config: BIOME_DICT is no longer fully supported in 1.18+. They will only work for structures.
[26Jul2026 01:34:24.608] [Server thread/DEBUG] [citadel/]: biome config: BIOME_DICT is no longer fully supported in 1.18+. They will only work for structures.
[26Jul2026 01:34:24.608] [Server thread/DEBUG] [citadel/]: biome config: BIOME_DICT is no longer fully supported in 1.18+. They will only work for structures.
[26Jul2026 01:34:24.608] [Server thread/DEBUG] [citadel/]: biome config: BIOME_DICT is no longer fully supported in 1.18+. They will only work for structures.
[26Jul2026 01:34:24.608] [Server thread/DEBUG] [citadel/]: biome config: BIOME_DICT is no longer fully supported in 1.18+. They will only work for structures.
[26Jul2026 01:34:24.608] [Server thread/DEBUG] [citadel/]: biome config: BIOME_DICT is no longer fully supported in 1.18+. They will only work for structures.
[26Jul2026 01:34:24.608] [Server thread/DEBUG] [citadel/]: biome config: BIOME_DICT is no longer fully supported in 1.18+. They will only work for structures.
[26Jul2026 01:34:24.608] [Server thread/DEBUG] [citadel/]: biome config: BIOME_DICT is no longer fully supported in 1.18+. They will only work for structures.
[26Jul2026 01:34:24.608] [Server thread/DEBUG] [citadel/]: biome config: BIOME_DICT is no longer fully supported in 1.18+. They will only work for structures.
[26Jul2026 01:34:24.609] [Server thread/DEBUG] [citadel/]: biome config: BIOME_DICT is no longer fully supported in 1.18+. They will only work for structures.
[26Jul2026 01:34:24.609] [Server thread/DEBUG] [citadel/]: biome config: BIOME_DICT is no longer fully supported in 1.18+. They will only work for structures.
[26Jul2026 01:34:24.609] [Server thread/DEBUG] [citadel/]: biome config: BIOME_DICT is no longer fully supported in 1.18+. They will only work for structures.
[26Jul2026 01:34:24.609] [Server thread/DEBUG] [citadel/]: biome config: BIOME_DICT is no longer fully supported in 1.18+. They will only work for structures.
[26Jul2026 01:34:24.609] [Server thread/DEBUG] [citadel/]: biome config: BIOME_DICT is no longer fully supported in 1.18+. They will only work for structures.
[26Jul2026 01:34:24.609] [Server thread/DEBUG] [citadel/]: biome config: BIOME_DICT is no longer fully supported in 1.18+. They will only work for structures.
[26Jul2026 01:34:24.609] [Server thread/DEBUG] [citadel/]: biome config: BIOME_DICT is no longer fully supported in 1.18+. They will only work for structures.
[26Jul2026 01:34:24.609] [Server thread/DEBUG] [citadel/]: biome config: BIOME_DICT is no longer fully supported in 1.18+. They will only work for structures.
[26Jul2026 01:34:24.609] [Server thread/DEBUG] [citadel/]: biome config: BIOME_DICT is no longer fully supported in 1.18+. They will only work for structures.
[26Jul2026 01:34:24.609] [Server thread/DEBUG] [citadel/]: biome config: BIOME_DICT is no longer fully supported in 1.18+. They will only work for structures.
[26Jul2026 01:34:24.609] [Server thread/DEBUG] [citadel/]: biome config: BIOME_DICT is no longer fully supported in 1.18+. They will only work for structures.
[26Jul2026 01:34:24.609] [Server thread/DEBUG] [citadel/]: biome config: BIOME_DICT is no longer fully supported in 1.18+. They will only work for structures.
[26Jul2026 01:34:24.609] [Server thread/DEBUG] [citadel/]: biome config: BIOME_DICT is no longer fully supported in 1.18+. They will only work for structures.
[26Jul2026 01:34:24.609] [Server thread/DEBUG] [citadel/]: biome config: BIOME_DICT is no longer fully supported in 1.18+. They will only work for structures.
[26Jul2026 01:34:24.609] [Server thread/DEBUG] [citadel/]: biome config: BIOME_DICT is no longer fully supported in 1.18+. They will only work for structures.
[26Jul2026 01:34:24.609] [Server thread/DEBUG] [citadel/]: biome config: BIOME_DICT is no longer fully supported in 1.18+. They will only work for structures.
[26Jul2026 01:34:24.609] [Server thread/DEBUG] [citadel/]: biome config: BIOME_DICT is no longer fully supported in 1.18+. They will only work for structures.
[26Jul2026 01:34:24.609] [Server thread/DEBUG] [citadel/]: biome config: BIOME_DICT is no longer fully supported in 1.18+. They will only work for structures.
[26Jul2026 01:34:24.609] [Server thread/DEBUG] [citadel/]: biome config: BIOME_DICT is no longer fully supported in 1.18+. They will only work for structures.
[26Jul2026 01:34:24.609] [Server thread/DEBUG] [citadel/]: biome config: BIOME_DICT is no longer fully supported in 1.18+. They will only work for structures.
[26Jul2026 01:34:24.609] [Server thread/DEBUG] [citadel/]: biome config: BIOME_DICT is no longer fully supported in 1.18+. They will only work for structures.
[26Jul2026 01:34:24.609] [Server thread/DEBUG] [citadel/]: biome config: BIOME_DICT is no longer fully supported in 1.18+. They will only work for structures.
[26Jul2026 01:34:24.609] [Server thread/DEBUG] [citadel/]: biome config: BIOME_DICT is no longer fully supported in 1.18+. They will only work for structures.
[26Jul2026 01:34:24.609] [Server thread/DEBUG] [citadel/]: biome config: BIOME_DICT is no longer fully supported in 1.18+. They will only work for structures.
[26Jul2026 01:34:24.609] [Server thread/DEBUG] [citadel/]: biome config: BIOME_DICT is no longer fully supported in 1.18+. They will only work for structures.
[26Jul2026 01:34:24.609] [Server thread/DEBUG] [citadel/]: biome config: BIOME_DICT is no longer fully supported in 1.18+. They will only work for structures.
[26Jul2026 01:34:24.610] [Server thread/DEBUG] [citadel/]: biome config: BIOME_DICT is no longer fully supported in 1.18+. They will only work for structures.
[26Jul2026 01:34:24.610] [Server thread/DEBUG] [citadel/]: biome config: BIOME_DICT is no longer fully supported in 1.18+. They will only work for structures.
[26Jul2026 01:34:24.610] [Server thread/DEBUG] [citadel/]: biome config: BIOME_DICT is no longer fully supported in 1.18+. They will only work for structures.
[26Jul2026 01:34:24.610] [Server thread/DEBUG] [citadel/]: biome config: BIOME_DICT is no longer fully supported in 1.18+. They will only work for structures.
[26Jul2026 01:34:24.610] [Server thread/DEBUG] [citadel/]: biome config: BIOME_DICT is no longer fully supported in 1.18+. They will only work for structures.
[26Jul2026 01:34:24.610] [Server thread/DEBUG] [citadel/]: biome config: BIOME_DICT is no longer fully supported in 1.18+. They will only work for structures.
[26Jul2026 01:34:24.610] [Server thread/DEBUG] [citadel/]: biome config: BIOME_DICT is no longer fully supported in 1.18+. They will only work for structures.
[26Jul2026 01:34:24.610] [Server thread/DEBUG] [citadel/]: biome config: BIOME_DICT is no longer fully supported in 1.18+. They will only work for structures.
[26Jul2026 01:34:24.610] [Server thread/DEBUG] [citadel/]: biome config: BIOME_DICT is no longer fully supported in 1.18+. They will only work for structures.
[26Jul2026 01:34:24.610] [Server thread/DEBUG] [citadel/]: biome config: BIOME_DICT is no longer fully supported in 1.18+. They will only work for structures.
[26Jul2026 01:34:24.610] [Server thread/DEBUG] [citadel/]: biome config: BIOME_DICT is no longer fully supported in 1.18+. They will only work for structures.
[26Jul2026 01:34:24.610] [Server thread/DEBUG] [citadel/]: biome config: BIOME_DICT is no longer fully supported in 1.18+. They will only work for structures.
[26Jul2026 01:34:24.610] [Server thread/DEBUG] [citadel/]: biome config: BIOME_DICT is no longer fully supported in 1.18+. They will only work for structures.
[26Jul2026 01:34:24.610] [Server thread/DEBUG] [citadel/]: biome config: BIOME_DICT is no longer fully supported in 1.18+. They will only work for structures.
[26Jul2026 01:34:24.610] [Server thread/DEBUG] [citadel/]: biome config: BIOME_DICT is no longer fully supported in 1.18+. They will only work for structures.
[26Jul2026 01:34:24.610] [Server thread/DEBUG] [citadel/]: biome config: BIOME_DICT is no longer fully supported in 1.18+. They will only work for structures.
[26Jul2026 01:34:24.610] [Server thread/DEBUG] [citadel/]: biome config: BIOME_DICT is no longer fully supported in 1.18+. They will only work for structures.
[26Jul2026 01:34:24.610] [Server thread/DEBUG] [citadel/]: biome config: BIOME_DICT is no longer fully supported in 1.18+. They will only work for structures.
[26Jul2026 01:34:24.610] [Server thread/DEBUG] [citadel/]: biome config: BIOME_DICT is no longer fully supported in 1.18+. They will only work for structures.
[26Jul2026 01:34:24.610] [Server thread/DEBUG] [citadel/]: biome config: BIOME_DICT is no longer fully supported in 1.18+. They will only work for structures.
[26Jul2026 01:34:24.610] [Server thread/DEBUG] [citadel/]: biome config: BIOME_DICT is no longer fully supported in 1.18+. They will only work for structures.
[26Jul2026 01:34:24.610] [Server thread/DEBUG] [citadel/]: biome config: BIOME_DICT is no longer fully supported in 1.18+. They will only work for structures.
[26Jul2026 01:34:24.610] [Server thread/DEBUG] [citadel/]: biome config: BIOME_DICT is no longer fully supported in 1.18+. They will only work for structures.
[26Jul2026 01:34:24.610] [Server thread/DEBUG] [citadel/]: biome config: BIOME_DICT is no longer fully supported in 1.18+. They will only work for structures.
[26Jul2026 01:34:24.610] [Server thread/DEBUG] [citadel/]: biome config: BIOME_DICT is no longer fully supported in 1.18+. They will only work for structures.
[26Jul2026 01:34:24.610] [Server thread/DEBUG] [citadel/]: biome config: BIOME_DICT is no longer fully supported in 1.18+. They will only work for structures.
[26Jul2026 01:34:24.610] [Server thread/DEBUG] [citadel/]: biome config: BIOME_DICT is no longer fully supported in 1.18+. They will only work for structures.
[26Jul2026 01:34:24.610] [Server thread/DEBUG] [citadel/]: biome config: BIOME_DICT is no longer fully supported in 1.18+. They will only work for structures.
[26Jul2026 01:34:24.610] [Server thread/DEBUG] [citadel/]: biome config: BIOME_DICT is no longer fully supported in 1.18+. They will only work for structures.
[26Jul2026 01:34:24.610] [Server thread/DEBUG] [citadel/]: biome config: BIOME_DICT is no longer fully supported in 1.18+. They will only work for structures.
[26Jul2026 01:34:24.610] [Server thread/DEBUG] [citadel/]: biome config: BIOME_DICT is no longer fully supported in 1.18+. They will only work for structures.
[26Jul2026 01:34:24.610] [Server thread/DEBUG] [citadel/]: biome config: BIOME_DICT is no longer fully supported in 1.18+. They will only work for structures.
[26Jul2026 01:34:24.610] [Server thread/DEBUG] [citadel/]: biome config: BIOME_DICT is no longer fully supported in 1.18+. They will only work for structures.
[26Jul2026 01:34:24.611] [Server thread/DEBUG] [citadel/]: biome config: BIOME_DICT is no longer fully supported in 1.18+. They will only work for structures.
[26Jul2026 01:34:24.611] [Server thread/DEBUG] [citadel/]: biome config: BIOME_DICT is no longer fully supported in 1.18+. They will only work for structures.
[26Jul2026 01:34:24.611] [Server thread/DEBUG] [citadel/]: biome config: BIOME_DICT is no longer fully supported in 1.18+. They will only work for structures.
[26Jul2026 01:34:24.611] [Server thread/DEBUG] [citadel/]: biome config: BIOME_DICT is no longer fully supported in 1.18+. They will only work for structures.
[26Jul2026 01:34:24.611] [Server thread/DEBUG] [citadel/]: biome config: BIOME_DICT is no longer fully supported in 1.18+. They will only work for structures.
[26Jul2026 01:34:24.611] [Server thread/DEBUG] [citadel/]: biome config: BIOME_DICT is no longer fully supported in 1.18+. They will only work for structures.
[26Jul2026 01:34:24.611] [Server thread/DEBUG] [citadel/]: biome config: BIOME_DICT is no longer fully supported in 1.18+. They will only work for structures.
[26Jul2026 01:34:24.611] [Server thread/DEBUG] [citadel/]: biome config: BIOME_DICT is no longer fully supported in 1.18+. They will only work for structures.
[26Jul2026 01:34:24.611] [Server thread/DEBUG] [citadel/]: biome config: BIOME_DICT is no longer fully supported in 1.18+. They will only work for structures.
[26Jul2026 01:34:24.611] [Server thread/DEBUG] [citadel/]: biome config: BIOME_DICT is no longer fully supported in 1.18+. They will only work for structures.
[26Jul2026 01:34:24.614] [Server thread/DEBUG] [citadel/]: biome config: BIOME_DICT is no longer fully supported in 1.18+. They will only work for structures.
[26Jul2026 01:34:24.614] [Server thread/DEBUG] [citadel/]: biome config: BIOME_DICT is no longer fully supported in 1.18+. They will only work for structures.
[26Jul2026 01:34:24.614] [Server thread/DEBUG] [citadel/]: biome config: BIOME_DICT is no longer fully supported in 1.18+. They will only work for structures.
[26Jul2026 01:34:24.614] [Server thread/DEBUG] [citadel/]: biome config: BIOME_DICT is no longer fully supported in 1.18+. They will only work for structures.
[26Jul2026 01:34:24.614] [Server thread/DEBUG] [citadel/]: biome config: BIOME_DICT is no longer fully supported in 1.18+. They will only work for structures.
[26Jul2026 01:34:24.614] [Server thread/DEBUG] [citadel/]: biome config: BIOME_DICT is no longer fully supported in 1.18+. They will only work for structures.
[26Jul2026 01:34:24.614] [Server thread/DEBUG] [citadel/]: biome config: BIOME_DICT is no longer fully supported in 1.18+. They will only work for structures.
[26Jul2026 01:34:24.614] [Server thread/DEBUG] [citadel/]: biome config: BIOME_DICT is no longer fully supported in 1.18+. They will only work for structures.
[26Jul2026 01:34:24.614] [Server thread/DEBUG] [citadel/]: biome config: BIOME_DICT is no longer fully supported in 1.18+. They will only work for structures.
[26Jul2026 01:34:24.614] [Server thread/DEBUG] [citadel/]: biome config: BIOME_DICT is no longer fully supported in 1.18+. They will only work for structures.
[26Jul2026 01:34:24.614] [Server thread/DEBUG] [citadel/]: biome config: BIOME_DICT is no longer fully supported in 1.18+. They will only work for structures.
[26Jul2026 01:34:24.614] [Server thread/DEBUG] [citadel/]: biome config: BIOME_DICT is no longer fully supported in 1.18+. They will only work for structures.
[26Jul2026 01:34:24.614] [Server thread/DEBUG] [citadel/]: biome config: BIOME_DICT is no longer fully supported in 1.18+. They will only work for structures.
[26Jul2026 01:34:24.614] [Server thread/DEBUG] [citadel/]: biome config: BIOME_DICT is no longer fully supported in 1.18+. They will only work for structures.
[26Jul2026 01:34:24.614] [Server thread/DEBUG] [citadel/]: biome config: BIOME_DICT is no longer fully supported in 1.18+. They will only work for structures.
[26Jul2026 01:34:24.614] [Server thread/DEBUG] [citadel/]: biome config: BIOME_DICT is no longer fully supported in 1.18+. They will only work for structures.
[26Jul2026 01:34:24.614] [Server thread/DEBUG] [citadel/]: biome config: BIOME_DICT is no longer fully supported in 1.18+. They will only work for structures.
[26Jul2026 01:34:24.614] [Server thread/DEBUG] [citadel/]: biome config: BIOME_DICT is no longer fully supported in 1.18+. They will only work for structures.
[26Jul2026 01:34:24.615] [Server thread/DEBUG] [citadel/]: biome config: BIOME_DICT is no longer fully supported in 1.18+. They will only work for structures.
[26Jul2026 01:34:24.615] [Server thread/DEBUG] [citadel/]: biome config: BIOME_DICT is no longer fully supported in 1.18+. They will only work for structures.
[26Jul2026 01:34:24.615] [Server thread/DEBUG] [citadel/]: biome config: BIOME_DICT is no longer fully supported in 1.18+. They will only work for structures.
[26Jul2026 01:34:24.615] [Server thread/DEBUG] [citadel/]: biome config: BIOME_DICT is no longer fully supported in 1.18+. They will only work for structures.
[26Jul2026 01:34:24.615] [Server thread/DEBUG] [citadel/]: biome config: BIOME_DICT is no longer fully supported in 1.18+. They will only work for structures.
[26Jul2026 01:34:24.615] [Server thread/DEBUG] [citadel/]: biome config: BIOME_DICT is no longer fully supported in 1.18+. They will only work for structures.
[26Jul2026 01:34:24.615] [Server thread/DEBUG] [citadel/]: biome config: BIOME_DICT is no longer fully supported in 1.18+. They will only work for structures.
[26Jul2026 01:34:24.615] [Server thread/DEBUG] [citadel/]: biome config: BIOME_DICT is no longer fully supported in 1.18+. They will only work for structures.
[26Jul2026 01:34:24.615] [Server thread/DEBUG] [citadel/]: biome config: BIOME_DICT is no longer fully supported in 1.18+. They will only work for structures.
[26Jul2026 01:34:24.615] [Server thread/DEBUG] [citadel/]: biome config: BIOME_DICT is no longer fully supported in 1.18+. They will only work for structures.
[26Jul2026 01:34:24.615] [Server thread/DEBUG] [citadel/]: biome config: BIOME_DICT is no longer fully supported in 1.18+. They will only work for structures.
[26Jul2026 01:34:24.615] [Server thread/DEBUG] [citadel/]: biome config: BIOME_DICT is no longer fully supported in 1.18+. They will only work for structures.
[26Jul2026 01:34:24.615] [Server thread/DEBUG] [citadel/]: biome config: BIOME_DICT is no longer fully supported in 1.18+. They will only work for structures.
[26Jul2026 01:34:24.615] [Server thread/DEBUG] [citadel/]: biome config: BIOME_DICT is no longer fully supported in 1.18+. They will only work for structures.
[26Jul2026 01:34:24.615] [Server thread/DEBUG] [citadel/]: biome config: BIOME_DICT is no longer fully supported in 1.18+. They will only work for structures.
[26Jul2026 01:34:24.615] [Server thread/DEBUG] [citadel/]: biome config: BIOME_DICT is no longer fully supported in 1.18+. They will only work for structures.
[26Jul2026 01:34:24.615] [Server thread/DEBUG] [citadel/]: biome config: BIOME_DICT is no longer fully supported in 1.18+. They will only work for structures.
[26Jul2026 01:34:24.615] [Server thread/DEBUG] [citadel/]: biome config: BIOME_DICT is no longer fully supported in 1.18+. They will only work for structures.
[26Jul2026 01:34:24.615] [Server thread/DEBUG] [citadel/]: biome config: BIOME_DICT is no longer fully supported in 1.18+. They will only work for structures.
[26Jul2026 01:34:24.615] [Server thread/DEBUG] [citadel/]: biome config: BIOME_DICT is no longer fully supported in 1.18+. They will only work for structures.
[26Jul2026 01:34:24.615] [Server thread/DEBUG] [citadel/]: biome config: BIOME_DICT is no longer fully supported in 1.18+. They will only work for structures.
[26Jul2026 01:34:24.615] [Server thread/DEBUG] [citadel/]: biome config: BIOME_DICT is no longer fully supported in 1.18+. They will only work for structures.
[26Jul2026 01:34:24.615] [Server thread/DEBUG] [citadel/]: biome config: BIOME_DICT is no longer fully supported in 1.18+. They will only work for structures.
[26Jul2026 01:34:24.615] [Server thread/DEBUG] [citadel/]: biome config: BIOME_DICT is no longer fully supported in 1.18+. They will only work for structures.
[26Jul2026 01:34:24.616] [Server thread/DEBUG] [citadel/]: biome config: BIOME_DICT is no longer fully supported in 1.18+. They will only work for structures.
[26Jul2026 01:34:24.616] [Server thread/DEBUG] [citadel/]: biome config: BIOME_DICT is no longer fully supported in 1.18+. They will only work for structures.
[26Jul2026 01:34:24.616] [Server thread/DEBUG] [citadel/]: biome config: BIOME_DICT is no longer fully supported in 1.18+. They will only work for structures.
[26Jul2026 01:34:24.616] [Server thread/DEBUG] [citadel/]: biome config: BIOME_DICT is no longer fully supported in 1.18+. They will only work for structures.
[26Jul2026 01:34:24.616] [Server thread/DEBUG] [citadel/]: biome config: BIOME_DICT is no longer fully supported in 1.18+. They will only work for structures.
[26Jul2026 01:34:24.616] [Server thread/DEBUG] [citadel/]: biome config: BIOME_DICT is no longer fully supported in 1.18+. They will only work for structures.
[26Jul2026 01:34:24.616] [Server thread/DEBUG] [citadel/]: biome config: BIOME_DICT is no longer fully supported in 1.18+. They will only work for structures.
[26Jul2026 01:34:24.616] [Server thread/DEBUG] [citadel/]: biome config: BIOME_DICT is no longer fully supported in 1.18+. They will only work for structures.
[26Jul2026 01:34:24.616] [Server thread/DEBUG] [citadel/]: biome config: BIOME_DICT is no longer fully supported in 1.18+. They will only work for structures.
[26Jul2026 01:34:24.616] [Server thread/DEBUG] [citadel/]: biome config: BIOME_DICT is no longer fully supported in 1.18+. They will only work for structures.
[26Jul2026 01:34:24.616] [Server thread/DEBUG] [citadel/]: biome config: BIOME_DICT is no longer fully supported in 1.18+. They will only work for structures.
[26Jul2026 01:34:24.616] [Server thread/DEBUG] [citadel/]: biome config: BIOME_DICT is no longer fully supported in 1.18+. They will only work for structures.
[26Jul2026 01:34:24.616] [Server thread/DEBUG] [citadel/]: biome config: BIOME_DICT is no longer fully supported in 1.18+. They will only work for structures.
[26Jul2026 01:34:24.616] [Server thread/DEBUG] [citadel/]: biome config: BIOME_DICT is no longer fully supported in 1.18+. They will only work for structures.
[26Jul2026 01:34:24.616] [Server thread/DEBUG] [citadel/]: biome config: BIOME_DICT is no longer fully supported in 1.18+. They will only work for structures.
[26Jul2026 01:34:24.616] [Server thread/DEBUG] [citadel/]: biome config: BIOME_DICT is no longer fully supported in 1.18+. They will only work for structures.
[26Jul2026 01:34:24.616] [Server thread/DEBUG] [citadel/]: biome config: BIOME_DICT is no longer fully supported in 1.18+. They will only work for structures.
[26Jul2026 01:34:24.616] [Server thread/DEBUG] [citadel/]: biome config: BIOME_DICT is no longer fully supported in 1.18+. They will only work for structures.
[26Jul2026 01:34:24.616] [Server thread/DEBUG] [citadel/]: biome config: BIOME_DICT is no longer fully supported in 1.18+. They will only work for structures.
[26Jul2026 01:34:24.616] [Server thread/DEBUG] [citadel/]: biome config: BIOME_DICT is no longer fully supported in 1.18+. They will only work for structures.
[26Jul2026 01:34:24.616] [Server thread/DEBUG] [citadel/]: biome config: BIOME_DICT is no longer fully supported in 1.18+. They will only work for structures.
[26Jul2026 01:34:24.616] [Server thread/DEBUG] [citadel/]: biome config: BIOME_DICT is no longer fully supported in 1.18+. They will only work for structures.
[26Jul2026 01:34:24.616] [Server thread/DEBUG] [citadel/]: biome config: BIOME_DICT is no longer fully supported in 1.18+. They will only work for structures.
[26Jul2026 01:34:24.616] [Server thread/DEBUG] [citadel/]: biome config: BIOME_DICT is no longer fully supported in 1.18+. They will only work for structures.
[26Jul2026 01:34:24.616] [Server thread/DEBUG] [citadel/]: biome config: BIOME_DICT is no longer fully supported in 1.18+. They will only work for structures.
[26Jul2026 01:34:24.616] [Server thread/DEBUG] [citadel/]: biome config: BIOME_DICT is no longer fully supported in 1.18+. They will only work for structures.
[26Jul2026 01:34:24.616] [Server thread/DEBUG] [citadel/]: biome config: BIOME_DICT is no longer fully supported in 1.18+. They will only work for structures.
[26Jul2026 01:34:24.616] [Server thread/DEBUG] [citadel/]: biome config: BIOME_DICT is no longer fully supported in 1.18+. They will only work for structures.
[26Jul2026 01:34:24.617] [Server thread/DEBUG] [citadel/]: biome config: BIOME_DICT is no longer fully supported in 1.18+. They will only work for structures.
[26Jul2026 01:34:24.617] [Server thread/DEBUG] [citadel/]: biome config: BIOME_DICT is no longer fully supported in 1.18+. They will only work for structures.
[26Jul2026 01:34:24.617] [Server thread/DEBUG] [citadel/]: biome config: BIOME_DICT is no longer fully supported in 1.18+. They will only work for structures.
[26Jul2026 01:34:24.617] [Server thread/DEBUG] [citadel/]: biome config: BIOME_DICT is no longer fully supported in 1.18+. They will only work for structures.
[26Jul2026 01:34:24.617] [Server thread/DEBUG] [citadel/]: biome config: BIOME_DICT is no longer fully supported in 1.18+. They will only work for structures.
[26Jul2026 01:34:24.617] [Server thread/DEBUG] [citadel/]: biome config: BIOME_DICT is no longer fully supported in 1.18+. They will only work for structures.
[26Jul2026 01:34:24.617] [Server thread/DEBUG] [citadel/]: biome config: BIOME_DICT is no longer fully supported in 1.18+. They will only work for structures.
[26Jul2026 01:34:24.620] [Server thread/DEBUG] [citadel/]: biome config: BIOME_DICT is no longer fully supported in 1.18+. They will only work for structures.
[26Jul2026 01:34:24.620] [Server thread/DEBUG] [citadel/]: biome config: BIOME_DICT is no longer fully supported in 1.18+. They will only work for structures.
[26Jul2026 01:34:24.620] [Server thread/DEBUG] [citadel/]: biome config: BIOME_DICT is no longer fully supported in 1.18+. They will only work for structures.
[26Jul2026 01:34:24.620] [Server thread/DEBUG] [citadel/]: biome config: BIOME_DICT is no longer fully supported in 1.18+. They will only work for structures.
[26Jul2026 01:34:24.620] [Server thread/DEBUG] [citadel/]: biome config: BIOME_DICT is no longer fully supported in 1.18+. They will only work for structures.
[26Jul2026 01:34:24.620] [Server thread/DEBUG] [citadel/]: biome config: BIOME_DICT is no longer fully supported in 1.18+. They will only work for structures.
[26Jul2026 01:34:24.620] [Server thread/DEBUG] [citadel/]: biome config: BIOME_DICT is no longer fully supported in 1.18+. They will only work for structures.
[26Jul2026 01:34:24.620] [Server thread/DEBUG] [citadel/]: biome config: BIOME_DICT is no longer fully supported in 1.18+. They will only work for structures.
[26Jul2026 01:34:24.620] [Server thread/DEBUG] [citadel/]: biome config: BIOME_DICT is no longer fully supported in 1.18+. They will only work for structures.
[26Jul2026 01:34:24.620] [Server thread/DEBUG] [citadel/]: biome config: BIOME_DICT is no longer fully supported in 1.18+. They will only work for structures.
[26Jul2026 01:34:24.620] [Server thread/DEBUG] [citadel/]: biome config: BIOME_DICT is no longer fully supported in 1.18+. They will only work for structures.
[26Jul2026 01:34:24.620] [Server thread/DEBUG] [citadel/]: biome config: BIOME_DICT is no longer fully supported in 1.18+. They will only work for structures.
[26Jul2026 01:34:24.620] [Server thread/DEBUG] [citadel/]: biome config: BIOME_DICT is no longer fully supported in 1.18+. They will only work for structures.
[26Jul2026 01:34:24.620] [Server thread/DEBUG] [citadel/]: biome config: BIOME_DICT is no longer fully supported in 1.18+. They will only work for structures.
[26Jul2026 01:34:24.620] [Server thread/DEBUG] [citadel/]: biome config: BIOME_DICT is no longer fully supported in 1.18+. They will only work for structures.
[26Jul2026 01:34:24.620] [Server thread/DEBUG] [citadel/]: biome config: BIOME_DICT is no longer fully supported in 1.18+. They will only work for structures.
[26Jul2026 01:34:24.620] [Server thread/DEBUG] [citadel/]: biome config: BIOME_DICT is no longer fully supported in 1.18+. They will only work for structures.
[26Jul2026 01:34:24.620] [Server thread/DEBUG] [citadel/]: biome config: BIOME_DICT is no longer fully supported in 1.18+. They will only work for structures.
[26Jul2026 01:34:24.621] [Server thread/DEBUG] [citadel/]: biome config: BIOME_DICT is no longer fully supported in 1.18+. They will only work for structures.
[26Jul2026 01:34:24.621] [Server thread/DEBUG] [citadel/]: biome config: BIOME_DICT is no longer fully supported in 1.18+. They will only work for structures.
[26Jul2026 01:34:24.621] [Server thread/DEBUG] [citadel/]: biome config: BIOME_DICT is no longer fully supported in 1.18+. They will only work for structures.
[26Jul2026 01:34:24.621] [Server thread/DEBUG] [citadel/]: biome config: BIOME_DICT is no longer fully supported in 1.18+. They will only work for structures.
[26Jul2026 01:34:24.621] [Server thread/DEBUG] [citadel/]: biome config: BIOME_DICT is no longer fully supported in 1.18+. They will only work for structures.
[26Jul2026 01:34:24.621] [Server thread/DEBUG] [citadel/]: biome config: BIOME_DICT is no longer fully supported in 1.18+. They will only work for structures.
[26Jul2026 01:34:24.621] [Server thread/DEBUG] [citadel/]: biome config: BIOME_DICT is no longer fully supported in 1.18+. They will only work for structures.
[26Jul2026 01:34:24.621] [Server thread/DEBUG] [citadel/]: biome config: BIOME_DICT is no longer fully supported in 1.18+. They will only work for structures.
[26Jul2026 01:34:24.621] [Server thread/DEBUG] [citadel/]: biome config: BIOME_DICT is no longer fully supported in 1.18+. They will only work for structures.
[26Jul2026 01:34:24.621] [Server thread/DEBUG] [citadel/]: biome config: BIOME_DICT is no longer fully supported in 1.18+. They will only work for structures.
[26Jul2026 01:34:24.621] [Server thread/INFO] [net.minecraft.server.dedicated.DedicatedServer/]: Preparing level "world"
[26Jul2026 01:34:25.305] [Server thread/DEBUG] [mixin/]: Mixing MixinPiglinAi from curios.mixins.json into net.minecraft.world.entity.monster.piglin.PiglinAi
[26Jul2026 01:34:25.765] [Server thread/WARN] [net.minecraft.network.syncher.SynchedEntityData/]: defineId called for: class dev.itsmeow.betteranimalsplus.common.entity.EntityLammergeier from class dev.itsmeow.betteranimalsplus.imdlib.entity.EntityTypeContainer
[26Jul2026 01:34:25.773] [Server thread/WARN] [net.minecraft.network.syncher.SynchedEntityData/]: defineId called for: class dev.itsmeow.betteranimalsplus.common.entity.EntityTarantula from class dev.itsmeow.betteranimalsplus.imdlib.entity.EntityTypeContainer
[26Jul2026 01:34:25.777] [Server thread/WARN] [net.minecraft.network.syncher.SynchedEntityData/]: defineId called for: class dev.itsmeow.betteranimalsplus.common.entity.EntityPheasant from class dev.itsmeow.betteranimalsplus.imdlib.entity.EntityTypeContainer
[26Jul2026 01:34:25.781] [Server thread/WARN] [net.minecraft.network.syncher.SynchedEntityData/]: defineId called for: class dev.itsmeow.betteranimalsplus.common.entity.EntitySquirrel from class dev.itsmeow.betteranimalsplus.imdlib.entity.EntityTypeContainer
[26Jul2026 01:34:25.787] [Server thread/WARN] [net.minecraft.network.syncher.SynchedEntityData/]: defineId called for: class dev.itsmeow.betteranimalsplus.common.entity.EntitySongbird from class dev.itsmeow.betteranimalsplus.imdlib.entity.EntityTypeContainer
[26Jul2026 01:34:25.791] [Server thread/WARN] [net.minecraft.network.syncher.SynchedEntityData/]: defineId called for: class dev.itsmeow.betteranimalsplus.common.entity.EntityBadger from class dev.itsmeow.betteranimalsplus.imdlib.entity.EntityTypeContainer
[26Jul2026 01:34:25.794] [Server thread/WARN] [net.minecraft.network.syncher.SynchedEntityData/]: defineId called for: class dev.itsmeow.betteranimalsplus.common.entity.EntityCrab from class dev.itsmeow.betteranimalsplus.imdlib.entity.EntityTypeContainer
[26Jul2026 01:34:25.795] [Server thread/WARN] [net.minecraft.network.syncher.SynchedEntityData/]: defineId called for: class dev.itsmeow.betteranimalsplus.common.entity.EntityCrab from class dev.itsmeow.betteranimalsplus.imdlib.entity.util.EntityTypeContainerContainable
[26Jul2026 01:34:25.799] [Server thread/WARN] [net.minecraft.network.syncher.SynchedEntityData/]: defineId called for: class dev.itsmeow.betteranimalsplus.common.entity.EntityHorseshoeCrab from class dev.itsmeow.betteranimalsplus.imdlib.entity.EntityTypeContainer
[26Jul2026 01:34:25.799] [Server thread/WARN] [net.minecraft.network.syncher.SynchedEntityData/]: defineId called for: class dev.itsmeow.betteranimalsplus.common.entity.EntityHorseshoeCrab from class dev.itsmeow.betteranimalsplus.imdlib.entity.util.EntityTypeContainerContainable
[26Jul2026 01:34:25.800] [Server thread/WARN] [net.minecraft.network.syncher.SynchedEntityData/]: defineId called for: class dev.itsmeow.betteranimalsplus.common.entity.EntityShark from class dev.itsmeow.betteranimalsplus.imdlib.entity.EntityTypeContainer
[26Jul2026 01:34:25.805] [Server thread/WARN] [net.minecraft.network.syncher.SynchedEntityData/]: defineId called for: class dev.itsmeow.betteranimalsplus.common.entity.EntityTurkey from class dev.itsmeow.betteranimalsplus.imdlib.entity.EntityTypeContainer
[26Jul2026 01:34:25.809] [Server thread/WARN] [net.minecraft.network.syncher.SynchedEntityData/]: defineId called for: class dev.itsmeow.betteranimalsplus.common.entity.EntityBobbitWorm from class dev.itsmeow.betteranimalsplus.imdlib.entity.EntityTypeContainer
[26Jul2026 01:34:25.813] [Server thread/WARN] [net.minecraft.network.syncher.SynchedEntityData/]: defineId called for: class dev.itsmeow.betteranimalsplus.common.entity.EntityGoose from class dev.itsmeow.betteranimalsplus.imdlib.entity.EntityTypeContainer
[26Jul2026 01:34:25.818] [Server thread/WARN] [net.minecraft.network.syncher.SynchedEntityData/]: defineId called for: class dev.itsmeow.betteranimalsplus.common.entity.EntityWhale from class dev.itsmeow.betteranimalsplus.imdlib.entity.EntityTypeContainer
[26Jul2026 01:34:25.830] [Server thread/WARN] [net.minecraft.network.syncher.SynchedEntityData/]: defineId called for: class dev.itsmeow.betteranimalsplus.common.entity.EntityOctopus from class dev.itsmeow.betteranimalsplus.imdlib.entity.EntityTypeContainer
[26Jul2026 01:34:25.836] [Server thread/WARN] [net.minecraft.network.syncher.SynchedEntityData/]: defineId called for: class dev.itsmeow.betteranimalsplus.common.entity.EntityBearNeutral from class dev.itsmeow.betteranimalsplus.imdlib.entity.EntityTypeContainer
[26Jul2026 01:34:25.842] [Server thread/WARN] [net.minecraft.network.syncher.SynchedEntityData/]: defineId called for: class dev.itsmeow.betteranimalsplus.common.entity.EntityDeer from class dev.itsmeow.betteranimalsplus.imdlib.entity.EntityTypeContainer
[26Jul2026 01:34:25.847] [Server thread/WARN] [net.minecraft.network.syncher.SynchedEntityData/]: defineId called for: class dev.itsmeow.betteranimalsplus.common.entity.EntityFeralWolf from class dev.itsmeow.betteranimalsplus.imdlib.entity.EntityTypeContainer
[26Jul2026 01:34:25.860] [Server thread/WARN] [net.minecraft.network.syncher.SynchedEntityData/]: defineId called for: class dev.itsmeow.betteranimalsplus.common.entity.EntityJellyfish from class dev.itsmeow.betteranimalsplus.imdlib.entity.EntityTypeContainer
[26Jul2026 01:34:25.860] [Server thread/WARN] [net.minecraft.network.syncher.SynchedEntityData/]: defineId called for: class dev.itsmeow.betteranimalsplus.common.entity.EntityJellyfish from class dev.itsmeow.betteranimalsplus.imdlib.entity.util.EntityTypeContainerContainable
[26Jul2026 01:34:25.863] [Server thread/WARN] [net.minecraft.network.syncher.SynchedEntityData/]: defineId called for: class dev.itsmeow.betteranimalsplus.common.entity.EntityReindeer from class dev.itsmeow.betteranimalsplus.imdlib.entity.EntityTypeContainer
[26Jul2026 01:34:25.866] [Server thread/WARN] [net.minecraft.network.syncher.SynchedEntityData/]: defineId called for: class dev.itsmeow.betteranimalsplus.common.entity.EntityBoar from class dev.itsmeow.betteranimalsplus.imdlib.entity.EntityTypeContainer
[26Jul2026 01:34:25.873] [Server thread/WARN] [net.minecraft.network.syncher.SynchedEntityData/]: defineId called for: class dev.itsmeow.betteranimalsplus.common.entity.EntityLamprey from class dev.itsmeow.betteranimalsplus.imdlib.entity.EntityTypeContainer
[26Jul2026 01:34:25.877] [Server thread/WARN] [net.minecraft.network.syncher.SynchedEntityData/]: defineId called for: class dev.itsmeow.betteranimalsplus.common.entity.EntityLamprey from class dev.itsmeow.betteranimalsplus.imdlib.entity.util.EntityTypeContainerContainable
[26Jul2026 01:34:25.882] [Server thread/WARN] [net.minecraft.network.syncher.SynchedEntityData/]: defineId called for: class dev.itsmeow.betteranimalsplus.common.entity.EntityMoose from class dev.itsmeow.betteranimalsplus.imdlib.entity.EntityTypeContainer
[26Jul2026 01:34:25.888] [Server thread/WARN] [net.minecraft.network.syncher.SynchedEntityData/]: defineId called for: class dev.itsmeow.betteranimalsplus.common.entity.EntityFreshwaterEel from class dev.itsmeow.betteranimalsplus.imdlib.entity.EntityTypeContainer
[26Jul2026 01:34:25.888] [Server thread/WARN] [net.minecraft.network.syncher.SynchedEntityData/]: defineId called for: class dev.itsmeow.betteranimalsplus.common.entity.EntityFreshwaterEel from class dev.itsmeow.betteranimalsplus.imdlib.entity.util.EntityTypeContainerContainable
[26Jul2026 01:34:25.893] [Server thread/WARN] [net.minecraft.network.syncher.SynchedEntityData/]: defineId called for: class dev.itsmeow.betteranimalsplus.common.entity.EntitySaltwaterEel from class dev.itsmeow.betteranimalsplus.imdlib.entity.EntityTypeContainer
[26Jul2026 01:34:25.897] [Server thread/WARN] [net.minecraft.network.syncher.SynchedEntityData/]: defineId called for: class dev.itsmeow.betteranimalsplus.common.entity.EntitySaltwaterEel from class dev.itsmeow.betteranimalsplus.imdlib.entity.util.EntityTypeContainerContainable
[26Jul2026 01:34:25.898] [Server thread/WARN] [net.minecraft.network.syncher.SynchedEntityData/]: defineId called for: class dev.itsmeow.betteranimalsplus.common.entity.EntityButterfly from class dev.itsmeow.betteranimalsplus.imdlib.entity.EntityTypeContainer
[26Jul2026 01:34:25.898] [Server thread/WARN] [net.minecraft.network.syncher.SynchedEntityData/]: defineId called for: class dev.itsmeow.betteranimalsplus.common.entity.EntityButterfly from class dev.itsmeow.betteranimalsplus.imdlib.entity.util.EntityTypeContainerContainable
[26Jul2026 01:34:25.901] [Server thread/WARN] [net.minecraft.network.syncher.SynchedEntityData/]: defineId called for: class dev.itsmeow.betteranimalsplus.common.entity.EntityDragonfly from class dev.itsmeow.betteranimalsplus.imdlib.entity.EntityTypeContainer
[26Jul2026 01:34:25.902] [Server thread/WARN] [net.minecraft.network.syncher.SynchedEntityData/]: defineId called for: class dev.itsmeow.betteranimalsplus.common.entity.EntityDragonfly from class dev.itsmeow.betteranimalsplus.imdlib.entity.util.EntityTypeContainerContainable
[26Jul2026 01:34:25.905] [Server thread/WARN] [net.minecraft.network.syncher.SynchedEntityData/]: defineId called for: class dev.itsmeow.betteranimalsplus.common.entity.EntityBarracuda from class dev.itsmeow.betteranimalsplus.imdlib.entity.util.EntityTypeContainerContainable
[26Jul2026 01:34:25.912] [Server thread/WARN] [net.minecraft.network.syncher.SynchedEntityData/]: defineId called for: class dev.itsmeow.betteranimalsplus.common.entity.EntityFlyingFish from class dev.itsmeow.betteranimalsplus.imdlib.entity.EntityTypeContainer
[26Jul2026 01:34:25.915] [Server thread/WARN] [net.minecraft.network.syncher.SynchedEntityData/]: defineId called for: class dev.itsmeow.betteranimalsplus.common.entity.EntityFlyingFish from class dev.itsmeow.betteranimalsplus.imdlib.entity.util.EntityTypeContainerContainable
[26Jul2026 01:34:25.920] [Server thread/WARN] [net.minecraft.network.syncher.SynchedEntityData/]: defineId called for: class dev.itsmeow.betteranimalsplus.common.entity.EntityPiranha from class dev.itsmeow.betteranimalsplus.imdlib.entity.util.EntityTypeContainerContainable
[26Jul2026 01:34:26.329] [Server thread/WARN] [net.minecraft.network.syncher.SynchedEntityData/]: defineId called for: class com.cerbon.bosses_of_mass_destruction.entity.custom.obsidilith.ObsidilithEntity from class com.cerbon.bosses_of_mass_destruction.entity.custom.obsidilith.ObsidilithUtils
[26Jul2026 01:34:26.407] [Server thread/WARN] [net.minecraft.network.syncher.SynchedEntityData/]: defineId called for: class com.cerbon.bosses_of_mass_destruction.entity.util.BaseEntity from class com.cerbon.bosses_of_mass_destruction.entity.custom.void_blossom.hitbox.NetworkedHitboxManager
[26Jul2026 01:34:26.447] [Server thread/WARN] [net.minecraft.network.syncher.SynchedEntityData/]: defineId called for: class com.cerbon.bosses_of_mass_destruction.entity.custom.gauntlet.GauntletEntity from class com.cerbon.bosses_of_mass_destruction.projectile.PetalBladeProjectile
[26Jul2026 01:34:26.463] [Server thread/DEBUG] [mixin/]: Mixing EndDragonFightMixin from progressivebosses.mixins.json into net.minecraft.world.level.dimension.end.EndDragonFight
[26Jul2026 01:34:26.466] [Server thread/DEBUG] [mixin/]: progressivebosses.mixins.json:EndDragonFightMixin: Class version 61 required is higher than the class version supported by the current version of Mixin (JAVA_8 supports class version 52)
[26Jul2026 01:34:26.500] [Server thread/INFO] [net.minecraft.server.MinecraftServer/]: Preparing start region for dimension minecraft:overworld
[26Jul2026 01:34:28.335] [Netty Epoll Server IO #1/DEBUG] [io.netty.util.Recycler/]: -Dio.netty.recycler.maxCapacityPerThread: 4096
[26Jul2026 01:34:28.335] [Netty Epoll Server IO #1/DEBUG] [io.netty.util.Recycler/]: -Dio.netty.recycler.maxSharedCapacityFactor: 2
[26Jul2026 01:34:28.335] [Netty Epoll Server IO #1/DEBUG] [io.netty.util.Recycler/]: -Dio.netty.recycler.linkCapacity: 16
[26Jul2026 01:34:28.336] [Netty Epoll Server IO #1/DEBUG] [io.netty.util.Recycler/]: -Dio.netty.recycler.ratio: 8
[26Jul2026 01:34:28.336] [Netty Epoll Server IO #1/DEBUG] [io.netty.util.Recycler/]: -Dio.netty.recycler.delayedQueue.ratio: 8
[26Jul2026 01:34:28.347] [Netty Epoll Server IO #1/DEBUG] [io.netty.buffer.AbstractByteBuf/]: -Dio.netty.buffer.checkAccessible: true
[26Jul2026 01:34:28.347] [Netty Epoll Server IO #1/DEBUG] [io.netty.buffer.AbstractByteBuf/]: -Dio.netty.buffer.checkBounds: true
[26Jul2026 01:34:28.348] [Netty Epoll Server IO #1/DEBUG] [io.netty.util.ResourceLeakDetectorFactory/]: Loaded default ResourceLeakDetector: io.netty.util.ResourceLeakDetector@144fe4c0
[26Jul2026 01:34:28.375] [Netty Epoll Server IO #1/INFO] [net.minecraftforge.server.ServerLifecycleHooks/SERVERHOOKS]: Disconnecting Player (server is still starting): Server is still starting! Please wait before reconnecting.
[26Jul2026 01:34:28.913] [Server thread/DEBUG] [mixin/]: Mixing MixinChunkSerializer from architectury.mixins.json into net.minecraft.world.level.chunk.storage.ChunkSerializer
[26Jul2026 01:34:29.159] [Worker-Main-6/INFO] [net.minecraft.server.level.progress.LoggerChunkProgressListener/]: Preparing spawn area: 0%
[26Jul2026 01:34:29.182] [Worker-Main-6/INFO] [net.minecraft.server.level.progress.LoggerChunkProgressListener/]: Preparing spawn area: 0%
[26Jul2026 01:34:29.195] [Worker-Main-6/INFO] [net.minecraft.server.level.progress.LoggerChunkProgressListener/]: Preparing spawn area: 0%
[26Jul2026 01:34:29.214] [Worker-Main-4/INFO] [net.minecraft.server.level.progress.LoggerChunkProgressListener/]: Preparing spawn area: 0%
[26Jul2026 01:34:29.225] [Worker-Main-4/INFO] [net.minecraft.server.level.progress.LoggerChunkProgressListener/]: Preparing spawn area: 0%
[26Jul2026 01:34:29.239] [Worker-Main-4/INFO] [net.minecraft.server.level.progress.LoggerChunkProgressListener/]: Preparing spawn area: 0%
[26Jul2026 01:34:29.540] [Worker-Main-4/INFO] [net.minecraft.server.level.progress.LoggerChunkProgressListener/]: Preparing spawn area: 0%
[26Jul2026 01:34:30.002] [Worker-Main-6/INFO] [net.minecraft.server.level.progress.LoggerChunkProgressListener/]: Preparing spawn area: 0%
[26Jul2026 01:34:30.805] [Worker-Main-6/INFO] [net.minecraft.server.level.progress.LoggerChunkProgressListener/]: Preparing spawn area: 0%
[26Jul2026 01:34:31.007] [Worker-Main-6/INFO] [net.minecraft.server.level.progress.LoggerChunkProgressListener/]: Preparing spawn area: 0%
[26Jul2026 01:34:31.502] [Worker-Main-6/INFO] [net.minecraft.server.level.progress.LoggerChunkProgressListener/]: Preparing spawn area: 0%
[26Jul2026 01:34:32.006] [Worker-Main-4/INFO] [net.minecraft.server.level.progress.LoggerChunkProgressListener/]: Preparing spawn area: 0%
[26Jul2026 01:34:32.890] [Worker-Main-6/INFO] [net.minecraft.server.level.progress.LoggerChunkProgressListener/]: Preparing spawn area: 0%
[26Jul2026 01:34:33.001] [Worker-Main-4/INFO] [net.minecraft.server.level.progress.LoggerChunkProgressListener/]: Preparing spawn area: 0%
[26Jul2026 01:34:33.502] [Worker-Main-6/INFO] [net.minecraft.server.level.progress.LoggerChunkProgressListener/]: Preparing spawn area: 0%
[26Jul2026 01:34:34.004] [Worker-Main-4/INFO] [net.minecraft.server.level.progress.LoggerChunkProgressListener/]: Preparing spawn area: 0%
[26Jul2026 01:34:34.503] [Worker-Main-4/INFO] [net.minecraft.server.level.progress.LoggerChunkProgressListener/]: Preparing spawn area: 0%
[26Jul2026 01:34:35.008] [Worker-Main-6/INFO] [net.minecraft.server.level.progress.LoggerChunkProgressListener/]: Preparing spawn area: 0%
[26Jul2026 01:34:35.502] [Worker-Main-6/INFO] [net.minecraft.server.level.progress.LoggerChunkProgressListener/]: Preparing spawn area: 1%
[26Jul2026 01:34:36.001] [Worker-Main-4/INFO] [net.minecraft.server.level.progress.LoggerChunkProgressListener/]: Preparing spawn area: 4%
[26Jul2026 01:34:36.501] [Worker-Main-4/INFO] [net.minecraft.server.level.progress.LoggerChunkProgressListener/]: Preparing spawn area: 28%
[26Jul2026 01:34:37.005] [Worker-Main-6/INFO] [net.minecraft.server.level.progress.LoggerChunkProgressListener/]: Preparing spawn area: 46%
[26Jul2026 01:34:37.504] [Worker-Main-4/INFO] [net.minecraft.server.level.progress.LoggerChunkProgressListener/]: Preparing spawn area: 54%
[26Jul2026 01:34:38.013] [Worker-Main-6/INFO] [net.minecraft.server.level.progress.LoggerChunkProgressListener/]: Preparing spawn area: 62%
[26Jul2026 01:34:38.501] [Worker-Main-6/INFO] [net.minecraft.server.level.progress.LoggerChunkProgressListener/]: Preparing spawn area: 85%
[26Jul2026 01:34:39.716] [Worker-Main-4/INFO] [net.minecraft.server.level.progress.LoggerChunkProgressListener/]: Preparing spawn area: 97%
[26Jul2026 01:34:39.720] [Worker-Main-6/INFO] [net.minecraft.server.level.progress.LoggerChunkProgressListener/]: Preparing spawn area: 97%
[26Jul2026 01:34:40.374] [Server thread/INFO] [net.minecraft.server.level.progress.LoggerChunkProgressListener/]: Time elapsed: 13874 ms
[26Jul2026 01:34:40.382] [Server thread/INFO] [net.minecraft.server.dedicated.DedicatedServer/]: Done (16.866s)! For help, type "help"
[26Jul2026 01:34:40.466] [Server thread/DEBUG] [net.minecraftforge.common.ForgeI18n/CORE]: Loading I18N data entries: 8678
[26Jul2026 01:34:40.475] [Server thread/INFO] [net.minecraftforge.server.permission.PermissionAPI/]: Successfully initialized permission handler forge:default_handler
[26Jul2026 01:34:40.553] [Server thread/INFO] [com.github.alexthe666.iceandfire.IceAndFire/]: {SPAWN_DRAGON_SKELETON_I_CF=true, HYDRA_CAVE_CF=true, SPAWN_SEA_SERPENT_CF=true, SPAWN_STYMPHALIAN_BIRD_CF=true, SPAWN_WANDERING_CYCLOPS_CF=true, PIXIE_VILLAGE_CF=true, SPAWN_DEATH_WORM_CF=true, FIRE_DRAGON_CAVE_CF=true, SIREN_ISLAND_CF=true, MYRMEX_HIVE_DESERT_CF=true, SPAWN_HIPPOCAMPUS_CF=true, FIRE_DRAGON_ROOST_CF=true, MYRMEX_HIVE_JUNGLE_CF=true, COPPER_ORE_CF=true, SILVER_ORE_CF=true, LIGHTNING_DRAGON_CAVE_CF=true, SPAWN_DRAGON_SKELETON_F_CF=true, AMETHYST_ORE_CF=true, SPAWN_DRAGON_SKELETON_L_CF=true, LIGHTNING_LILY_CF=true, ICE_DRAGON_CAVE_CF=true, SAPPHIRE_ORE_CF=true, LIGHTNING_DRAGON_ROOST_CF=true, CYCLOPS_CAVE_CF=false, FROST_LILY_CF=true, FIRE_LILY_CF=true, ICE_DRAGON_ROOST_CF=true}
[26Jul2026 01:34:40.555] [Server thread/INFO] [com.github.alexthe666.iceandfire.IceAndFire/]: {TROLL_S=true, HIPPOGRYPH=true, AMPHITHERE=true, COCKATRICE=true, TROLL_M=true, DREAD_LICH=false, TROLL_F=true}
[26Jul2026 01:34:40.700] [Server thread/DEBUG] [mixin/]: Mixing MixinEnchantmentHelper from immersive_armors.mixins.json into net.minecraft.world.item.enchantment.EnchantmentHelper
[26Jul2026 01:34:40.763] [Server thread/DEBUG] [mixin/]: Mixing NaturalSpawnerMixin from mixins.bosses_of_mass_destruction.json into net.minecraft.world.level.NaturalSpawner
[26Jul2026 01:34:40.848] [Server thread/DEBUG] [tombstone/]: Updating LootTables
[26Jul2026 01:34:42.598] [Server thread/DEBUG] [mixin/]: Mixing ServerPlayNetworkHandlerMixin from graveyard.mixins.json into net.minecraft.server.network.ServerGamePacketListenerImpl
[26Jul2026 01:34:42.599] [Server thread/DEBUG] [mixin/]: graveyard.mixins.json:ServerPlayNetworkHandlerMixin: Class version 61 required is higher than the class version supported by the current version of Mixin (JAVA_8 supports class version 52)
[26Jul2026 01:34:42.609] [Server thread/DEBUG] [mixin/]: Mixing item.umbrella.ServerGamePacketListenerImplMixin from mixins.artifacts.json into net.minecraft.server.network.ServerGamePacketListenerImpl
[26Jul2026 01:34:42.612] [Server thread/DEBUG] [mixin/]: mixins.artifacts.json:item.umbrella.ServerGamePacketListenerImplMixin: Class version 61 required is higher than the class version supported by the current version of Mixin (JAVA_8 supports class version 52)
[26Jul2026 01:34:42.613] [Server thread/DEBUG] [mixin/]: Mixing swimming.server.ServerGamePacketListenerImplMixin from expandability.mixins.json into net.minecraft.server.network.ServerGamePacketListenerImpl
[26Jul2026 01:34:44.142] [Netty Epoll Server IO #3/DEBUG] [net.minecraftforge.network.HandshakeHandler/FMLHANDSHAKE]: Starting new modded impl connection. Found 33 messages to dispatch.
[26Jul2026 01:34:44.169] [Server thread/DEBUG] [net.minecraftforge.network.HandshakeHandler/FMLHANDSHAKE]: Sending ticking packet info 'net.minecraftforge.network.HandshakeMessages$S2CModData' to 'fml:handshake' sequence 0
[26Jul2026 01:34:44.221] [Server thread/DEBUG] [net.minecraftforge.network.HandshakeHandler/FMLHANDSHAKE]: Sending ticking packet info 'net.minecraftforge.network.HandshakeMessages$S2CModList' to 'fml:handshake' sequence 1
[26Jul2026 01:34:44.280] [Server thread/DEBUG] [net.minecraftforge.network.HandshakeHandler/FMLHANDSHAKE]: Sending ticking packet info 'Registry minecraft:recipe_serializer' to 'fml:handshake' sequence 2
[26Jul2026 01:34:44.310] [Server thread/DEBUG] [net.minecraftforge.network.HandshakeHandler/FMLHANDSHAKE]: Sending ticking packet info 'Registry minecraft:sound_event' to 'fml:handshake' sequence 3
[26Jul2026 01:34:44.355] [Netty Epoll Server IO #3/DEBUG] [net.minecraftforge.network.LoginWrapper/FMLHANDSHAKE]: Recieved login wrapper packet event for channel fml:handshake with index 1
[26Jul2026 01:34:44.366] [Netty Epoll Server IO #3/DEBUG] [net.minecraftforge.network.HandshakeHandler/FMLHANDSHAKE]: Received client indexed reply 1 of type net.minecraftforge.network.HandshakeMessages$C2SModListReply
[26Jul2026 01:34:44.370] [Netty Epoll Server IO #3/DEBUG] [net.minecraftforge.network.HandshakeHandler/FMLHANDSHAKE]: Received client connection with modlist [minecraft, mowziesmobs, woodarmor, terrablender, mutantmonsters, biomesoplenty, jei, graveyard, born_in_chaos_v1, incendium, sophisticatedcore, insanelib, curios, spartanshields, ecologics, structory, journeymap, citadel, alexsmobs, artifacts, mixinextras, champions, tombstone, betteranimalsplus, sophisticatedbackpacks, spartanweaponry, progressivebosses, architectury, iceandfire, bosses_of_mass_destruction, puzzleslib, immersive_armors, usefulslime, cloth_config, forge, expandability, geckolib3, dungeons_arise]
[26Jul2026 01:34:44.373] [Server thread/DEBUG] [net.minecraftforge.network.HandshakeHandler/FMLHANDSHAKE]: Sending ticking packet info 'Registry minecraft:particle_type' to 'fml:handshake' sequence 4
[26Jul2026 01:34:44.373] [Netty Epoll Server IO #3/DEBUG] [net.minecraftforge.network.NetworkRegistry/NETREGISTRY]: Channel 'ic_ia:main' : Version test of '1' from client : ACCEPTED
[26Jul2026 01:34:44.373] [Netty Epoll Server IO #3/DEBUG] [net.minecraftforge.network.NetworkRegistry/NETREGISTRY]: Channel 'architectury:network' : Version test of '1' from client : ACCEPTED
[26Jul2026 01:34:44.373] [Netty Epoll Server IO #3/DEBUG] [net.minecraftforge.network.NetworkRegistry/NETREGISTRY]: Channel 'jei:channel' : Version test of '1.0.0' from client : ACCEPTED
[26Jul2026 01:34:44.373] [Netty Epoll Server IO #3/DEBUG] [net.minecraftforge.network.NetworkRegistry/NETREGISTRY]: Channel 'minecraft:unregister' : Version test of 'FML3' from client : ACCEPTED
[26Jul2026 01:34:44.373] [Netty Epoll Server IO #3/DEBUG] [net.minecraftforge.network.NetworkRegistry/NETREGISTRY]: Channel 'sophisticatedbackpacks:channel' : Version test of '1' from client : ACCEPTED
[26Jul2026 01:34:44.375] [Netty Epoll Server IO #3/DEBUG] [net.minecraftforge.network.NetworkRegistry/NETREGISTRY]: Channel 'citadel:main_channel' : Version test of '1' from client : ACCEPTED
[26Jul2026 01:34:44.375] [Netty Epoll Server IO #3/DEBUG] [net.minecraftforge.network.NetworkRegistry/NETREGISTRY]: Channel 'progressivebosses:wither_sync' : Version test of '1' from client : ACCEPTED
[26Jul2026 01:34:44.375] [Netty Epoll Server IO #3/DEBUG] [net.minecraftforge.network.NetworkRegistry/NETREGISTRY]: Channel 'born_in_chaos_v1:born_in_chaos_v1' : Version test of '1' from client : ACCEPTED
[26Jul2026 01:34:44.375] [Netty Epoll Server IO #3/DEBUG] [net.minecraftforge.network.NetworkRegistry/NETREGISTRY]: Channel 'iceandfire:main_channel' : Version test of '1' from client : ACCEPTED
[26Jul2026 01:34:44.375] [Netty Epoll Server IO #3/DEBUG] [net.minecraftforge.network.NetworkRegistry/NETREGISTRY]: Channel 'journeymap:version' : Version test of '1' from client : ACCEPTED
[26Jul2026 01:34:44.375] [Netty Epoll Server IO #3/DEBUG] [net.minecraftforge.network.NetworkRegistry/NETREGISTRY]: Channel 'bosses_of_mass_destruction:packets' : Version test of '1' from client : ACCEPTED
[26Jul2026 01:34:44.376] [Netty Epoll Server IO #3/DEBUG] [net.minecraftforge.network.NetworkRegistry/NETREGISTRY]: Channel 'champions:main' : Version test of '1' from client : ACCEPTED
[26Jul2026 01:34:44.376] [Netty Epoll Server IO #3/DEBUG] [net.minecraftforge.network.NetworkRegistry/NETREGISTRY]: Channel 'curios:main' : Version test of '1' from client : ACCEPTED
[26Jul2026 01:34:44.376] [Netty Epoll Server IO #3/DEBUG] [net.minecraftforge.network.NetworkRegistry/NETREGISTRY]: Channel 'worldinfo:world_id' : Version test of '1' from client : ACCEPTED
[26Jul2026 01:34:44.379] [Netty Epoll Server IO #3/DEBUG] [net.minecraftforge.network.NetworkRegistry/NETREGISTRY]: Channel 'journeymap:admin_req' : Version test of '1' from client : ACCEPTED
[26Jul2026 01:34:44.379] [Netty Epoll Server IO #3/DEBUG] [net.minecraftforge.network.NetworkRegistry/NETREGISTRY]: Channel 'journeymap:mp_options_req' : Version test of '1' from client : ACCEPTED
[26Jul2026 01:34:44.379] [Netty Epoll Server IO #3/DEBUG] [net.minecraftforge.network.NetworkRegistry/NETREGISTRY]: Channel 'journeymap:waypoint' : Version test of '1' from client : ACCEPTED
[26Jul2026 01:34:44.379] [Netty Epoll Server IO #3/DEBUG] [net.minecraftforge.network.NetworkRegistry/NETREGISTRY]: Channel 'fml:loginwrapper' : Version test of 'FML3' from client : ACCEPTED
[26Jul2026 01:34:44.379] [Netty Epoll Server IO #3/DEBUG] [net.minecraftforge.network.NetworkRegistry/NETREGISTRY]: Channel 'forge:tier_sorting' : Version test of '1.0' from client : ACCEPTED
[26Jul2026 01:34:44.379] [Netty Epoll Server IO #3/DEBUG] [net.minecraftforge.network.NetworkRegistry/NETREGISTRY]: Channel 'spartanshields:network' : Version test of '1' from client : ACCEPTED
[26Jul2026 01:34:44.379] [Netty Epoll Server IO #3/DEBUG] [net.minecraftforge.network.NetworkRegistry/NETREGISTRY]: Channel 'alexsmobs:main_channel' : Version test of '1' from client : ACCEPTED
[26Jul2026 01:34:44.379] [Netty Epoll Server IO #3/DEBUG] [net.minecraftforge.network.NetworkRegistry/NETREGISTRY]: Channel 'tombstone:tombstone_channel' : Version test of 'tombstone-7.7.7' from client : ACCEPTED
[26Jul2026 01:34:44.379] [Netty Epoll Server IO #3/DEBUG] [net.minecraftforge.network.NetworkRegistry/NETREGISTRY]: Channel 'mowziesmobs:net' : Version test of '1' from client : ACCEPTED
[26Jul2026 01:34:44.380] [Netty Epoll Server IO #3/DEBUG] [net.minecraftforge.network.NetworkRegistry/NETREGISTRY]: Channel 'fml:play' : Version test of 'FML3' from client : ACCEPTED
[26Jul2026 01:34:44.380] [Netty Epoll Server IO #3/DEBUG] [net.minecraftforge.network.NetworkRegistry/NETREGISTRY]: Channel 'journeymap:admin_save' : Version test of '1' from client : ACCEPTED
[26Jul2026 01:34:44.380] [Netty Epoll Server IO #3/DEBUG] [net.minecraftforge.network.NetworkRegistry/NETREGISTRY]: Channel 'journeymap:player_loc' : Version test of '1' from client : ACCEPTED
[26Jul2026 01:34:44.380] [Netty Epoll Server IO #3/DEBUG] [net.minecraftforge.network.NetworkRegistry/NETREGISTRY]: Channel 'sophisticatedcore:channel' : Version test of '1' from client : ACCEPTED
[26Jul2026 01:34:44.380] [Netty Epoll Server IO #3/DEBUG] [net.minecraftforge.network.NetworkRegistry/NETREGISTRY]: Channel 'journeymap:teleport_req' : Version test of '1' from client : ACCEPTED
[26Jul2026 01:34:44.381] [Netty Epoll Server IO #3/DEBUG] [net.minecraftforge.network.NetworkRegistry/NETREGISTRY]: Channel 'artifacts:main' : Version test of '1' from client : ACCEPTED
[26Jul2026 01:34:44.383] [Netty Epoll Server IO #3/DEBUG] [net.minecraftforge.network.NetworkRegistry/NETREGISTRY]: Channel 'fml:handshake' : Version test of 'FML3' from client : ACCEPTED
[26Jul2026 01:34:44.383] [Netty Epoll Server IO #3/DEBUG] [net.minecraftforge.network.NetworkRegistry/NETREGISTRY]: Channel 'puzzleslib-1:play' : Version test of '1' from client : ACCEPTED
[26Jul2026 01:34:44.383] [Netty Epoll Server IO #3/DEBUG] [net.minecraftforge.network.NetworkRegistry/NETREGISTRY]: Channel 'journeymap:common' : Version test of '1' from client : ACCEPTED
[26Jul2026 01:34:44.383] [Netty Epoll Server IO #3/DEBUG] [net.minecraftforge.network.NetworkRegistry/NETREGISTRY]: Channel 'spartanweaponry:network' : Version test of '1' from client : ACCEPTED
[26Jul2026 01:34:44.383] [Netty Epoll Server IO #3/DEBUG] [net.minecraftforge.network.NetworkRegistry/NETREGISTRY]: Channel 'geckolib3:main' : Version test of '0' from client : ACCEPTED
[26Jul2026 01:34:44.383] [Netty Epoll Server IO #3/DEBUG] [net.minecraftforge.network.NetworkRegistry/NETREGISTRY]: Channel 'minecraft:register' : Version test of 'FML3' from client : ACCEPTED
[26Jul2026 01:34:44.383] [Netty Epoll Server IO #3/DEBUG] [net.minecraftforge.network.NetworkRegistry/NETREGISTRY]: Channel 'forge:split' : Version test of '1.1' from client : ACCEPTED
[26Jul2026 01:34:44.383] [Netty Epoll Server IO #3/DEBUG] [net.minecraftforge.network.NetworkRegistry/NETREGISTRY]: Channel 'journeymap:perm_req' : Version test of '1' from client : ACCEPTED
[26Jul2026 01:34:44.383] [Netty Epoll Server IO #3/DEBUG] [net.minecraftforge.network.NetworkRegistry/NETREGISTRY]: Channel 'mutantmonsters-1:play' : Version test of '1' from client : ACCEPTED
[26Jul2026 01:34:44.384] [Netty Epoll Server IO #3/DEBUG] [net.minecraftforge.network.NetworkRegistry/NETREGISTRY]: Accepting channel list from client
[26Jul2026 01:34:44.385] [Netty Epoll Server IO #3/DEBUG] [net.minecraftforge.network.HandshakeHandler/FMLHANDSHAKE]: Accepted client connection mod list
[26Jul2026 01:34:44.389] [Netty Epoll Server IO #3/DEBUG] [net.minecraftforge.network.LoginWrapper/FMLHANDSHAKE]: Recieved login wrapper packet event for channel fml:handshake with index 2
[26Jul2026 01:34:44.389] [Netty Epoll Server IO #3/DEBUG] [net.minecraftforge.network.HandshakeHandler/FMLHANDSHAKE]: Received client indexed reply 2 of type net.minecraftforge.network.HandshakeMessages$C2SAcknowledge
[26Jul2026 01:34:44.389] [Netty Epoll Server IO #3/DEBUG] [net.minecraftforge.network.HandshakeHandler/FMLHANDSHAKE]: Received acknowledgement from client
[26Jul2026 01:34:44.411] [Server thread/DEBUG] [net.minecraftforge.network.HandshakeHandler/FMLHANDSHAKE]: Sending ticking packet info 'Registry minecraft:villager_profession' to 'fml:handshake' sequence 5
[26Jul2026 01:34:44.461] [Server thread/DEBUG] [net.minecraftforge.network.HandshakeHandler/FMLHANDSHAKE]: Sending ticking packet info 'Registry minecraft:item' to 'fml:handshake' sequence 6
[26Jul2026 01:34:44.511] [Server thread/DEBUG] [net.minecraftforge.network.HandshakeHandler/FMLHANDSHAKE]: Sending ticking packet info 'Registry minecraft:potion' to 'fml:handshake' sequence 7
[26Jul2026 01:34:44.567] [Server thread/DEBUG] [net.minecraftforge.network.HandshakeHandler/FMLHANDSHAKE]: Sending ticking packet info 'Registry minecraft:block_entity_type' to 'fml:handshake' sequence 8
[26Jul2026 01:34:44.600] [Server thread/DEBUG] [net.minecraftforge.network.HandshakeHandler/FMLHANDSHAKE]: Sending ticking packet info 'Registry minecraft:block' to 'fml:handshake' sequence 9
[26Jul2026 01:34:44.621] [Server thread/DEBUG] [net.minecraftforge.network.HandshakeHandler/FMLHANDSHAKE]: Sending ticking packet info 'Registry spartanweaponry:oil_effects' to 'fml:handshake' sequence 10
[26Jul2026 01:34:44.670] [Server thread/DEBUG] [net.minecraftforge.network.HandshakeHandler/FMLHANDSHAKE]: Sending ticking packet info 'Registry spartanweaponry:weapon_traits' to 'fml:handshake' sequence 11
[26Jul2026 01:34:44.693] [Netty Epoll Server IO #3/DEBUG] [net.minecraftforge.network.LoginWrapper/FMLHANDSHAKE]: Recieved login wrapper packet event for channel fml:handshake with index 3
[26Jul2026 01:34:44.694] [Netty Epoll Server IO #3/DEBUG] [net.minecraftforge.network.HandshakeHandler/FMLHANDSHAKE]: Received client indexed reply 3 of type net.minecraftforge.network.HandshakeMessages$C2SAcknowledge
[26Jul2026 01:34:44.694] [Netty Epoll Server IO #3/DEBUG] [net.minecraftforge.network.HandshakeHandler/FMLHANDSHAKE]: Received acknowledgement from client
[26Jul2026 01:34:44.701] [Netty Epoll Server IO #3/DEBUG] [net.minecraftforge.network.LoginWrapper/FMLHANDSHAKE]: Recieved login wrapper packet event for channel fml:handshake with index 4
[26Jul2026 01:34:44.701] [Netty Epoll Server IO #3/DEBUG] [net.minecraftforge.network.HandshakeHandler/FMLHANDSHAKE]: Received client indexed reply 4 of type net.minecraftforge.network.HandshakeMessages$C2SAcknowledge
[26Jul2026 01:34:44.702] [Netty Epoll Server IO #3/DEBUG] [net.minecraftforge.network.HandshakeHandler/FMLHANDSHAKE]: Received acknowledgement from client
[26Jul2026 01:34:44.703] [Netty Epoll Server IO #3/DEBUG] [net.minecraftforge.network.LoginWrapper/FMLHANDSHAKE]: Recieved login wrapper packet event for channel fml:handshake with index 5
[26Jul2026 01:34:44.703] [Netty Epoll Server IO #3/DEBUG] [net.minecraftforge.network.HandshakeHandler/FMLHANDSHAKE]: Received client indexed reply 5 of type net.minecraftforge.network.HandshakeMessages$C2SAcknowledge
[26Jul2026 01:34:44.703] [Netty Epoll Server IO #3/DEBUG] [net.minecraftforge.network.HandshakeHandler/FMLHANDSHAKE]: Received acknowledgement from client
[26Jul2026 01:34:44.713] [Server thread/DEBUG] [net.minecraftforge.network.HandshakeHandler/FMLHANDSHAKE]: Sending ticking packet info 'Registry minecraft:data_serializers' to 'fml:handshake' sequence 12
[26Jul2026 01:34:44.769] [Server thread/DEBUG] [net.minecraftforge.network.HandshakeHandler/FMLHANDSHAKE]: Sending ticking packet info 'Registry minecraft:mob_effect' to 'fml:handshake' sequence 13
[26Jul2026 01:34:44.819] [Server thread/DEBUG] [net.minecraftforge.network.HandshakeHandler/FMLHANDSHAKE]: Sending ticking packet info 'Registry minecraft:stat_type' to 'fml:handshake' sequence 14
[26Jul2026 01:34:44.889] [Netty Epoll Server IO #3/DEBUG] [net.minecraftforge.network.LoginWrapper/FMLHANDSHAKE]: Recieved login wrapper packet event for channel fml:handshake with index 6
[26Jul2026 01:34:44.891] [Netty Epoll Server IO #3/DEBUG] [net.minecraftforge.network.HandshakeHandler/FMLHANDSHAKE]: Received client indexed reply 6 of type net.minecraftforge.network.HandshakeMessages$C2SAcknowledge
[26Jul2026 01:34:44.892] [Netty Epoll Server IO #3/DEBUG] [net.minecraftforge.network.HandshakeHandler/FMLHANDSHAKE]: Received acknowledgement from client
[26Jul2026 01:34:44.894] [Netty Epoll Server IO #3/DEBUG] [net.minecraftforge.network.LoginWrapper/FMLHANDSHAKE]: Recieved login wrapper packet event for channel fml:handshake with index 7
[26Jul2026 01:34:44.896] [Netty Epoll Server IO #3/DEBUG] [net.minecraftforge.network.HandshakeHandler/FMLHANDSHAKE]: Received client indexed reply 7 of type net.minecraftforge.network.HandshakeMessages$C2SAcknowledge
[26Jul2026 01:34:44.896] [Netty Epoll Server IO #3/DEBUG] [net.minecraftforge.network.HandshakeHandler/FMLHANDSHAKE]: Received acknowledgement from client
[26Jul2026 01:34:44.896] [Netty Epoll Server IO #3/DEBUG] [net.minecraftforge.network.LoginWrapper/FMLHANDSHAKE]: Recieved login wrapper packet event for channel fml:handshake with index 8
[26Jul2026 01:34:44.894] [Server thread/DEBUG] [net.minecraftforge.network.HandshakeHandler/FMLHANDSHAKE]: Sending ticking packet info 'Registry tombstone:perks' to 'fml:handshake' sequence 15
[26Jul2026 01:34:44.899] [Netty Epoll Server IO #3/DEBUG] [net.minecraftforge.network.HandshakeHandler/FMLHANDSHAKE]: Received client indexed reply 8 of type net.minecraftforge.network.HandshakeMessages$C2SAcknowledge
[26Jul2026 01:34:44.899] [Netty Epoll Server IO #3/DEBUG] [net.minecraftforge.network.HandshakeHandler/FMLHANDSHAKE]: Received acknowledgement from client
[26Jul2026 01:34:44.919] [Netty Epoll Server IO #3/DEBUG] [net.minecraftforge.network.LoginWrapper/FMLHANDSHAKE]: Recieved login wrapper packet event for channel fml:handshake with index 9
[26Jul2026 01:34:44.919] [Netty Epoll Server IO #3/DEBUG] [net.minecraftforge.network.HandshakeHandler/FMLHANDSHAKE]: Received client indexed reply 9 of type net.minecraftforge.network.HandshakeMessages$C2SAcknowledge
[26Jul2026 01:34:44.919] [Netty Epoll Server IO #3/DEBUG] [net.minecraftforge.network.HandshakeHandler/FMLHANDSHAKE]: Received acknowledgement from client
[26Jul2026 01:34:44.924] [Netty Epoll Server IO #3/DEBUG] [net.minecraftforge.network.LoginWrapper/FMLHANDSHAKE]: Recieved login wrapper packet event for channel fml:handshake with index 10
[26Jul2026 01:34:44.924] [Netty Epoll Server IO #3/DEBUG] [net.minecraftforge.network.HandshakeHandler/FMLHANDSHAKE]: Received client indexed reply 10 of type net.minecraftforge.network.HandshakeMessages$C2SAcknowledge
[26Jul2026 01:34:44.924] [Netty Epoll Server IO #3/DEBUG] [net.minecraftforge.network.HandshakeHandler/FMLHANDSHAKE]: Received acknowledgement from client
[26Jul2026 01:34:44.931] [Server thread/DEBUG] [net.minecraftforge.network.HandshakeHandler/FMLHANDSHAKE]: Sending ticking packet info 'Registry minecraft:menu' to 'fml:handshake' sequence 16
[26Jul2026 01:34:44.993] [Netty Epoll Server IO #3/DEBUG] [net.minecraftforge.network.LoginWrapper/FMLHANDSHAKE]: Recieved login wrapper packet event for channel fml:handshake with index 11
[26Jul2026 01:34:44.993] [Netty Epoll Server IO #3/DEBUG] [net.minecraftforge.network.HandshakeHandler/FMLHANDSHAKE]: Received client indexed reply 11 of type net.minecraftforge.network.HandshakeMessages$C2SAcknowledge
[26Jul2026 01:34:44.993] [Netty Epoll Server IO #3/DEBUG] [net.minecraftforge.network.HandshakeHandler/FMLHANDSHAKE]: Received acknowledgement from client
[26Jul2026 01:34:44.994] [Netty Epoll Server IO #3/DEBUG] [net.minecraftforge.network.LoginWrapper/FMLHANDSHAKE]: Recieved login wrapper packet event for channel fml:handshake with index 12
[26Jul2026 01:34:44.994] [Netty Epoll Server IO #3/DEBUG] [net.minecraftforge.network.HandshakeHandler/FMLHANDSHAKE]: Received client indexed reply 12 of type net.minecraftforge.network.HandshakeMessages$C2SAcknowledge
[26Jul2026 01:34:44.994] [Netty Epoll Server IO #3/DEBUG] [net.minecraftforge.network.HandshakeHandler/FMLHANDSHAKE]: Received acknowledgement from client
[26Jul2026 01:34:44.997] [Netty Epoll Server IO #3/DEBUG] [net.minecraftforge.network.LoginWrapper/FMLHANDSHAKE]: Recieved login wrapper packet event for channel fml:handshake with index 13
[26Jul2026 01:34:44.997] [Netty Epoll Server IO #3/DEBUG] [net.minecraftforge.network.HandshakeHandler/FMLHANDSHAKE]: Received client indexed reply 13 of type net.minecraftforge.network.HandshakeMessages$C2SAcknowledge
[26Jul2026 01:34:44.997] [Netty Epoll Server IO #3/DEBUG] [net.minecraftforge.network.HandshakeHandler/FMLHANDSHAKE]: Received acknowledgement from client
[26Jul2026 01:34:44.997] [Netty Epoll Server IO #3/DEBUG] [net.minecraftforge.network.LoginWrapper/FMLHANDSHAKE]: Recieved login wrapper packet event for channel fml:handshake with index 14
[26Jul2026 01:34:44.998] [Netty Epoll Server IO #3/DEBUG] [net.minecraftforge.network.HandshakeHandler/FMLHANDSHAKE]: Received client indexed reply 14 of type net.minecraftforge.network.HandshakeMessages$C2SAcknowledge
[26Jul2026 01:34:44.999] [Netty Epoll Server IO #3/DEBUG] [net.minecraftforge.network.HandshakeHandler/FMLHANDSHAKE]: Received acknowledgement from client
[26Jul2026 01:34:45.007] [Netty Epoll Server IO #3/DEBUG] [net.minecraftforge.network.LoginWrapper/FMLHANDSHAKE]: Recieved login wrapper packet event for channel fml:handshake with index 15
[26Jul2026 01:34:45.007] [Netty Epoll Server IO #3/DEBUG] [net.minecraftforge.network.HandshakeHandler/FMLHANDSHAKE]: Received client indexed reply 15 of type net.minecraftforge.network.HandshakeMessages$C2SAcknowledge
[26Jul2026 01:34:45.007] [Netty Epoll Server IO #3/DEBUG] [net.minecraftforge.network.HandshakeHandler/FMLHANDSHAKE]: Received acknowledgement from client
[26Jul2026 01:34:45.010] [Server thread/DEBUG] [net.minecraftforge.network.HandshakeHandler/FMLHANDSHAKE]: Sending ticking packet info 'Registry minecraft:enchantment' to 'fml:handshake' sequence 17
[26Jul2026 01:34:45.066] [Netty Epoll Server IO #3/DEBUG] [net.minecraftforge.network.LoginWrapper/FMLHANDSHAKE]: Recieved login wrapper packet event for channel fml:handshake with index 16
[26Jul2026 01:34:45.067] [Netty Epoll Server IO #3/DEBUG] [net.minecraftforge.network.HandshakeHandler/FMLHANDSHAKE]: Received client indexed reply 16 of type net.minecraftforge.network.HandshakeMessages$C2SAcknowledge
[26Jul2026 01:34:45.068] [Netty Epoll Server IO #3/DEBUG] [net.minecraftforge.network.HandshakeHandler/FMLHANDSHAKE]: Received acknowledgement from client
[26Jul2026 01:34:45.099] [Server thread/DEBUG] [net.minecraftforge.network.HandshakeHandler/FMLHANDSHAKE]: Sending ticking packet info 'Registry minecraft:motive' to 'fml:handshake' sequence 18
[26Jul2026 01:34:45.133] [Server thread/DEBUG] [net.minecraftforge.network.HandshakeHandler/FMLHANDSHAKE]: Sending ticking packet info 'Registry minecraft:fluid' to 'fml:handshake' sequence 19
[26Jul2026 01:34:45.171] [Netty Epoll Server IO #3/DEBUG] [net.minecraftforge.network.LoginWrapper/FMLHANDSHAKE]: Recieved login wrapper packet event for channel fml:handshake with index 17
[26Jul2026 01:34:45.172] [Netty Epoll Server IO #3/DEBUG] [net.minecraftforge.network.HandshakeHandler/FMLHANDSHAKE]: Received client indexed reply 17 of type net.minecraftforge.network.HandshakeMessages$C2SAcknowledge
[26Jul2026 01:34:45.172] [Netty Epoll Server IO #3/DEBUG] [net.minecraftforge.network.HandshakeHandler/FMLHANDSHAKE]: Received acknowledgement from client
[26Jul2026 01:34:45.177] [Server thread/DEBUG] [net.minecraftforge.network.HandshakeHandler/FMLHANDSHAKE]: Sending ticking packet info 'Registry minecraft:entity_type' to 'fml:handshake' sequence 20
[26Jul2026 01:34:45.207] [Netty Epoll Server IO #3/DEBUG] [net.minecraftforge.network.LoginWrapper/FMLHANDSHAKE]: Recieved login wrapper packet event for channel fml:handshake with index 18
[26Jul2026 01:34:45.208] [Netty Epoll Server IO #3/DEBUG] [net.minecraftforge.network.HandshakeHandler/FMLHANDSHAKE]: Received client indexed reply 18 of type net.minecraftforge.network.HandshakeMessages$C2SAcknowledge
[26Jul2026 01:34:45.209] [Netty Epoll Server IO #3/DEBUG] [net.minecraftforge.network.HandshakeHandler/FMLHANDSHAKE]: Received acknowledgement from client
[26Jul2026 01:34:45.213] [Server thread/DEBUG] [net.minecraftforge.network.HandshakeHandler/FMLHANDSHAKE]: Sending ticking packet info 'Config champions-server.toml' to 'fml:handshake' sequence 21
[26Jul2026 01:34:45.249] [Netty Epoll Server IO #3/DEBUG] [net.minecraftforge.network.LoginWrapper/FMLHANDSHAKE]: Recieved login wrapper packet event for channel fml:handshake with index 19
[26Jul2026 01:34:45.250] [Netty Epoll Server IO #3/DEBUG] [net.minecraftforge.network.HandshakeHandler/FMLHANDSHAKE]: Received client indexed reply 19 of type net.minecraftforge.network.HandshakeMessages$C2SAcknowledge
[26Jul2026 01:34:45.253] [Netty Epoll Server IO #3/DEBUG] [net.minecraftforge.network.HandshakeHandler/FMLHANDSHAKE]: Received acknowledgement from client
[26Jul2026 01:34:45.287] [Server thread/DEBUG] [net.minecraftforge.network.HandshakeHandler/FMLHANDSHAKE]: Sending ticking packet info 'Config curios-server.toml' to 'fml:handshake' sequence 22
[26Jul2026 01:34:45.306] [Server thread/DEBUG] [net.minecraftforge.network.HandshakeHandler/FMLHANDSHAKE]: Sending ticking packet info 'Config journeymap-server.toml' to 'fml:handshake' sequence 23
[26Jul2026 01:34:45.342] [Server thread/DEBUG] [net.minecraftforge.network.HandshakeHandler/FMLHANDSHAKE]: Sending ticking packet info 'Config champions-entities.toml' to 'fml:handshake' sequence 24
[26Jul2026 01:34:45.372] [Server thread/DEBUG] [net.minecraftforge.network.HandshakeHandler/FMLHANDSHAKE]: Sending ticking packet info 'Config artifacts-server.toml' to 'fml:handshake' sequence 25
[26Jul2026 01:34:45.426] [Server thread/DEBUG] [net.minecraftforge.network.HandshakeHandler/FMLHANDSHAKE]: Sending ticking packet info 'Config betteranimalsplus-server.toml' to 'fml:handshake' sequence 26
[26Jul2026 01:34:45.479] [Server thread/DEBUG] [net.minecraftforge.network.HandshakeHandler/FMLHANDSHAKE]: Sending ticking packet info 'Config tombstone-server.toml' to 'fml:handshake' sequence 27
[26Jul2026 01:34:45.520] [Server thread/DEBUG] [net.minecraftforge.network.HandshakeHandler/FMLHANDSHAKE]: Sending ticking packet info 'Config champions-affixes.toml' to 'fml:handshake' sequence 28
[26Jul2026 01:34:45.579] [Server thread/DEBUG] [net.minecraftforge.network.HandshakeHandler/FMLHANDSHAKE]: Sending ticking packet info 'Config sophisticatedbackpacks-server.toml' to 'fml:handshake' sequence 29
[26Jul2026 01:34:45.619] [Server thread/DEBUG] [net.minecraftforge.network.HandshakeHandler/FMLHANDSHAKE]: Sending ticking packet info 'Config champions-ranks.toml' to 'fml:handshake' sequence 30
[26Jul2026 01:34:45.662] [Server thread/DEBUG] [net.minecraftforge.network.HandshakeHandler/FMLHANDSHAKE]: Sending ticking packet info 'Config jei-server.toml' to 'fml:handshake' sequence 31
[26Jul2026 01:34:45.722] [Server thread/DEBUG] [net.minecraftforge.network.HandshakeHandler/FMLHANDSHAKE]: Sending ticking packet info 'Config forge-server.toml' to 'fml:handshake' sequence 32
[26Jul2026 01:34:46.097] [Netty Epoll Server IO #3/DEBUG] [net.minecraftforge.network.LoginWrapper/FMLHANDSHAKE]: Recieved login wrapper packet event for channel fml:handshake with index 20
[26Jul2026 01:34:46.098] [Netty Epoll Server IO #3/DEBUG] [net.minecraftforge.network.HandshakeHandler/FMLHANDSHAKE]: Received client indexed reply 20 of type net.minecraftforge.network.HandshakeMessages$C2SAcknowledge
[26Jul2026 01:34:46.098] [Netty Epoll Server IO #3/DEBUG] [net.minecraftforge.network.HandshakeHandler/FMLHANDSHAKE]: Received acknowledgement from client
[26Jul2026 01:34:46.151] [Netty Epoll Server IO #3/DEBUG] [net.minecraftforge.network.LoginWrapper/FMLHANDSHAKE]: Recieved login wrapper packet event for channel fml:handshake with index 21
[26Jul2026 01:34:46.152] [Netty Epoll Server IO #3/DEBUG] [net.minecraftforge.network.HandshakeHandler/FMLHANDSHAKE]: Received client indexed reply 21 of type net.minecraftforge.network.HandshakeMessages$C2SAcknowledge
[26Jul2026 01:34:46.152] [Netty Epoll Server IO #3/DEBUG] [net.minecraftforge.network.HandshakeHandler/FMLHANDSHAKE]: Received acknowledgement from client
[26Jul2026 01:34:46.152] [Netty Epoll Server IO #3/DEBUG] [net.minecraftforge.network.LoginWrapper/FMLHANDSHAKE]: Recieved login wrapper packet event for channel fml:handshake with index 22
[26Jul2026 01:34:46.154] [Netty Epoll Server IO #3/DEBUG] [net.minecraftforge.network.HandshakeHandler/FMLHANDSHAKE]: Received client indexed reply 22 of type net.minecraftforge.network.HandshakeMessages$C2SAcknowledge
[26Jul2026 01:34:46.154] [Netty Epoll Server IO #3/DEBUG] [net.minecraftforge.network.HandshakeHandler/FMLHANDSHAKE]: Received acknowledgement from client
[26Jul2026 01:34:46.165] [Netty Epoll Server IO #3/DEBUG] [net.minecraftforge.network.LoginWrapper/FMLHANDSHAKE]: Recieved login wrapper packet event for channel fml:handshake with index 23
[26Jul2026 01:34:46.166] [Netty Epoll Server IO #3/DEBUG] [net.minecraftforge.network.HandshakeHandler/FMLHANDSHAKE]: Received client indexed reply 23 of type net.minecraftforge.network.HandshakeMessages$C2SAcknowledge
[26Jul2026 01:34:46.166] [Netty Epoll Server IO #3/DEBUG] [net.minecraftforge.network.HandshakeHandler/FMLHANDSHAKE]: Received acknowledgement from client
[26Jul2026 01:34:46.171] [Netty Epoll Server IO #3/DEBUG] [net.minecraftforge.network.LoginWrapper/FMLHANDSHAKE]: Recieved login wrapper packet event for channel fml:handshake with index 24
[26Jul2026 01:34:46.172] [Netty Epoll Server IO #3/DEBUG] [net.minecraftforge.network.HandshakeHandler/FMLHANDSHAKE]: Received client indexed reply 24 of type net.minecraftforge.network.HandshakeMessages$C2SAcknowledge
[26Jul2026 01:34:46.172] [Netty Epoll Server IO #3/DEBUG] [net.minecraftforge.network.HandshakeHandler/FMLHANDSHAKE]: Received acknowledgement from client
[26Jul2026 01:34:46.178] [Netty Epoll Server IO #3/DEBUG] [net.minecraftforge.network.LoginWrapper/FMLHANDSHAKE]: Recieved login wrapper packet event for channel fml:handshake with index 25
[26Jul2026 01:34:46.178] [Netty Epoll Server IO #3/DEBUG] [net.minecraftforge.network.HandshakeHandler/FMLHANDSHAKE]: Received client indexed reply 25 of type net.minecraftforge.network.HandshakeMessages$C2SAcknowledge
[26Jul2026 01:34:46.179] [Netty Epoll Server IO #3/DEBUG] [net.minecraftforge.network.HandshakeHandler/FMLHANDSHAKE]: Received acknowledgement from client
[26Jul2026 01:34:46.183] [Netty Epoll Server IO #3/DEBUG] [net.minecraftforge.network.LoginWrapper/FMLHANDSHAKE]: Recieved login wrapper packet event for channel fml:handshake with index 26
[26Jul2026 01:34:46.183] [Netty Epoll Server IO #3/DEBUG] [net.minecraftforge.network.HandshakeHandler/FMLHANDSHAKE]: Received client indexed reply 26 of type net.minecraftforge.network.HandshakeMessages$C2SAcknowledge
[26Jul2026 01:34:46.183] [Netty Epoll Server IO #3/DEBUG] [net.minecraftforge.network.HandshakeHandler/FMLHANDSHAKE]: Received acknowledgement from client
[26Jul2026 01:34:46.185] [Netty Epoll Server IO #3/DEBUG] [net.minecraftforge.network.LoginWrapper/FMLHANDSHAKE]: Recieved login wrapper packet event for channel fml:handshake with index 27
[26Jul2026 01:34:46.185] [Netty Epoll Server IO #3/DEBUG] [net.minecraftforge.network.HandshakeHandler/FMLHANDSHAKE]: Received client indexed reply 27 of type net.minecraftforge.network.HandshakeMessages$C2SAcknowledge
[26Jul2026 01:34:46.186] [Netty Epoll Server IO #3/DEBUG] [net.minecraftforge.network.HandshakeHandler/FMLHANDSHAKE]: Received acknowledgement from client
[26Jul2026 01:34:46.224] [Netty Epoll Server IO #3/DEBUG] [net.minecraftforge.network.LoginWrapper/FMLHANDSHAKE]: Recieved login wrapper packet event for channel fml:handshake with index 28
[26Jul2026 01:34:46.224] [Netty Epoll Server IO #3/DEBUG] [net.minecraftforge.network.HandshakeHandler/FMLHANDSHAKE]: Received client indexed reply 28 of type net.minecraftforge.network.HandshakeMessages$C2SAcknowledge
[26Jul2026 01:34:46.224] [Netty Epoll Server IO #3/DEBUG] [net.minecraftforge.network.HandshakeHandler/FMLHANDSHAKE]: Received acknowledgement from client
[26Jul2026 01:34:46.229] [Netty Epoll Server IO #3/DEBUG] [net.minecraftforge.network.LoginWrapper/FMLHANDSHAKE]: Recieved login wrapper packet event for channel fml:handshake with index 29
[26Jul2026 01:34:46.229] [Netty Epoll Server IO #3/DEBUG] [net.minecraftforge.network.HandshakeHandler/FMLHANDSHAKE]: Received client indexed reply 29 of type net.minecraftforge.network.HandshakeMessages$C2SAcknowledge
[26Jul2026 01:34:46.229] [Netty Epoll Server IO #3/DEBUG] [net.minecraftforge.network.HandshakeHandler/FMLHANDSHAKE]: Received acknowledgement from client
[26Jul2026 01:34:46.231] [Netty Epoll Server IO #3/DEBUG] [net.minecraftforge.network.LoginWrapper/FMLHANDSHAKE]: Recieved login wrapper packet event for channel fml:handshake with index 30
[26Jul2026 01:34:46.231] [Netty Epoll Server IO #3/DEBUG] [net.minecraftforge.network.HandshakeHandler/FMLHANDSHAKE]: Received client indexed reply 30 of type net.minecraftforge.network.HandshakeMessages$C2SAcknowledge
[26Jul2026 01:34:46.231] [Netty Epoll Server IO #3/DEBUG] [net.minecraftforge.network.HandshakeHandler/FMLHANDSHAKE]: Received acknowledgement from client
[26Jul2026 01:34:46.232] [Netty Epoll Server IO #3/DEBUG] [net.minecraftforge.network.LoginWrapper/FMLHANDSHAKE]: Recieved login wrapper packet event for channel fml:handshake with index 31
[26Jul2026 01:34:46.232] [Netty Epoll Server IO #3/DEBUG] [net.minecraftforge.network.HandshakeHandler/FMLHANDSHAKE]: Received client indexed reply 31 of type net.minecraftforge.network.HandshakeMessages$C2SAcknowledge
[26Jul2026 01:34:46.232] [Netty Epoll Server IO #3/DEBUG] [net.minecraftforge.network.HandshakeHandler/FMLHANDSHAKE]: Received acknowledgement from client
[26Jul2026 01:34:46.236] [Netty Epoll Server IO #3/DEBUG] [net.minecraftforge.network.LoginWrapper/FMLHANDSHAKE]: Recieved login wrapper packet event for channel fml:handshake with index 32
[26Jul2026 01:34:46.238] [Netty Epoll Server IO #3/DEBUG] [net.minecraftforge.network.HandshakeHandler/FMLHANDSHAKE]: Received client indexed reply 32 of type net.minecraftforge.network.HandshakeMessages$C2SAcknowledge
[26Jul2026 01:34:46.238] [Netty Epoll Server IO #3/DEBUG] [net.minecraftforge.network.HandshakeHandler/FMLHANDSHAKE]: Received acknowledgement from client
[26Jul2026 01:34:46.285] [Server thread/DEBUG] [net.minecraftforge.network.HandshakeHandler/FMLHANDSHAKE]: Handshake complete!
[26Jul2026 01:34:46.730] [Server thread/INFO] [net.minecraftforge.common.AdvancementLoadFix/]: Using new advancement loading for net.minecraft.server.PlayerAdvancements@22ae48d0
[26Jul2026 01:34:46.835] [Server thread/INFO] [net.minecraft.server.players.PlayerList/]: teils227[/100.80.170.12:61144] logged in with entity id 657 at (-209.8649674295402, 61.588365408982924, -255.8631280828503)
[26Jul2026 01:34:46.864] [Server thread/DEBUG] [net.minecraftforge.network.filters.NetworkFilters/]: Injected net.minecraftforge.network.filters.ForgeConnectionNetworkFilter@706463f0 into net.minecraft.network.Connection@61aff63a
[26Jul2026 01:34:46.929] [Server thread/INFO] [net.minecraft.server.dedicated.DedicatedServer/]: teils227 joined the game
[26Jul2026 01:34:47.166] [Server thread/INFO] [net.minecraftforge.common.AdvancementLoadFix/]: Using new advancement loading for net.minecraft.server.PlayerAdvancements@2076bb65
[26Jul2026 01:34:51.691] [Server thread/WARN] [net.minecraft.server.MinecraftServer/]: Can't keep up! Is the server overloaded? Running 5336ms or 106 ticks behind
[26Jul2026 01:34:52.952] [Netty Epoll Server IO #5/DEBUG] [net.minecraftforge.network.HandshakeHandler/FMLHANDSHAKE]: Starting new modded impl connection. Found 33 messages to dispatch.
[26Jul2026 01:34:52.961] [Server thread/DEBUG] [net.minecraftforge.network.HandshakeHandler/FMLHANDSHAKE]: Sending ticking packet info 'net.minecraftforge.network.HandshakeMessages$S2CModData' to 'fml:handshake' sequence 0
[26Jul2026 01:34:53.014] [Server thread/DEBUG] [net.minecraftforge.network.HandshakeHandler/FMLHANDSHAKE]: Sending ticking packet info 'net.minecraftforge.network.HandshakeMessages$S2CModList' to 'fml:handshake' sequence 1
[26Jul2026 01:34:53.042] [Server thread/DEBUG] [net.minecraftforge.network.HandshakeHandler/FMLHANDSHAKE]: Sending ticking packet info 'Registry minecraft:recipe_serializer' to 'fml:handshake' sequence 2
[26Jul2026 01:34:53.065] [Server thread/DEBUG] [net.minecraftforge.network.HandshakeHandler/FMLHANDSHAKE]: Sending ticking packet info 'Registry minecraft:sound_event' to 'fml:handshake' sequence 3
[26Jul2026 01:34:53.120] [Netty Epoll Server IO #5/DEBUG] [net.minecraftforge.network.LoginWrapper/FMLHANDSHAKE]: Recieved login wrapper packet event for channel fml:handshake with index 1
[26Jul2026 01:34:53.121] [Netty Epoll Server IO #5/DEBUG] [net.minecraftforge.network.HandshakeHandler/FMLHANDSHAKE]: Received client indexed reply 1 of type net.minecraftforge.network.HandshakeMessages$C2SModListReply
[26Jul2026 01:34:53.125] [Netty Epoll Server IO #5/DEBUG] [net.minecraftforge.network.HandshakeHandler/FMLHANDSHAKE]: Received client connection with modlist [minecraft, mowziesmobs, woodarmor, terrablender, mutantmonsters, biomesoplenty, jei, graveyard, born_in_chaos_v1, incendium, sophisticatedcore, insanelib, curios, spartanshields, ecologics, structory, journeymap, citadel, alexsmobs, artifacts, mixinextras, champions, tombstone, betteranimalsplus, sophisticatedbackpacks, spartanweaponry, progressivebosses, architectury, iceandfire, bosses_of_mass_destruction, puzzleslib, immersive_armors, usefulslime, cloth_config, forge, expandability, geckolib3, dungeons_arise]
[26Jul2026 01:34:53.125] [Netty Epoll Server IO #5/DEBUG] [net.minecraftforge.network.NetworkRegistry/NETREGISTRY]: Channel 'ic_ia:main' : Version test of '1' from client : ACCEPTED
[26Jul2026 01:34:53.125] [Netty Epoll Server IO #5/DEBUG] [net.minecraftforge.network.NetworkRegistry/NETREGISTRY]: Channel 'architectury:network' : Version test of '1' from client : ACCEPTED
[26Jul2026 01:34:53.125] [Netty Epoll Server IO #5/DEBUG] [net.minecraftforge.network.NetworkRegistry/NETREGISTRY]: Channel 'jei:channel' : Version test of '1.0.0' from client : ACCEPTED
[26Jul2026 01:34:53.125] [Netty Epoll Server IO #5/DEBUG] [net.minecraftforge.network.NetworkRegistry/NETREGISTRY]: Channel 'minecraft:unregister' : Version test of 'FML3' from client : ACCEPTED
[26Jul2026 01:34:53.125] [Netty Epoll Server IO #5/DEBUG] [net.minecraftforge.network.NetworkRegistry/NETREGISTRY]: Channel 'sophisticatedbackpacks:channel' : Version test of '1' from client : ACCEPTED
[26Jul2026 01:34:53.125] [Netty Epoll Server IO #5/DEBUG] [net.minecraftforge.network.NetworkRegistry/NETREGISTRY]: Channel 'citadel:main_channel' : Version test of '1' from client : ACCEPTED
[26Jul2026 01:34:53.125] [Netty Epoll Server IO #5/DEBUG] [net.minecraftforge.network.NetworkRegistry/NETREGISTRY]: Channel 'progressivebosses:wither_sync' : Version test of '1' from client : ACCEPTED
[26Jul2026 01:34:53.125] [Netty Epoll Server IO #5/DEBUG] [net.minecraftforge.network.NetworkRegistry/NETREGISTRY]: Channel 'born_in_chaos_v1:born_in_chaos_v1' : Version test of '1' from client : ACCEPTED
[26Jul2026 01:34:53.125] [Netty Epoll Server IO #5/DEBUG] [net.minecraftforge.network.NetworkRegistry/NETREGISTRY]: Channel 'iceandfire:main_channel' : Version test of '1' from client : ACCEPTED
[26Jul2026 01:34:53.125] [Netty Epoll Server IO #5/DEBUG] [net.minecraftforge.network.NetworkRegistry/NETREGISTRY]: Channel 'journeymap:version' : Version test of '1' from client : ACCEPTED
[26Jul2026 01:34:53.125] [Netty Epoll Server IO #5/DEBUG] [net.minecraftforge.network.NetworkRegistry/NETREGISTRY]: Channel 'bosses_of_mass_destruction:packets' : Version test of '1' from client : ACCEPTED
[26Jul2026 01:34:53.125] [Netty Epoll Server IO #5/DEBUG] [net.minecraftforge.network.NetworkRegistry/NETREGISTRY]: Channel 'champions:main' : Version test of '1' from client : ACCEPTED
[26Jul2026 01:34:53.126] [Netty Epoll Server IO #5/DEBUG] [net.minecraftforge.network.NetworkRegistry/NETREGISTRY]: Channel 'curios:main' : Version test of '1' from client : ACCEPTED
[26Jul2026 01:34:53.126] [Netty Epoll Server IO #5/DEBUG] [net.minecraftforge.network.NetworkRegistry/NETREGISTRY]: Channel 'worldinfo:world_id' : Version test of '1' from client : ACCEPTED
[26Jul2026 01:34:53.126] [Netty Epoll Server IO #5/DEBUG] [net.minecraftforge.network.NetworkRegistry/NETREGISTRY]: Channel 'journeymap:admin_req' : Version test of '1' from client : ACCEPTED
[26Jul2026 01:34:53.126] [Netty Epoll Server IO #5/DEBUG] [net.minecraftforge.network.NetworkRegistry/NETREGISTRY]: Channel 'journeymap:mp_options_req' : Version test of '1' from client : ACCEPTED
[26Jul2026 01:34:53.126] [Netty Epoll Server IO #5/DEBUG] [net.minecraftforge.network.NetworkRegistry/NETREGISTRY]: Channel 'journeymap:waypoint' : Version test of '1' from client : ACCEPTED
[26Jul2026 01:34:53.126] [Netty Epoll Server IO #5/DEBUG] [net.minecraftforge.network.NetworkRegistry/NETREGISTRY]: Channel 'fml:loginwrapper' : Version test of 'FML3' from client : ACCEPTED
[26Jul2026 01:34:53.127] [Netty Epoll Server IO #5/DEBUG] [net.minecraftforge.network.NetworkRegistry/NETREGISTRY]: Channel 'forge:tier_sorting' : Version test of '1.0' from client : ACCEPTED
[26Jul2026 01:34:53.127] [Netty Epoll Server IO #5/DEBUG] [net.minecraftforge.network.NetworkRegistry/NETREGISTRY]: Channel 'spartanshields:network' : Version test of '1' from client : ACCEPTED
[26Jul2026 01:34:53.127] [Netty Epoll Server IO #5/DEBUG] [net.minecraftforge.network.NetworkRegistry/NETREGISTRY]: Channel 'alexsmobs:main_channel' : Version test of '1' from client : ACCEPTED
[26Jul2026 01:34:53.127] [Netty Epoll Server IO #5/DEBUG] [net.minecraftforge.network.NetworkRegistry/NETREGISTRY]: Channel 'tombstone:tombstone_channel' : Version test of 'tombstone-7.7.7' from client : ACCEPTED
[26Jul2026 01:34:53.127] [Netty Epoll Server IO #5/DEBUG] [net.minecraftforge.network.NetworkRegistry/NETREGISTRY]: Channel 'mowziesmobs:net' : Version test of '1' from client : ACCEPTED
[26Jul2026 01:34:53.127] [Netty Epoll Server IO #5/DEBUG] [net.minecraftforge.network.NetworkRegistry/NETREGISTRY]: Channel 'fml:play' : Version test of 'FML3' from client : ACCEPTED
[26Jul2026 01:34:53.127] [Netty Epoll Server IO #5/DEBUG] [net.minecraftforge.network.NetworkRegistry/NETREGISTRY]: Channel 'journeymap:admin_save' : Version test of '1' from client : ACCEPTED
[26Jul2026 01:34:53.127] [Netty Epoll Server IO #5/DEBUG] [net.minecraftforge.network.NetworkRegistry/NETREGISTRY]: Channel 'journeymap:player_loc' : Version test of '1' from client : ACCEPTED
[26Jul2026 01:34:53.127] [Netty Epoll Server IO #5/DEBUG] [net.minecraftforge.network.NetworkRegistry/NETREGISTRY]: Channel 'sophisticatedcore:channel' : Version test of '1' from client : ACCEPTED
[26Jul2026 01:34:53.127] [Netty Epoll Server IO #5/DEBUG] [net.minecraftforge.network.NetworkRegistry/NETREGISTRY]: Channel 'journeymap:teleport_req' : Version test of '1' from client : ACCEPTED
[26Jul2026 01:34:53.127] [Netty Epoll Server IO #5/DEBUG] [net.minecraftforge.network.NetworkRegistry/NETREGISTRY]: Channel 'artifacts:main' : Version test of '1' from client : ACCEPTED
[26Jul2026 01:34:53.127] [Netty Epoll Server IO #5/DEBUG] [net.minecraftforge.network.NetworkRegistry/NETREGISTRY]: Channel 'fml:handshake' : Version test of 'FML3' from client : ACCEPTED
[26Jul2026 01:34:53.127] [Netty Epoll Server IO #5/DEBUG] [net.minecraftforge.network.NetworkRegistry/NETREGISTRY]: Channel 'puzzleslib-1:play' : Version test of '1' from client : ACCEPTED
[26Jul2026 01:34:53.127] [Netty Epoll Server IO #5/DEBUG] [net.minecraftforge.network.NetworkRegistry/NETREGISTRY]: Channel 'journeymap:common' : Version test of '1' from client : ACCEPTED
[26Jul2026 01:34:53.127] [Netty Epoll Server IO #5/DEBUG] [net.minecraftforge.network.NetworkRegistry/NETREGISTRY]: Channel 'spartanweaponry:network' : Version test of '1' from client : ACCEPTED
[26Jul2026 01:34:53.127] [Netty Epoll Server IO #5/DEBUG] [net.minecraftforge.network.NetworkRegistry/NETREGISTRY]: Channel 'geckolib3:main' : Version test of '0' from client : ACCEPTED
[26Jul2026 01:34:53.127] [Netty Epoll Server IO #5/DEBUG] [net.minecraftforge.network.NetworkRegistry/NETREGISTRY]: Channel 'minecraft:register' : Version test of 'FML3' from client : ACCEPTED
[26Jul2026 01:34:53.127] [Netty Epoll Server IO #5/DEBUG] [net.minecraftforge.network.NetworkRegistry/NETREGISTRY]: Channel 'forge:split' : Version test of '1.1' from client : ACCEPTED
[26Jul2026 01:34:53.127] [Netty Epoll Server IO #5/DEBUG] [net.minecraftforge.network.NetworkRegistry/NETREGISTRY]: Channel 'journeymap:perm_req' : Version test of '1' from client : ACCEPTED
[26Jul2026 01:34:53.127] [Netty Epoll Server IO #5/DEBUG] [net.minecraftforge.network.NetworkRegistry/NETREGISTRY]: Channel 'mutantmonsters-1:play' : Version test of '1' from client : ACCEPTED
[26Jul2026 01:34:53.127] [Netty Epoll Server IO #5/DEBUG] [net.minecraftforge.network.NetworkRegistry/NETREGISTRY]: Accepting channel list from client
[26Jul2026 01:34:53.127] [Netty Epoll Server IO #5/DEBUG] [net.minecraftforge.network.HandshakeHandler/FMLHANDSHAKE]: Accepted client connection mod list
[26Jul2026 01:34:53.138] [Netty Epoll Server IO #5/DEBUG] [net.minecraftforge.network.LoginWrapper/FMLHANDSHAKE]: Recieved login wrapper packet event for channel fml:handshake with index 2
[26Jul2026 01:34:53.138] [Netty Epoll Server IO #5/DEBUG] [net.minecraftforge.network.HandshakeHandler/FMLHANDSHAKE]: Received client indexed reply 2 of type net.minecraftforge.network.HandshakeMessages$C2SAcknowledge
[26Jul2026 01:34:53.138] [Netty Epoll Server IO #5/DEBUG] [net.minecraftforge.network.HandshakeHandler/FMLHANDSHAKE]: Received acknowledgement from client
[26Jul2026 01:34:53.145] [Server thread/DEBUG] [net.minecraftforge.network.HandshakeHandler/FMLHANDSHAKE]: Sending ticking packet info 'Registry minecraft:particle_type' to 'fml:handshake' sequence 4
[26Jul2026 01:34:53.237] [Server thread/DEBUG] [net.minecraftforge.network.HandshakeHandler/FMLHANDSHAKE]: Sending ticking packet info 'Registry minecraft:villager_profession' to 'fml:handshake' sequence 5
[26Jul2026 01:34:53.333] [Netty Epoll Server IO #5/DEBUG] [net.minecraftforge.network.LoginWrapper/FMLHANDSHAKE]: Recieved login wrapper packet event for channel fml:handshake with index 3
[26Jul2026 01:34:53.334] [Netty Epoll Server IO #5/DEBUG] [net.minecraftforge.network.HandshakeHandler/FMLHANDSHAKE]: Received client indexed reply 3 of type net.minecraftforge.network.HandshakeMessages$C2SAcknowledge
[26Jul2026 01:34:53.334] [Netty Epoll Server IO #5/DEBUG] [net.minecraftforge.network.HandshakeHandler/FMLHANDSHAKE]: Received acknowledgement from client
[26Jul2026 01:34:53.334] [Netty Epoll Server IO #5/DEBUG] [net.minecraftforge.network.LoginWrapper/FMLHANDSHAKE]: Recieved login wrapper packet event for channel fml:handshake with index 4
[26Jul2026 01:34:53.334] [Netty Epoll Server IO #5/DEBUG] [net.minecraftforge.network.HandshakeHandler/FMLHANDSHAKE]: Received client indexed reply 4 of type net.minecraftforge.network.HandshakeMessages$C2SAcknowledge
[26Jul2026 01:34:53.334] [Netty Epoll Server IO #5/DEBUG] [net.minecraftforge.network.HandshakeHandler/FMLHANDSHAKE]: Received acknowledgement from client
[26Jul2026 01:34:53.334] [Netty Epoll Server IO #5/DEBUG] [net.minecraftforge.network.LoginWrapper/FMLHANDSHAKE]: Recieved login wrapper packet event for channel fml:handshake with index 5
[26Jul2026 01:34:53.334] [Netty Epoll Server IO #5/DEBUG] [net.minecraftforge.network.HandshakeHandler/FMLHANDSHAKE]: Received client indexed reply 5 of type net.minecraftforge.network.HandshakeMessages$C2SAcknowledge
[26Jul2026 01:34:53.334] [Netty Epoll Server IO #5/DEBUG] [net.minecraftforge.network.HandshakeHandler/FMLHANDSHAKE]: Received acknowledgement from client
[26Jul2026 01:34:53.336] [Server thread/DEBUG] [net.minecraftforge.network.HandshakeHandler/FMLHANDSHAKE]: Sending ticking packet info 'Registry minecraft:item' to 'fml:handshake' sequence 6
[26Jul2026 01:34:53.378] [Server thread/DEBUG] [net.minecraftforge.network.HandshakeHandler/FMLHANDSHAKE]: Sending ticking packet info 'Registry minecraft:potion' to 'fml:handshake' sequence 7
[26Jul2026 01:34:53.404] [Server thread/DEBUG] [net.minecraftforge.network.HandshakeHandler/FMLHANDSHAKE]: Sending ticking packet info 'Registry minecraft:block_entity_type' to 'fml:handshake' sequence 8
[26Jul2026 01:34:53.443] [Server thread/DEBUG] [net.minecraftforge.network.HandshakeHandler/FMLHANDSHAKE]: Sending ticking packet info 'Registry minecraft:block' to 'fml:handshake' sequence 9
[26Jul2026 01:34:53.480] [Server thread/DEBUG] [net.minecraftforge.network.HandshakeHandler/FMLHANDSHAKE]: Sending ticking packet info 'Registry spartanweaponry:oil_effects' to 'fml:handshake' sequence 10
[26Jul2026 01:34:53.508] [Server thread/DEBUG] [net.minecraftforge.network.HandshakeHandler/FMLHANDSHAKE]: Sending ticking packet info 'Registry spartanweaponry:weapon_traits' to 'fml:handshake' sequence 11
[26Jul2026 01:34:53.522] [Netty Epoll Server IO #5/DEBUG] [net.minecraftforge.network.LoginWrapper/FMLHANDSHAKE]: Recieved login wrapper packet event for channel fml:handshake with index 6
[26Jul2026 01:34:53.523] [Netty Epoll Server IO #5/DEBUG] [net.minecraftforge.network.HandshakeHandler/FMLHANDSHAKE]: Received client indexed reply 6 of type net.minecraftforge.network.HandshakeMessages$C2SAcknowledge
[26Jul2026 01:34:53.523] [Netty Epoll Server IO #5/DEBUG] [net.minecraftforge.network.HandshakeHandler/FMLHANDSHAKE]: Received acknowledgement from client
[26Jul2026 01:34:53.523] [Netty Epoll Server IO #5/DEBUG] [net.minecraftforge.network.LoginWrapper/FMLHANDSHAKE]: Recieved login wrapper packet event for channel fml:handshake with index 7
[26Jul2026 01:34:53.523] [Netty Epoll Server IO #5/DEBUG] [net.minecraftforge.network.HandshakeHandler/FMLHANDSHAKE]: Received client indexed reply 7 of type net.minecraftforge.network.HandshakeMessages$C2SAcknowledge
[26Jul2026 01:34:53.523] [Netty Epoll Server IO #5/DEBUG] [net.minecraftforge.network.HandshakeHandler/FMLHANDSHAKE]: Received acknowledgement from client
[26Jul2026 01:34:53.525] [Netty Epoll Server IO #5/DEBUG] [net.minecraftforge.network.LoginWrapper/FMLHANDSHAKE]: Recieved login wrapper packet event for channel fml:handshake with index 8
[26Jul2026 01:34:53.525] [Netty Epoll Server IO #5/DEBUG] [net.minecraftforge.network.HandshakeHandler/FMLHANDSHAKE]: Received client indexed reply 8 of type net.minecraftforge.network.HandshakeMessages$C2SAcknowledge
[26Jul2026 01:34:53.525] [Netty Epoll Server IO #5/DEBUG] [net.minecraftforge.network.HandshakeHandler/FMLHANDSHAKE]: Received acknowledgement from client
[26Jul2026 01:34:53.541] [Netty Epoll Server IO #5/DEBUG] [net.minecraftforge.network.LoginWrapper/FMLHANDSHAKE]: Recieved login wrapper packet event for channel fml:handshake with index 9
[26Jul2026 01:34:53.541] [Netty Epoll Server IO #5/DEBUG] [net.minecraftforge.network.HandshakeHandler/FMLHANDSHAKE]: Received client indexed reply 9 of type net.minecraftforge.network.HandshakeMessages$C2SAcknowledge
[26Jul2026 01:34:53.541] [Netty Epoll Server IO #5/DEBUG] [net.minecraftforge.network.HandshakeHandler/FMLHANDSHAKE]: Received acknowledgement from client
[26Jul2026 01:34:53.551] [Server thread/DEBUG] [net.minecraftforge.network.HandshakeHandler/FMLHANDSHAKE]: Sending ticking packet info 'Registry minecraft:data_serializers' to 'fml:handshake' sequence 12
[26Jul2026 01:34:53.561] [Netty Epoll Server IO #5/DEBUG] [net.minecraftforge.network.LoginWrapper/FMLHANDSHAKE]: Recieved login wrapper packet event for channel fml:handshake with index 10
[26Jul2026 01:34:53.561] [Netty Epoll Server IO #5/DEBUG] [net.minecraftforge.network.HandshakeHandler/FMLHANDSHAKE]: Received client indexed reply 10 of type net.minecraftforge.network.HandshakeMessages$C2SAcknowledge
[26Jul2026 01:34:53.561] [Netty Epoll Server IO #5/DEBUG] [net.minecraftforge.network.HandshakeHandler/FMLHANDSHAKE]: Received acknowledgement from client
[26Jul2026 01:34:53.571] [Server thread/DEBUG] [net.minecraftforge.network.HandshakeHandler/FMLHANDSHAKE]: Sending ticking packet info 'Registry minecraft:mob_effect' to 'fml:handshake' sequence 13
[26Jul2026 01:34:53.594] [Netty Epoll Server IO #5/DEBUG] [net.minecraftforge.network.LoginWrapper/FMLHANDSHAKE]: Recieved login wrapper packet event for channel fml:handshake with index 11
[26Jul2026 01:34:53.594] [Netty Epoll Server IO #5/DEBUG] [net.minecraftforge.network.HandshakeHandler/FMLHANDSHAKE]: Received client indexed reply 11 of type net.minecraftforge.network.HandshakeMessages$C2SAcknowledge
[26Jul2026 01:34:53.595] [Netty Epoll Server IO #5/DEBUG] [net.minecraftforge.network.HandshakeHandler/FMLHANDSHAKE]: Received acknowledgement from client
[26Jul2026 01:34:53.639] [Netty Epoll Server IO #5/DEBUG] [net.minecraftforge.network.LoginWrapper/FMLHANDSHAKE]: Recieved login wrapper packet event for channel fml:handshake with index 12
[26Jul2026 01:34:53.639] [Netty Epoll Server IO #5/DEBUG] [net.minecraftforge.network.HandshakeHandler/FMLHANDSHAKE]: Received client indexed reply 12 of type net.minecraftforge.network.HandshakeMessages$C2SAcknowledge
[26Jul2026 01:34:53.639] [Netty Epoll Server IO #5/DEBUG] [net.minecraftforge.network.HandshakeHandler/FMLHANDSHAKE]: Received acknowledgement from client
[26Jul2026 01:34:53.658] [Netty Epoll Server IO #5/DEBUG] [net.minecraftforge.network.LoginWrapper/FMLHANDSHAKE]: Recieved login wrapper packet event for channel fml:handshake with index 13
[26Jul2026 01:34:53.658] [Netty Epoll Server IO #5/DEBUG] [net.minecraftforge.network.HandshakeHandler/FMLHANDSHAKE]: Received client indexed reply 13 of type net.minecraftforge.network.HandshakeMessages$C2SAcknowledge
[26Jul2026 01:34:53.658] [Netty Epoll Server IO #5/DEBUG] [net.minecraftforge.network.HandshakeHandler/FMLHANDSHAKE]: Received acknowledgement from client
[26Jul2026 01:34:53.659] [Server thread/DEBUG] [net.minecraftforge.network.HandshakeHandler/FMLHANDSHAKE]: Sending ticking packet info 'Registry minecraft:stat_type' to 'fml:handshake' sequence 14
[26Jul2026 01:34:53.676] [Server thread/DEBUG] [net.minecraftforge.network.HandshakeHandler/FMLHANDSHAKE]: Sending ticking packet info 'Registry tombstone:perks' to 'fml:handshake' sequence 15
[26Jul2026 01:34:53.740] [Netty Epoll Server IO #5/DEBUG] [net.minecraftforge.network.LoginWrapper/FMLHANDSHAKE]: Recieved login wrapper packet event for channel fml:handshake with index 14
[26Jul2026 01:34:53.741] [Netty Epoll Server IO #5/DEBUG] [net.minecraftforge.network.HandshakeHandler/FMLHANDSHAKE]: Received client indexed reply 14 of type net.minecraftforge.network.HandshakeMessages$C2SAcknowledge
[26Jul2026 01:34:53.741] [Netty Epoll Server IO #5/DEBUG] [net.minecraftforge.network.HandshakeHandler/FMLHANDSHAKE]: Received acknowledgement from client
[26Jul2026 01:34:53.761] [Netty Epoll Server IO #5/DEBUG] [net.minecraftforge.network.LoginWrapper/FMLHANDSHAKE]: Recieved login wrapper packet event for channel fml:handshake with index 15
[26Jul2026 01:34:53.762] [Netty Epoll Server IO #5/DEBUG] [net.minecraftforge.network.HandshakeHandler/FMLHANDSHAKE]: Received client indexed reply 15 of type net.minecraftforge.network.HandshakeMessages$C2SAcknowledge
[26Jul2026 01:34:53.762] [Netty Epoll Server IO #5/DEBUG] [net.minecraftforge.network.HandshakeHandler/FMLHANDSHAKE]: Received acknowledgement from client
[26Jul2026 01:34:53.766] [Server thread/DEBUG] [net.minecraftforge.network.HandshakeHandler/FMLHANDSHAKE]: Sending ticking packet info 'Registry minecraft:menu' to 'fml:handshake' sequence 16
[26Jul2026 01:34:53.790] [Server thread/DEBUG] [net.minecraftforge.network.HandshakeHandler/FMLHANDSHAKE]: Sending ticking packet info 'Registry minecraft:enchantment' to 'fml:handshake' sequence 17
[26Jul2026 01:34:53.817] [Server thread/DEBUG] [net.minecraftforge.network.HandshakeHandler/FMLHANDSHAKE]: Sending ticking packet info 'Registry minecraft:motive' to 'fml:handshake' sequence 18
[26Jul2026 01:34:53.856] [Netty Epoll Server IO #5/DEBUG] [net.minecraftforge.network.LoginWrapper/FMLHANDSHAKE]: Recieved login wrapper packet event for channel fml:handshake with index 16
[26Jul2026 01:34:53.856] [Netty Epoll Server IO #5/DEBUG] [net.minecraftforge.network.HandshakeHandler/FMLHANDSHAKE]: Received client indexed reply 16 of type net.minecraftforge.network.HandshakeMessages$C2SAcknowledge
[26Jul2026 01:34:53.856] [Netty Epoll Server IO #5/DEBUG] [net.minecraftforge.network.HandshakeHandler/FMLHANDSHAKE]: Received acknowledgement from client
[26Jul2026 01:34:53.869] [Server thread/DEBUG] [net.minecraftforge.network.HandshakeHandler/FMLHANDSHAKE]: Sending ticking packet info 'Registry minecraft:fluid' to 'fml:handshake' sequence 19
[26Jul2026 01:34:53.873] [Netty Epoll Server IO #5/DEBUG] [net.minecraftforge.network.LoginWrapper/FMLHANDSHAKE]: Recieved login wrapper packet event for channel fml:handshake with index 17
[26Jul2026 01:34:53.873] [Netty Epoll Server IO #5/DEBUG] [net.minecraftforge.network.HandshakeHandler/FMLHANDSHAKE]: Received client indexed reply 17 of type net.minecraftforge.network.HandshakeMessages$C2SAcknowledge
[26Jul2026 01:34:53.873] [Netty Epoll Server IO #5/DEBUG] [net.minecraftforge.network.HandshakeHandler/FMLHANDSHAKE]: Received acknowledgement from client
[26Jul2026 01:34:53.936] [Netty Epoll Server IO #5/DEBUG] [net.minecraftforge.network.LoginWrapper/FMLHANDSHAKE]: Recieved login wrapper packet event for channel fml:handshake with index 18
[26Jul2026 01:34:53.936] [Netty Epoll Server IO #5/DEBUG] [net.minecraftforge.network.HandshakeHandler/FMLHANDSHAKE]: Received client indexed reply 18 of type net.minecraftforge.network.HandshakeMessages$C2SAcknowledge
[26Jul2026 01:34:53.936] [Netty Epoll Server IO #5/DEBUG] [net.minecraftforge.network.HandshakeHandler/FMLHANDSHAKE]: Received acknowledgement from client
[26Jul2026 01:34:53.956] [Netty Epoll Server IO #5/DEBUG] [net.minecraftforge.network.LoginWrapper/FMLHANDSHAKE]: Recieved login wrapper packet event for channel fml:handshake with index 19
[26Jul2026 01:34:53.956] [Netty Epoll Server IO #5/DEBUG] [net.minecraftforge.network.HandshakeHandler/FMLHANDSHAKE]: Received client indexed reply 19 of type net.minecraftforge.network.HandshakeMessages$C2SAcknowledge
[26Jul2026 01:34:53.957] [Netty Epoll Server IO #5/DEBUG] [net.minecraftforge.network.HandshakeHandler/FMLHANDSHAKE]: Received acknowledgement from client
[26Jul2026 01:34:53.964] [Server thread/DEBUG] [net.minecraftforge.network.HandshakeHandler/FMLHANDSHAKE]: Sending ticking packet info 'Registry minecraft:entity_type' to 'fml:handshake' sequence 20
[26Jul2026 01:34:53.995] [Server thread/DEBUG] [net.minecraftforge.network.HandshakeHandler/FMLHANDSHAKE]: Sending ticking packet info 'Config champions-server.toml' to 'fml:handshake' sequence 21
[26Jul2026 01:34:54.062] [Server thread/DEBUG] [net.minecraftforge.network.HandshakeHandler/FMLHANDSHAKE]: Sending ticking packet info 'Config curios-server.toml' to 'fml:handshake' sequence 22
[26Jul2026 01:34:54.105] [Server thread/DEBUG] [net.minecraftforge.network.HandshakeHandler/FMLHANDSHAKE]: Sending ticking packet info 'Config journeymap-server.toml' to 'fml:handshake' sequence 23
[26Jul2026 01:34:54.158] [Server thread/DEBUG] [net.minecraftforge.network.HandshakeHandler/FMLHANDSHAKE]: Sending ticking packet info 'Config champions-entities.toml' to 'fml:handshake' sequence 24
[26Jul2026 01:34:54.193] [Server thread/DEBUG] [net.minecraftforge.network.HandshakeHandler/FMLHANDSHAKE]: Sending ticking packet info 'Config artifacts-server.toml' to 'fml:handshake' sequence 25
[26Jul2026 01:34:54.235] [Server thread/DEBUG] [net.minecraftforge.network.HandshakeHandler/FMLHANDSHAKE]: Sending ticking packet info 'Config betteranimalsplus-server.toml' to 'fml:handshake' sequence 26
[26Jul2026 01:34:54.290] [Server thread/DEBUG] [net.minecraftforge.network.HandshakeHandler/FMLHANDSHAKE]: Sending ticking packet info 'Config tombstone-server.toml' to 'fml:handshake' sequence 27
[26Jul2026 01:34:54.320] [Server thread/DEBUG] [net.minecraftforge.network.HandshakeHandler/FMLHANDSHAKE]: Sending ticking packet info 'Config champions-affixes.toml' to 'fml:handshake' sequence 28
[26Jul2026 01:34:54.396] [Server thread/DEBUG] [net.minecraftforge.network.HandshakeHandler/FMLHANDSHAKE]: Sending ticking packet info 'Config sophisticatedbackpacks-server.toml' to 'fml:handshake' sequence 29
[26Jul2026 01:34:54.447] [Server thread/DEBUG] [net.minecraftforge.network.HandshakeHandler/FMLHANDSHAKE]: Sending ticking packet info 'Config champions-ranks.toml' to 'fml:handshake' sequence 30
[26Jul2026 01:34:54.471] [Server thread/DEBUG] [net.minecraftforge.network.HandshakeHandler/FMLHANDSHAKE]: Sending ticking packet info 'Config jei-server.toml' to 'fml:handshake' sequence 31
[26Jul2026 01:34:54.545] [Server thread/DEBUG] [net.minecraftforge.network.HandshakeHandler/FMLHANDSHAKE]: Sending ticking packet info 'Config forge-server.toml' to 'fml:handshake' sequence 32
[26Jul2026 01:34:56.672] [Worker-Main-4/DEBUG] [mixin/]: Mixing WorldGenRegionAccessor from graveyard.mixins.json into net.minecraft.server.level.WorldGenRegion
[26Jul2026 01:34:56.677] [Worker-Main-4/DEBUG] [mixin/]: graveyard.mixins.json:WorldGenRegionAccessor: Class version 61 required is higher than the class version supported by the current version of Mixin (JAVA_8 supports class version 52)
[26Jul2026 01:34:56.677] [Worker-Main-4/DEBUG] [mixin/]: Mixing MuteSetBlockFarChunk from iceandfire.mixins.json into net.minecraft.server.level.WorldGenRegion
[26Jul2026 01:34:56.995] [Netty Epoll Server IO #5/DEBUG] [net.minecraftforge.network.LoginWrapper/FMLHANDSHAKE]: Recieved login wrapper packet event for channel fml:handshake with index 20
[26Jul2026 01:34:56.995] [Netty Epoll Server IO #5/DEBUG] [net.minecraftforge.network.HandshakeHandler/FMLHANDSHAKE]: Received client indexed reply 20 of type net.minecraftforge.network.HandshakeMessages$C2SAcknowledge
[26Jul2026 01:34:56.995] [Netty Epoll Server IO #5/DEBUG] [net.minecraftforge.network.HandshakeHandler/FMLHANDSHAKE]: Received acknowledgement from client
[26Jul2026 01:34:57.046] [Netty Epoll Server IO #5/DEBUG] [net.minecraftforge.network.LoginWrapper/FMLHANDSHAKE]: Recieved login wrapper packet event for channel fml:handshake with index 21
[26Jul2026 01:34:57.046] [Netty Epoll Server IO #5/DEBUG] [net.minecraftforge.network.HandshakeHandler/FMLHANDSHAKE]: Received client indexed reply 21 of type net.minecraftforge.network.HandshakeMessages$C2SAcknowledge
[26Jul2026 01:34:57.046] [Netty Epoll Server IO #5/DEBUG] [net.minecraftforge.network.HandshakeHandler/FMLHANDSHAKE]: Received acknowledgement from client
[26Jul2026 01:34:57.046] [Netty Epoll Server IO #5/DEBUG] [net.minecraftforge.network.LoginWrapper/FMLHANDSHAKE]: Recieved login wrapper packet event for channel fml:handshake with index 22
[26Jul2026 01:34:57.047] [Netty Epoll Server IO #5/DEBUG] [net.minecraftforge.network.HandshakeHandler/FMLHANDSHAKE]: Received client indexed reply 22 of type net.minecraftforge.network.HandshakeMessages$C2SAcknowledge
[26Jul2026 01:34:57.047] [Netty Epoll Server IO #5/DEBUG] [net.minecraftforge.network.HandshakeHandler/FMLHANDSHAKE]: Received acknowledgement from client
[26Jul2026 01:34:57.061] [Netty Epoll Server IO #5/DEBUG] [net.minecraftforge.network.LoginWrapper/FMLHANDSHAKE]: Recieved login wrapper packet event for channel fml:handshake with index 23
[26Jul2026 01:34:57.061] [Netty Epoll Server IO #5/DEBUG] [net.minecraftforge.network.HandshakeHandler/FMLHANDSHAKE]: Received client indexed reply 23 of type net.minecraftforge.network.HandshakeMessages$C2SAcknowledge
[26Jul2026 01:34:57.062] [Netty Epoll Server IO #5/DEBUG] [net.minecraftforge.network.HandshakeHandler/FMLHANDSHAKE]: Received acknowledgement from client
[26Jul2026 01:34:57.069] [Netty Epoll Server IO #5/DEBUG] [net.minecraftforge.network.LoginWrapper/FMLHANDSHAKE]: Recieved login wrapper packet event for channel fml:handshake with index 24
[26Jul2026 01:34:57.070] [Netty Epoll Server IO #5/DEBUG] [net.minecraftforge.network.HandshakeHandler/FMLHANDSHAKE]: Received client indexed reply 24 of type net.minecraftforge.network.HandshakeMessages$C2SAcknowledge
[26Jul2026 01:34:57.070] [Netty Epoll Server IO #5/DEBUG] [net.minecraftforge.network.HandshakeHandler/FMLHANDSHAKE]: Received acknowledgement from client
[26Jul2026 01:34:57.077] [Netty Epoll Server IO #5/DEBUG] [net.minecraftforge.network.LoginWrapper/FMLHANDSHAKE]: Recieved login wrapper packet event for channel fml:handshake with index 25
[26Jul2026 01:34:57.077] [Netty Epoll Server IO #5/DEBUG] [net.minecraftforge.network.HandshakeHandler/FMLHANDSHAKE]: Received client indexed reply 25 of type net.minecraftforge.network.HandshakeMessages$C2SAcknowledge
[26Jul2026 01:34:57.077] [Netty Epoll Server IO #5/DEBUG] [net.minecraftforge.network.HandshakeHandler/FMLHANDSHAKE]: Received acknowledgement from client
[26Jul2026 01:34:57.142] [Netty Epoll Server IO #5/DEBUG] [net.minecraftforge.network.LoginWrapper/FMLHANDSHAKE]: Recieved login wrapper packet event for channel fml:handshake with index 26
[26Jul2026 01:34:57.142] [Netty Epoll Server IO #5/DEBUG] [net.minecraftforge.network.HandshakeHandler/FMLHANDSHAKE]: Received client indexed reply 26 of type net.minecraftforge.network.HandshakeMessages$C2SAcknowledge
[26Jul2026 01:34:57.143] [Netty Epoll Server IO #5/DEBUG] [net.minecraftforge.network.HandshakeHandler/FMLHANDSHAKE]: Received acknowledgement from client
[26Jul2026 01:34:57.144] [Netty Epoll Server IO #5/DEBUG] [net.minecraftforge.network.LoginWrapper/FMLHANDSHAKE]: Recieved login wrapper packet event for channel fml:handshake with index 27
[26Jul2026 01:34:57.145] [Netty Epoll Server IO #5/DEBUG] [net.minecraftforge.network.HandshakeHandler/FMLHANDSHAKE]: Received client indexed reply 27 of type net.minecraftforge.network.HandshakeMessages$C2SAcknowledge
[26Jul2026 01:34:57.145] [Netty Epoll Server IO #5/DEBUG] [net.minecraftforge.network.HandshakeHandler/FMLHANDSHAKE]: Received acknowledgement from client
[26Jul2026 01:34:57.152] [Netty Epoll Server IO #5/DEBUG] [net.minecraftforge.network.LoginWrapper/FMLHANDSHAKE]: Recieved login wrapper packet event for channel fml:handshake with index 28
[26Jul2026 01:34:57.152] [Netty Epoll Server IO #5/DEBUG] [net.minecraftforge.network.HandshakeHandler/FMLHANDSHAKE]: Received client indexed reply 28 of type net.minecraftforge.network.HandshakeMessages$C2SAcknowledge
[26Jul2026 01:34:57.152] [Netty Epoll Server IO #5/DEBUG] [net.minecraftforge.network.HandshakeHandler/FMLHANDSHAKE]: Received acknowledgement from client
[26Jul2026 01:34:57.156] [Netty Epoll Server IO #5/DEBUG] [net.minecraftforge.network.LoginWrapper/FMLHANDSHAKE]: Recieved login wrapper packet event for channel fml:handshake with index 29
[26Jul2026 01:34:57.156] [Netty Epoll Server IO #5/DEBUG] [net.minecraftforge.network.HandshakeHandler/FMLHANDSHAKE]: Received client indexed reply 29 of type net.minecraftforge.network.HandshakeMessages$C2SAcknowledge
[26Jul2026 01:34:57.156] [Netty Epoll Server IO #5/DEBUG] [net.minecraftforge.network.HandshakeHandler/FMLHANDSHAKE]: Received acknowledgement from client
[26Jul2026 01:34:57.157] [Netty Epoll Server IO #5/DEBUG] [net.minecraftforge.network.LoginWrapper/FMLHANDSHAKE]: Recieved login wrapper packet event for channel fml:handshake with index 30
[26Jul2026 01:34:57.157] [Netty Epoll Server IO #5/DEBUG] [net.minecraftforge.network.HandshakeHandler/FMLHANDSHAKE]: Received client indexed reply 30 of type net.minecraftforge.network.HandshakeMessages$C2SAcknowledge
[26Jul2026 01:34:57.157] [Netty Epoll Server IO #5/DEBUG] [net.minecraftforge.network.HandshakeHandler/FMLHANDSHAKE]: Received acknowledgement from client
[26Jul2026 01:34:57.161] [Netty Epoll Server IO #5/DEBUG] [net.minecraftforge.network.LoginWrapper/FMLHANDSHAKE]: Recieved login wrapper packet event for channel fml:handshake with index 31
[26Jul2026 01:34:57.161] [Netty Epoll Server IO #5/DEBUG] [net.minecraftforge.network.HandshakeHandler/FMLHANDSHAKE]: Received client indexed reply 31 of type net.minecraftforge.network.HandshakeMessages$C2SAcknowledge
[26Jul2026 01:34:57.161] [Netty Epoll Server IO #5/DEBUG] [net.minecraftforge.network.HandshakeHandler/FMLHANDSHAKE]: Received acknowledgement from client
[26Jul2026 01:34:57.170] [Netty Epoll Server IO #5/DEBUG] [net.minecraftforge.network.LoginWrapper/FMLHANDSHAKE]: Recieved login wrapper packet event for channel fml:handshake with index 32
[26Jul2026 01:34:57.170] [Netty Epoll Server IO #5/DEBUG] [net.minecraftforge.network.HandshakeHandler/FMLHANDSHAKE]: Received client indexed reply 32 of type net.minecraftforge.network.HandshakeMessages$C2SAcknowledge
[26Jul2026 01:34:57.170] [Netty Epoll Server IO #5/DEBUG] [net.minecraftforge.network.HandshakeHandler/FMLHANDSHAKE]: Received acknowledgement from client
[26Jul2026 01:34:57.211] [Server thread/DEBUG] [net.minecraftforge.network.HandshakeHandler/FMLHANDSHAKE]: Handshake complete!
[26Jul2026 01:34:57.328] [Server thread/INFO] [net.minecraftforge.common.AdvancementLoadFix/]: Using new advancement loading for net.minecraft.server.PlayerAdvancements@27e86f39
[26Jul2026 01:34:57.358] [Server thread/INFO] [net.minecraft.server.players.PlayerList/]: Vengador_73[/100.82.138.68:63821] logged in with entity id 709 at (-1102.300000011921, 40.03584062504456, 40.41563838789001)
[26Jul2026 01:34:57.361] [Server thread/DEBUG] [net.minecraftforge.network.filters.NetworkFilters/]: Injected net.minecraftforge.network.filters.ForgeConnectionNetworkFilter@6fbfda3f into net.minecraft.network.Connection@116628c4
[26Jul2026 01:34:57.438] [Server thread/INFO] [net.minecraft.server.dedicated.DedicatedServer/]: Vengador_73 joined the game
[26Jul2026 01:34:57.489] [Server thread/INFO] [net.minecraftforge.common.AdvancementLoadFix/]: Using new advancement loading for net.minecraft.server.PlayerAdvancements@3a8c639e
[26Jul2026 01:35:04.652] [Server thread/DEBUG] [io.netty.util.internal.ThreadLocalRandom/]: -Dio.netty.initialSeedUniquifier: 0x43e153d00c2bcc45
[26Jul2026 01:35:16.918] [Worker-Main-4/DEBUG] [mixin/]: Mixing AgeableMobGroupDataAccessor from betteranimalsplus.mixins.json into net.minecraft.world.entity.AgeableMob$AgeableMobGroupData
[26Jul2026 01:35:44.137] [Server thread/WARN] [net.minecraft.server.MinecraftServer/]: Can't keep up! Is the server overloaded? Running 2932ms or 58 ticks behind
[26Jul2026 01:35:44.189] [Server thread/WARN] [net.minecraft.server.network.ServerGamePacketListenerImpl/]: Vengador_73 moved too quickly! 9.477274518688546,4.149423787253177,-0.6736259999071592
[26Jul2026 01:35:54.516] [Server thread/INFO] [net.minecraft.server.dedicated.DedicatedServer/]: [teils227: Set own game mode to Creative Mode]
[26Jul2026 01:36:03.198] [Server thread/INFO] [net.minecraft.server.dedicated.DedicatedServer/]: [teils227: Set own game mode to Spectator Mode]
[26Jul2026 01:36:43.827] [Server thread/INFO] [net.minecraft.server.dedicated.DedicatedServer/]: [teils227: Teleported Vengador_73 to teils227]
[26Jul2026 01:36:44.771] [Server thread/INFO] [net.minecraft.server.dedicated.DedicatedServer/]: Vengador_73 has made the advancement [Those Were the Days]
[26Jul2026 01:36:56.030] [Server thread/WARN] [net.minecraft.server.network.ServerGamePacketListenerImpl/]: Vengador_73 moved too quickly! -0.032269977991655985,-11.065764912039818,0.03732553430637964
[26Jul2026 01:36:57.920] [Server thread/WARN] [net.minecraft.server.network.ServerGamePacketListenerImpl/]: Vengador_73 was kicked for floating too long!
[26Jul2026 01:36:57.922] [Server thread/INFO] [net.minecraft.server.network.ServerGamePacketListenerImpl/]: Vengador_73 lost connection: Flying is not enabled on this server
[26Jul2026 01:36:57.922] [Server thread/INFO] [net.minecraft.server.dedicated.DedicatedServer/]: Vengador_73 left the game
[26Jul2026 01:36:58.000] [Server thread/WARN] [net.minecraft.network.Connection/]: handleDisconnection() called twice
[26Jul2026 01:37:05.650] [Netty Epoll Server IO #6/DEBUG] [net.minecraftforge.network.HandshakeHandler/FMLHANDSHAKE]: Starting new modded impl connection. Found 33 messages to dispatch.
[26Jul2026 01:37:05.671] [Server thread/DEBUG] [net.minecraftforge.network.HandshakeHandler/FMLHANDSHAKE]: Sending ticking packet info 'net.minecraftforge.network.HandshakeMessages$S2CModData' to 'fml:handshake' sequence 0
[26Jul2026 01:37:05.720] [Server thread/DEBUG] [net.minecraftforge.network.HandshakeHandler/FMLHANDSHAKE]: Sending ticking packet info 'net.minecraftforge.network.HandshakeMessages$S2CModList' to 'fml:handshake' sequence 1
[26Jul2026 01:37:05.764] [Server thread/DEBUG] [net.minecraftforge.network.HandshakeHandler/FMLHANDSHAKE]: Sending ticking packet info 'Registry minecraft:recipe_serializer' to 'fml:handshake' sequence 2
[26Jul2026 01:37:05.815] [Server thread/DEBUG] [net.minecraftforge.network.HandshakeHandler/FMLHANDSHAKE]: Sending ticking packet info 'Registry minecraft:sound_event' to 'fml:handshake' sequence 3
[26Jul2026 01:37:05.816] [Netty Epoll Server IO #6/DEBUG] [net.minecraftforge.network.LoginWrapper/FMLHANDSHAKE]: Recieved login wrapper packet event for channel fml:handshake with index 1
[26Jul2026 01:37:05.816] [Netty Epoll Server IO #6/DEBUG] [net.minecraftforge.network.HandshakeHandler/FMLHANDSHAKE]: Received client indexed reply 1 of type net.minecraftforge.network.HandshakeMessages$C2SModListReply
[26Jul2026 01:37:05.817] [Netty Epoll Server IO #6/DEBUG] [net.minecraftforge.network.HandshakeHandler/FMLHANDSHAKE]: Received client connection with modlist [minecraft, mowziesmobs, woodarmor, terrablender, mutantmonsters, biomesoplenty, jei, graveyard, born_in_chaos_v1, incendium, sophisticatedcore, insanelib, curios, spartanshields, ecologics, structory, journeymap, citadel, alexsmobs, artifacts, mixinextras, champions, tombstone, betteranimalsplus, sophisticatedbackpacks, spartanweaponry, progressivebosses, architectury, iceandfire, bosses_of_mass_destruction, puzzleslib, immersive_armors, usefulslime, cloth_config, forge, expandability, geckolib3, dungeons_arise]
[26Jul2026 01:37:05.817] [Netty Epoll Server IO #6/DEBUG] [net.minecraftforge.network.NetworkRegistry/NETREGISTRY]: Channel 'ic_ia:main' : Version test of '1' from client : ACCEPTED
[26Jul2026 01:37:05.817] [Netty Epoll Server IO #6/DEBUG] [net.minecraftforge.network.NetworkRegistry/NETREGISTRY]: Channel 'architectury:network' : Version test of '1' from client : ACCEPTED
[26Jul2026 01:37:05.817] [Netty Epoll Server IO #6/DEBUG] [net.minecraftforge.network.NetworkRegistry/NETREGISTRY]: Channel 'jei:channel' : Version test of '1.0.0' from client : ACCEPTED
[26Jul2026 01:37:05.817] [Netty Epoll Server IO #6/DEBUG] [net.minecraftforge.network.NetworkRegistry/NETREGISTRY]: Channel 'minecraft:unregister' : Version test of 'FML3' from client : ACCEPTED
[26Jul2026 01:37:05.817] [Netty Epoll Server IO #6/DEBUG] [net.minecraftforge.network.NetworkRegistry/NETREGISTRY]: Channel 'sophisticatedbackpacks:channel' : Version test of '1' from client : ACCEPTED
[26Jul2026 01:37:05.817] [Netty Epoll Server IO #6/DEBUG] [net.minecraftforge.network.NetworkRegistry/NETREGISTRY]: Channel 'citadel:main_channel' : Version test of '1' from client : ACCEPTED
[26Jul2026 01:37:05.817] [Netty Epoll Server IO #6/DEBUG] [net.minecraftforge.network.NetworkRegistry/NETREGISTRY]: Channel 'progressivebosses:wither_sync' : Version test of '1' from client : ACCEPTED
[26Jul2026 01:37:05.818] [Netty Epoll Server IO #6/DEBUG] [net.minecraftforge.network.NetworkRegistry/NETREGISTRY]: Channel 'born_in_chaos_v1:born_in_chaos_v1' : Version test of '1' from client : ACCEPTED
[26Jul2026 01:37:05.818] [Netty Epoll Server IO #6/DEBUG] [net.minecraftforge.network.NetworkRegistry/NETREGISTRY]: Channel 'iceandfire:main_channel' : Version test of '1' from client : ACCEPTED
[26Jul2026 01:37:05.818] [Netty Epoll Server IO #6/DEBUG] [net.minecraftforge.network.NetworkRegistry/NETREGISTRY]: Channel 'journeymap:version' : Version test of '1' from client : ACCEPTED
[26Jul2026 01:37:05.818] [Netty Epoll Server IO #6/DEBUG] [net.minecraftforge.network.NetworkRegistry/NETREGISTRY]: Channel 'bosses_of_mass_destruction:packets' : Version test of '1' from client : ACCEPTED
[26Jul2026 01:37:05.818] [Netty Epoll Server IO #6/DEBUG] [net.minecraftforge.network.NetworkRegistry/NETREGISTRY]: Channel 'champions:main' : Version test of '1' from client : ACCEPTED
[26Jul2026 01:37:05.818] [Netty Epoll Server IO #6/DEBUG] [net.minecraftforge.network.NetworkRegistry/NETREGISTRY]: Channel 'curios:main' : Version test of '1' from client : ACCEPTED
[26Jul2026 01:37:05.818] [Netty Epoll Server IO #6/DEBUG] [net.minecraftforge.network.NetworkRegistry/NETREGISTRY]: Channel 'worldinfo:world_id' : Version test of '1' from client : ACCEPTED
[26Jul2026 01:37:05.818] [Netty Epoll Server IO #6/DEBUG] [net.minecraftforge.network.NetworkRegistry/NETREGISTRY]: Channel 'journeymap:admin_req' : Version test of '1' from client : ACCEPTED
[26Jul2026 01:37:05.818] [Netty Epoll Server IO #6/DEBUG] [net.minecraftforge.network.NetworkRegistry/NETREGISTRY]: Channel 'journeymap:mp_options_req' : Version test of '1' from client : ACCEPTED
[26Jul2026 01:37:05.819] [Netty Epoll Server IO #6/DEBUG] [net.minecraftforge.network.NetworkRegistry/NETREGISTRY]: Channel 'journeymap:waypoint' : Version test of '1' from client : ACCEPTED
[26Jul2026 01:37:05.819] [Netty Epoll Server IO #6/DEBUG] [net.minecraftforge.network.NetworkRegistry/NETREGISTRY]: Channel 'fml:loginwrapper' : Version test of 'FML3' from client : ACCEPTED
[26Jul2026 01:37:05.819] [Netty Epoll Server IO #6/DEBUG] [net.minecraftforge.network.NetworkRegistry/NETREGISTRY]: Channel 'forge:tier_sorting' : Version test of '1.0' from client : ACCEPTED
[26Jul2026 01:37:05.819] [Netty Epoll Server IO #6/DEBUG] [net.minecraftforge.network.NetworkRegistry/NETREGISTRY]: Channel 'spartanshields:network' : Version test of '1' from client : ACCEPTED
[26Jul2026 01:37:05.819] [Netty Epoll Server IO #6/DEBUG] [net.minecraftforge.network.NetworkRegistry/NETREGISTRY]: Channel 'alexsmobs:main_channel' : Version test of '1' from client : ACCEPTED
[26Jul2026 01:37:05.819] [Netty Epoll Server IO #6/DEBUG] [net.minecraftforge.network.NetworkRegistry/NETREGISTRY]: Channel 'tombstone:tombstone_channel' : Version test of 'tombstone-7.7.7' from client : ACCEPTED
[26Jul2026 01:37:05.819] [Netty Epoll Server IO #6/DEBUG] [net.minecraftforge.network.NetworkRegistry/NETREGISTRY]: Channel 'mowziesmobs:net' : Version test of '1' from client : ACCEPTED
[26Jul2026 01:37:05.819] [Netty Epoll Server IO #6/DEBUG] [net.minecraftforge.network.NetworkRegistry/NETREGISTRY]: Channel 'fml:play' : Version test of 'FML3' from client : ACCEPTED
[26Jul2026 01:37:05.819] [Netty Epoll Server IO #6/DEBUG] [net.minecraftforge.network.NetworkRegistry/NETREGISTRY]: Channel 'journeymap:admin_save' : Version test of '1' from client : ACCEPTED
[26Jul2026 01:37:05.819] [Netty Epoll Server IO #6/DEBUG] [net.minecraftforge.network.NetworkRegistry/NETREGISTRY]: Channel 'journeymap:player_loc' : Version test of '1' from client : ACCEPTED
[26Jul2026 01:37:05.819] [Netty Epoll Server IO #6/DEBUG] [net.minecraftforge.network.NetworkRegistry/NETREGISTRY]: Channel 'sophisticatedcore:channel' : Version test of '1' from client : ACCEPTED
[26Jul2026 01:37:05.819] [Netty Epoll Server IO #6/DEBUG] [net.minecraftforge.network.NetworkRegistry/NETREGISTRY]: Channel 'journeymap:teleport_req' : Version test of '1' from client : ACCEPTED
[26Jul2026 01:37:05.820] [Netty Epoll Server IO #6/DEBUG] [net.minecraftforge.network.NetworkRegistry/NETREGISTRY]: Channel 'artifacts:main' : Version test of '1' from client : ACCEPTED
[26Jul2026 01:37:05.820] [Netty Epoll Server IO #6/DEBUG] [net.minecraftforge.network.NetworkRegistry/NETREGISTRY]: Channel 'fml:handshake' : Version test of 'FML3' from client : ACCEPTED
[26Jul2026 01:37:05.820] [Netty Epoll Server IO #6/DEBUG] [net.minecraftforge.network.NetworkRegistry/NETREGISTRY]: Channel 'puzzleslib-1:play' : Version test of '1' from client : ACCEPTED
[26Jul2026 01:37:05.820] [Netty Epoll Server IO #6/DEBUG] [net.minecraftforge.network.NetworkRegistry/NETREGISTRY]: Channel 'journeymap:common' : Version test of '1' from client : ACCEPTED
[26Jul2026 01:37:05.820] [Netty Epoll Server IO #6/DEBUG] [net.minecraftforge.network.NetworkRegistry/NETREGISTRY]: Channel 'spartanweaponry:network' : Version test of '1' from client : ACCEPTED
[26Jul2026 01:37:05.820] [Netty Epoll Server IO #6/DEBUG] [net.minecraftforge.network.NetworkRegistry/NETREGISTRY]: Channel 'geckolib3:main' : Version test of '0' from client : ACCEPTED
[26Jul2026 01:37:05.820] [Netty Epoll Server IO #6/DEBUG] [net.minecraftforge.network.NetworkRegistry/NETREGISTRY]: Channel 'minecraft:register' : Version test of 'FML3' from client : ACCEPTED
[26Jul2026 01:37:05.820] [Netty Epoll Server IO #6/DEBUG] [net.minecraftforge.network.NetworkRegistry/NETREGISTRY]: Channel 'forge:split' : Version test of '1.1' from client : ACCEPTED
[26Jul2026 01:37:05.820] [Netty Epoll Server IO #6/DEBUG] [net.minecraftforge.network.NetworkRegistry/NETREGISTRY]: Channel 'journeymap:perm_req' : Version test of '1' from client : ACCEPTED
[26Jul2026 01:37:05.820] [Netty Epoll Server IO #6/DEBUG] [net.minecraftforge.network.NetworkRegistry/NETREGISTRY]: Channel 'mutantmonsters-1:play' : Version test of '1' from client : ACCEPTED
[26Jul2026 01:37:05.820] [Netty Epoll Server IO #6/DEBUG] [net.minecraftforge.network.NetworkRegistry/NETREGISTRY]: Accepting channel list from client
[26Jul2026 01:37:05.820] [Netty Epoll Server IO #6/DEBUG] [net.minecraftforge.network.HandshakeHandler/FMLHANDSHAKE]: Accepted client connection mod list
[26Jul2026 01:37:05.860] [Netty Epoll Server IO #6/DEBUG] [net.minecraftforge.network.LoginWrapper/FMLHANDSHAKE]: Recieved login wrapper packet event for channel fml:handshake with index 2
[26Jul2026 01:37:05.861] [Netty Epoll Server IO #6/DEBUG] [net.minecraftforge.network.HandshakeHandler/FMLHANDSHAKE]: Received client indexed reply 2 of type net.minecraftforge.network.HandshakeMessages$C2SAcknowledge
[26Jul2026 01:37:05.861] [Netty Epoll Server IO #6/DEBUG] [net.minecraftforge.network.HandshakeHandler/FMLHANDSHAKE]: Received acknowledgement from client
[26Jul2026 01:37:05.868] [Server thread/DEBUG] [net.minecraftforge.network.HandshakeHandler/FMLHANDSHAKE]: Sending ticking packet info 'Registry minecraft:particle_type' to 'fml:handshake' sequence 4
[26Jul2026 01:37:05.918] [Server thread/DEBUG] [net.minecraftforge.network.HandshakeHandler/FMLHANDSHAKE]: Sending ticking packet info 'Registry minecraft:villager_profession' to 'fml:handshake' sequence 5
[26Jul2026 01:37:05.967] [Server thread/DEBUG] [net.minecraftforge.network.HandshakeHandler/FMLHANDSHAKE]: Sending ticking packet info 'Registry minecraft:item' to 'fml:handshake' sequence 6
[26Jul2026 01:37:06.019] [Server thread/DEBUG] [net.minecraftforge.network.HandshakeHandler/FMLHANDSHAKE]: Sending ticking packet info 'Registry minecraft:potion' to 'fml:handshake' sequence 7
[26Jul2026 01:37:06.064] [Server thread/DEBUG] [net.minecraftforge.network.HandshakeHandler/FMLHANDSHAKE]: Sending ticking packet info 'Registry minecraft:block_entity_type' to 'fml:handshake' sequence 8
[26Jul2026 01:37:06.100] [Netty Epoll Server IO #6/DEBUG] [net.minecraftforge.network.LoginWrapper/FMLHANDSHAKE]: Recieved login wrapper packet event for channel fml:handshake with index 3
[26Jul2026 01:37:06.100] [Netty Epoll Server IO #6/DEBUG] [net.minecraftforge.network.HandshakeHandler/FMLHANDSHAKE]: Received client indexed reply 3 of type net.minecraftforge.network.HandshakeMessages$C2SAcknowledge
[26Jul2026 01:37:06.100] [Netty Epoll Server IO #6/DEBUG] [net.minecraftforge.network.HandshakeHandler/FMLHANDSHAKE]: Received acknowledgement from client
[26Jul2026 01:37:06.101] [Netty Epoll Server IO #6/DEBUG] [net.minecraftforge.network.LoginWrapper/FMLHANDSHAKE]: Recieved login wrapper packet event for channel fml:handshake with index 4
[26Jul2026 01:37:06.101] [Netty Epoll Server IO #6/DEBUG] [net.minecraftforge.network.HandshakeHandler/FMLHANDSHAKE]: Received client indexed reply 4 of type net.minecraftforge.network.HandshakeMessages$C2SAcknowledge
[26Jul2026 01:37:06.101] [Netty Epoll Server IO #6/DEBUG] [net.minecraftforge.network.HandshakeHandler/FMLHANDSHAKE]: Received acknowledgement from client
[26Jul2026 01:37:06.116] [Server thread/DEBUG] [net.minecraftforge.network.HandshakeHandler/FMLHANDSHAKE]: Sending ticking packet info 'Registry minecraft:block' to 'fml:handshake' sequence 9
[26Jul2026 01:37:06.120] [Netty Epoll Server IO #6/DEBUG] [net.minecraftforge.network.LoginWrapper/FMLHANDSHAKE]: Recieved login wrapper packet event for channel fml:handshake with index 5
[26Jul2026 01:37:06.120] [Netty Epoll Server IO #6/DEBUG] [net.minecraftforge.network.HandshakeHandler/FMLHANDSHAKE]: Received client indexed reply 5 of type net.minecraftforge.network.HandshakeMessages$C2SAcknowledge
[26Jul2026 01:37:06.120] [Netty Epoll Server IO #6/DEBUG] [net.minecraftforge.network.HandshakeHandler/FMLHANDSHAKE]: Received acknowledgement from client
[26Jul2026 01:37:06.166] [Server thread/DEBUG] [net.minecraftforge.network.HandshakeHandler/FMLHANDSHAKE]: Sending ticking packet info 'Registry spartanweaponry:oil_effects' to 'fml:handshake' sequence 10
[26Jul2026 01:37:06.215] [Server thread/DEBUG] [net.minecraftforge.network.HandshakeHandler/FMLHANDSHAKE]: Sending ticking packet info 'Registry spartanweaponry:weapon_traits' to 'fml:handshake' sequence 11
[26Jul2026 01:37:06.254] [Netty Epoll Server IO #6/DEBUG] [net.minecraftforge.network.LoginWrapper/FMLHANDSHAKE]: Recieved login wrapper packet event for channel fml:handshake with index 6
[26Jul2026 01:37:06.254] [Netty Epoll Server IO #6/DEBUG] [net.minecraftforge.network.HandshakeHandler/FMLHANDSHAKE]: Received client indexed reply 6 of type net.minecraftforge.network.HandshakeMessages$C2SAcknowledge
[26Jul2026 01:37:06.254] [Netty Epoll Server IO #6/DEBUG] [net.minecraftforge.network.HandshakeHandler/FMLHANDSHAKE]: Received acknowledgement from client
[26Jul2026 01:37:06.272] [Server thread/DEBUG] [net.minecraftforge.network.HandshakeHandler/FMLHANDSHAKE]: Sending ticking packet info 'Registry minecraft:data_serializers' to 'fml:handshake' sequence 12
[26Jul2026 01:37:06.314] [Server thread/DEBUG] [net.minecraftforge.network.HandshakeHandler/FMLHANDSHAKE]: Sending ticking packet info 'Registry minecraft:mob_effect' to 'fml:handshake' sequence 13
[26Jul2026 01:37:06.352] [Netty Epoll Server IO #6/DEBUG] [net.minecraftforge.network.LoginWrapper/FMLHANDSHAKE]: Recieved login wrapper packet event for channel fml:handshake with index 7
[26Jul2026 01:37:06.352] [Netty Epoll Server IO #6/DEBUG] [net.minecraftforge.network.HandshakeHandler/FMLHANDSHAKE]: Received client indexed reply 7 of type net.minecraftforge.network.HandshakeMessages$C2SAcknowledge
[26Jul2026 01:37:06.352] [Netty Epoll Server IO #6/DEBUG] [net.minecraftforge.network.HandshakeHandler/FMLHANDSHAKE]: Received acknowledgement from client
[26Jul2026 01:37:06.368] [Netty Epoll Server IO #6/DEBUG] [net.minecraftforge.network.LoginWrapper/FMLHANDSHAKE]: Recieved login wrapper packet event for channel fml:handshake with index 8
[26Jul2026 01:37:06.368] [Netty Epoll Server IO #6/DEBUG] [net.minecraftforge.network.HandshakeHandler/FMLHANDSHAKE]: Received client indexed reply 8 of type net.minecraftforge.network.HandshakeMessages$C2SAcknowledge
[26Jul2026 01:37:06.368] [Netty Epoll Server IO #6/DEBUG] [net.minecraftforge.network.HandshakeHandler/FMLHANDSHAKE]: Received acknowledgement from client
[26Jul2026 01:37:06.370] [Server thread/DEBUG] [net.minecraftforge.network.HandshakeHandler/FMLHANDSHAKE]: Sending ticking packet info 'Registry minecraft:stat_type' to 'fml:handshake' sequence 14
[26Jul2026 01:37:06.382] [Netty Epoll Server IO #6/DEBUG] [net.minecraftforge.network.LoginWrapper/FMLHANDSHAKE]: Recieved login wrapper packet event for channel fml:handshake with index 9
[26Jul2026 01:37:06.382] [Netty Epoll Server IO #6/DEBUG] [net.minecraftforge.network.HandshakeHandler/FMLHANDSHAKE]: Received client indexed reply 9 of type net.minecraftforge.network.HandshakeMessages$C2SAcknowledge
[26Jul2026 01:37:06.382] [Netty Epoll Server IO #6/DEBUG] [net.minecraftforge.network.HandshakeHandler/FMLHANDSHAKE]: Received acknowledgement from client
[26Jul2026 01:37:06.382] [Netty Epoll Server IO #6/DEBUG] [net.minecraftforge.network.LoginWrapper/FMLHANDSHAKE]: Recieved login wrapper packet event for channel fml:handshake with index 10
[26Jul2026 01:37:06.382] [Netty Epoll Server IO #6/DEBUG] [net.minecraftforge.network.HandshakeHandler/FMLHANDSHAKE]: Received client indexed reply 10 of type net.minecraftforge.network.HandshakeMessages$C2SAcknowledge
[26Jul2026 01:37:06.382] [Netty Epoll Server IO #6/DEBUG] [net.minecraftforge.network.HandshakeHandler/FMLHANDSHAKE]: Received acknowledgement from client
[26Jul2026 01:37:06.382] [Netty Epoll Server IO #6/DEBUG] [net.minecraftforge.network.LoginWrapper/FMLHANDSHAKE]: Recieved login wrapper packet event for channel fml:handshake with index 11
[26Jul2026 01:37:06.382] [Netty Epoll Server IO #6/DEBUG] [net.minecraftforge.network.HandshakeHandler/FMLHANDSHAKE]: Received client indexed reply 11 of type net.minecraftforge.network.HandshakeMessages$C2SAcknowledge
[26Jul2026 01:37:06.382] [Netty Epoll Server IO #6/DEBUG] [net.minecraftforge.network.HandshakeHandler/FMLHANDSHAKE]: Received acknowledgement from client
[26Jul2026 01:37:06.382] [Netty Epoll Server IO #6/DEBUG] [net.minecraftforge.network.LoginWrapper/FMLHANDSHAKE]: Recieved login wrapper packet event for channel fml:handshake with index 12
[26Jul2026 01:37:06.382] [Netty Epoll Server IO #6/DEBUG] [net.minecraftforge.network.HandshakeHandler/FMLHANDSHAKE]: Received client indexed reply 12 of type net.minecraftforge.network.HandshakeMessages$C2SAcknowledge
[26Jul2026 01:37:06.382] [Netty Epoll Server IO #6/DEBUG] [net.minecraftforge.network.HandshakeHandler/FMLHANDSHAKE]: Received acknowledgement from client
[26Jul2026 01:37:06.402] [Netty Epoll Server IO #6/DEBUG] [net.minecraftforge.network.LoginWrapper/FMLHANDSHAKE]: Recieved login wrapper packet event for channel fml:handshake with index 13
[26Jul2026 01:37:06.402] [Netty Epoll Server IO #6/DEBUG] [net.minecraftforge.network.HandshakeHandler/FMLHANDSHAKE]: Received client indexed reply 13 of type net.minecraftforge.network.HandshakeMessages$C2SAcknowledge
[26Jul2026 01:37:06.402] [Netty Epoll Server IO #6/DEBUG] [net.minecraftforge.network.HandshakeHandler/FMLHANDSHAKE]: Received acknowledgement from client
[26Jul2026 01:37:06.416] [Server thread/DEBUG] [net.minecraftforge.network.HandshakeHandler/FMLHANDSHAKE]: Sending ticking packet info 'Registry tombstone:perks' to 'fml:handshake' sequence 15
[26Jul2026 01:37:06.458] [Netty Epoll Server IO #6/DEBUG] [net.minecraftforge.network.LoginWrapper/FMLHANDSHAKE]: Recieved login wrapper packet event for channel fml:handshake with index 14
[26Jul2026 01:37:06.458] [Netty Epoll Server IO #6/DEBUG] [net.minecraftforge.network.HandshakeHandler/FMLHANDSHAKE]: Received client indexed reply 14 of type net.minecraftforge.network.HandshakeMessages$C2SAcknowledge
[26Jul2026 01:37:06.458] [Netty Epoll Server IO #6/DEBUG] [net.minecraftforge.network.HandshakeHandler/FMLHANDSHAKE]: Received acknowledgement from client
[26Jul2026 01:37:06.466] [Server thread/DEBUG] [net.minecraftforge.network.HandshakeHandler/FMLHANDSHAKE]: Sending ticking packet info 'Registry minecraft:menu' to 'fml:handshake' sequence 16
[26Jul2026 01:37:06.511] [Netty Epoll Server IO #6/DEBUG] [net.minecraftforge.network.LoginWrapper/FMLHANDSHAKE]: Recieved login wrapper packet event for channel fml:handshake with index 15
[26Jul2026 01:37:06.511] [Netty Epoll Server IO #6/DEBUG] [net.minecraftforge.network.HandshakeHandler/FMLHANDSHAKE]: Received client indexed reply 15 of type net.minecraftforge.network.HandshakeMessages$C2SAcknowledge
[26Jul2026 01:37:06.511] [Netty Epoll Server IO #6/DEBUG] [net.minecraftforge.network.HandshakeHandler/FMLHANDSHAKE]: Received acknowledgement from client
[26Jul2026 01:37:06.519] [Server thread/DEBUG] [net.minecraftforge.network.HandshakeHandler/FMLHANDSHAKE]: Sending ticking packet info 'Registry minecraft:enchantment' to 'fml:handshake' sequence 17
[26Jul2026 01:37:06.562] [Netty Epoll Server IO #6/DEBUG] [net.minecraftforge.network.LoginWrapper/FMLHANDSHAKE]: Recieved login wrapper packet event for channel fml:handshake with index 16
[26Jul2026 01:37:06.562] [Netty Epoll Server IO #6/DEBUG] [net.minecraftforge.network.HandshakeHandler/FMLHANDSHAKE]: Received client indexed reply 16 of type net.minecraftforge.network.HandshakeMessages$C2SAcknowledge
[26Jul2026 01:37:06.562] [Netty Epoll Server IO #6/DEBUG] [net.minecraftforge.network.HandshakeHandler/FMLHANDSHAKE]: Received acknowledgement from client
[26Jul2026 01:37:06.564] [Server thread/DEBUG] [net.minecraftforge.network.HandshakeHandler/FMLHANDSHAKE]: Sending ticking packet info 'Registry minecraft:motive' to 'fml:handshake' sequence 18
[26Jul2026 01:37:06.611] [Netty Epoll Server IO #6/DEBUG] [net.minecraftforge.network.LoginWrapper/FMLHANDSHAKE]: Recieved login wrapper packet event for channel fml:handshake with index 17
[26Jul2026 01:37:06.611] [Netty Epoll Server IO #6/DEBUG] [net.minecraftforge.network.HandshakeHandler/FMLHANDSHAKE]: Received client indexed reply 17 of type net.minecraftforge.network.HandshakeMessages$C2SAcknowledge
[26Jul2026 01:37:06.611] [Netty Epoll Server IO #6/DEBUG] [net.minecraftforge.network.HandshakeHandler/FMLHANDSHAKE]: Received acknowledgement from client
[26Jul2026 01:37:06.617] [Server thread/DEBUG] [net.minecraftforge.network.HandshakeHandler/FMLHANDSHAKE]: Sending ticking packet info 'Registry minecraft:fluid' to 'fml:handshake' sequence 19
[26Jul2026 01:37:06.652] [Netty Epoll Server IO #6/DEBUG] [net.minecraftforge.network.LoginWrapper/FMLHANDSHAKE]: Recieved login wrapper packet event for channel fml:handshake with index 18
[26Jul2026 01:37:06.652] [Netty Epoll Server IO #6/DEBUG] [net.minecraftforge.network.HandshakeHandler/FMLHANDSHAKE]: Received client indexed reply 18 of type net.minecraftforge.network.HandshakeMessages$C2SAcknowledge
[26Jul2026 01:37:06.652] [Netty Epoll Server IO #6/DEBUG] [net.minecraftforge.network.HandshakeHandler/FMLHANDSHAKE]: Received acknowledgement from client
[26Jul2026 01:37:06.667] [Server thread/DEBUG] [net.minecraftforge.network.HandshakeHandler/FMLHANDSHAKE]: Sending ticking packet info 'Registry minecraft:entity_type' to 'fml:handshake' sequence 20
[26Jul2026 01:37:06.703] [Netty Epoll Server IO #6/DEBUG] [net.minecraftforge.network.LoginWrapper/FMLHANDSHAKE]: Recieved login wrapper packet event for channel fml:handshake with index 19
[26Jul2026 01:37:06.703] [Netty Epoll Server IO #6/DEBUG] [net.minecraftforge.network.HandshakeHandler/FMLHANDSHAKE]: Received client indexed reply 19 of type net.minecraftforge.network.HandshakeMessages$C2SAcknowledge
[26Jul2026 01:37:06.703] [Netty Epoll Server IO #6/DEBUG] [net.minecraftforge.network.HandshakeHandler/FMLHANDSHAKE]: Received acknowledgement from client
[26Jul2026 01:37:06.715] [Server thread/DEBUG] [net.minecraftforge.network.HandshakeHandler/FMLHANDSHAKE]: Sending ticking packet info 'Config champions-server.toml' to 'fml:handshake' sequence 21
[26Jul2026 01:37:06.766] [Server thread/DEBUG] [net.minecraftforge.network.HandshakeHandler/FMLHANDSHAKE]: Sending ticking packet info 'Config curios-server.toml' to 'fml:handshake' sequence 22
[26Jul2026 01:37:06.818] [Server thread/DEBUG] [net.minecraftforge.network.HandshakeHandler/FMLHANDSHAKE]: Sending ticking packet info 'Config journeymap-server.toml' to 'fml:handshake' sequence 23
[26Jul2026 01:37:06.864] [Server thread/DEBUG] [net.minecraftforge.network.HandshakeHandler/FMLHANDSHAKE]: Sending ticking packet info 'Config champions-entities.toml' to 'fml:handshake' sequence 24
[26Jul2026 01:37:06.915] [Server thread/DEBUG] [net.minecraftforge.network.HandshakeHandler/FMLHANDSHAKE]: Sending ticking packet info 'Config artifacts-server.toml' to 'fml:handshake' sequence 25
[26Jul2026 01:37:06.968] [Server thread/DEBUG] [net.minecraftforge.network.HandshakeHandler/FMLHANDSHAKE]: Sending ticking packet info 'Config betteranimalsplus-server.toml' to 'fml:handshake' sequence 26
[26Jul2026 01:37:07.015] [Server thread/DEBUG] [net.minecraftforge.network.HandshakeHandler/FMLHANDSHAKE]: Sending ticking packet info 'Config tombstone-server.toml' to 'fml:handshake' sequence 27
[26Jul2026 01:37:07.063] [Server thread/DEBUG] [net.minecraftforge.network.HandshakeHandler/FMLHANDSHAKE]: Sending ticking packet info 'Config champions-affixes.toml' to 'fml:handshake' sequence 28
[26Jul2026 01:37:07.114] [Server thread/DEBUG] [net.minecraftforge.network.HandshakeHandler/FMLHANDSHAKE]: Sending ticking packet info 'Config sophisticatedbackpacks-server.toml' to 'fml:handshake' sequence 29
[26Jul2026 01:37:07.164] [Server thread/DEBUG] [net.minecraftforge.network.HandshakeHandler/FMLHANDSHAKE]: Sending ticking packet info 'Config champions-ranks.toml' to 'fml:handshake' sequence 30
[26Jul2026 01:37:07.213] [Server thread/DEBUG] [net.minecraftforge.network.HandshakeHandler/FMLHANDSHAKE]: Sending ticking packet info 'Config jei-server.toml' to 'fml:handshake' sequence 31
[26Jul2026 01:37:07.266] [Server thread/DEBUG] [net.minecraftforge.network.HandshakeHandler/FMLHANDSHAKE]: Sending ticking packet info 'Config forge-server.toml' to 'fml:handshake' sequence 32
[26Jul2026 01:37:10.760] [Netty Epoll Server IO #6/DEBUG] [net.minecraftforge.network.LoginWrapper/FMLHANDSHAKE]: Recieved login wrapper packet event for channel fml:handshake with index 20
[26Jul2026 01:37:10.760] [Netty Epoll Server IO #6/DEBUG] [net.minecraftforge.network.HandshakeHandler/FMLHANDSHAKE]: Received client indexed reply 20 of type net.minecraftforge.network.HandshakeMessages$C2SAcknowledge
[26Jul2026 01:37:10.760] [Netty Epoll Server IO #6/DEBUG] [net.minecraftforge.network.HandshakeHandler/FMLHANDSHAKE]: Received acknowledgement from client
[26Jul2026 01:37:10.763] [Netty Epoll Server IO #6/DEBUG] [net.minecraftforge.network.LoginWrapper/FMLHANDSHAKE]: Recieved login wrapper packet event for channel fml:handshake with index 21
[26Jul2026 01:37:10.763] [Netty Epoll Server IO #6/DEBUG] [net.minecraftforge.network.HandshakeHandler/FMLHANDSHAKE]: Received client indexed reply 21 of type net.minecraftforge.network.HandshakeMessages$C2SAcknowledge
[26Jul2026 01:37:10.763] [Netty Epoll Server IO #6/DEBUG] [net.minecraftforge.network.HandshakeHandler/FMLHANDSHAKE]: Received acknowledgement from client
[26Jul2026 01:37:10.763] [Netty Epoll Server IO #6/DEBUG] [net.minecraftforge.network.LoginWrapper/FMLHANDSHAKE]: Recieved login wrapper packet event for channel fml:handshake with index 22
[26Jul2026 01:37:10.764] [Netty Epoll Server IO #6/DEBUG] [net.minecraftforge.network.HandshakeHandler/FMLHANDSHAKE]: Received client indexed reply 22 of type net.minecraftforge.network.HandshakeMessages$C2SAcknowledge
[26Jul2026 01:37:10.764] [Netty Epoll Server IO #6/DEBUG] [net.minecraftforge.network.HandshakeHandler/FMLHANDSHAKE]: Received acknowledgement from client
[26Jul2026 01:37:10.764] [Netty Epoll Server IO #6/DEBUG] [net.minecraftforge.network.LoginWrapper/FMLHANDSHAKE]: Recieved login wrapper packet event for channel fml:handshake with index 23
[26Jul2026 01:37:10.764] [Netty Epoll Server IO #6/DEBUG] [net.minecraftforge.network.HandshakeHandler/FMLHANDSHAKE]: Received client indexed reply 23 of type net.minecraftforge.network.HandshakeMessages$C2SAcknowledge
[26Jul2026 01:37:10.764] [Netty Epoll Server IO #6/DEBUG] [net.minecraftforge.network.HandshakeHandler/FMLHANDSHAKE]: Received acknowledgement from client
[26Jul2026 01:37:10.767] [Netty Epoll Server IO #6/DEBUG] [net.minecraftforge.network.LoginWrapper/FMLHANDSHAKE]: Recieved login wrapper packet event for channel fml:handshake with index 24
[26Jul2026 01:37:10.767] [Netty Epoll Server IO #6/DEBUG] [net.minecraftforge.network.HandshakeHandler/FMLHANDSHAKE]: Received client indexed reply 24 of type net.minecraftforge.network.HandshakeMessages$C2SAcknowledge
[26Jul2026 01:37:10.767] [Netty Epoll Server IO #6/DEBUG] [net.minecraftforge.network.HandshakeHandler/FMLHANDSHAKE]: Received acknowledgement from client
[26Jul2026 01:37:10.767] [Netty Epoll Server IO #6/DEBUG] [net.minecraftforge.network.LoginWrapper/FMLHANDSHAKE]: Recieved login wrapper packet event for channel fml:handshake with index 25
[26Jul2026 01:37:10.768] [Netty Epoll Server IO #6/DEBUG] [net.minecraftforge.network.HandshakeHandler/FMLHANDSHAKE]: Received client indexed reply 25 of type net.minecraftforge.network.HandshakeMessages$C2SAcknowledge
[26Jul2026 01:37:10.768] [Netty Epoll Server IO #6/DEBUG] [net.minecraftforge.network.HandshakeHandler/FMLHANDSHAKE]: Received acknowledgement from client
[26Jul2026 01:37:10.784] [Netty Epoll Server IO #6/DEBUG] [net.minecraftforge.network.LoginWrapper/FMLHANDSHAKE]: Recieved login wrapper packet event for channel fml:handshake with index 26
[26Jul2026 01:37:10.785] [Netty Epoll Server IO #6/DEBUG] [net.minecraftforge.network.HandshakeHandler/FMLHANDSHAKE]: Received client indexed reply 26 of type net.minecraftforge.network.HandshakeMessages$C2SAcknowledge
[26Jul2026 01:37:10.785] [Netty Epoll Server IO #6/DEBUG] [net.minecraftforge.network.HandshakeHandler/FMLHANDSHAKE]: Received acknowledgement from client
[26Jul2026 01:37:10.785] [Netty Epoll Server IO #6/DEBUG] [net.minecraftforge.network.LoginWrapper/FMLHANDSHAKE]: Recieved login wrapper packet event for channel fml:handshake with index 27
[26Jul2026 01:37:10.785] [Netty Epoll Server IO #6/DEBUG] [net.minecraftforge.network.HandshakeHandler/FMLHANDSHAKE]: Received client indexed reply 27 of type net.minecraftforge.network.HandshakeMessages$C2SAcknowledge
[26Jul2026 01:37:10.785] [Netty Epoll Server IO #6/DEBUG] [net.minecraftforge.network.HandshakeHandler/FMLHANDSHAKE]: Received acknowledgement from client
[26Jul2026 01:37:10.788] [Netty Epoll Server IO #6/DEBUG] [net.minecraftforge.network.LoginWrapper/FMLHANDSHAKE]: Recieved login wrapper packet event for channel fml:handshake with index 28
[26Jul2026 01:37:10.788] [Netty Epoll Server IO #6/DEBUG] [net.minecraftforge.network.HandshakeHandler/FMLHANDSHAKE]: Received client indexed reply 28 of type net.minecraftforge.network.HandshakeMessages$C2SAcknowledge
[26Jul2026 01:37:10.788] [Netty Epoll Server IO #6/DEBUG] [net.minecraftforge.network.HandshakeHandler/FMLHANDSHAKE]: Received acknowledgement from client
[26Jul2026 01:37:10.798] [Netty Epoll Server IO #6/DEBUG] [net.minecraftforge.network.LoginWrapper/FMLHANDSHAKE]: Recieved login wrapper packet event for channel fml:handshake with index 29
[26Jul2026 01:37:10.798] [Netty Epoll Server IO #6/DEBUG] [net.minecraftforge.network.HandshakeHandler/FMLHANDSHAKE]: Received client indexed reply 29 of type net.minecraftforge.network.HandshakeMessages$C2SAcknowledge
[26Jul2026 01:37:10.798] [Netty Epoll Server IO #6/DEBUG] [net.minecraftforge.network.HandshakeHandler/FMLHANDSHAKE]: Received acknowledgement from client
[26Jul2026 01:37:10.819] [Netty Epoll Server IO #6/DEBUG] [net.minecraftforge.network.LoginWrapper/FMLHANDSHAKE]: Recieved login wrapper packet event for channel fml:handshake with index 30
[26Jul2026 01:37:10.819] [Netty Epoll Server IO #6/DEBUG] [net.minecraftforge.network.HandshakeHandler/FMLHANDSHAKE]: Received client indexed reply 30 of type net.minecraftforge.network.HandshakeMessages$C2SAcknowledge
[26Jul2026 01:37:10.819] [Netty Epoll Server IO #6/DEBUG] [net.minecraftforge.network.HandshakeHandler/FMLHANDSHAKE]: Received acknowledgement from client
[26Jul2026 01:37:10.819] [Netty Epoll Server IO #6/DEBUG] [net.minecraftforge.network.LoginWrapper/FMLHANDSHAKE]: Recieved login wrapper packet event for channel fml:handshake with index 31
[26Jul2026 01:37:10.819] [Netty Epoll Server IO #6/DEBUG] [net.minecraftforge.network.HandshakeHandler/FMLHANDSHAKE]: Received client indexed reply 31 of type net.minecraftforge.network.HandshakeMessages$C2SAcknowledge
[26Jul2026 01:37:10.819] [Netty Epoll Server IO #6/DEBUG] [net.minecraftforge.network.HandshakeHandler/FMLHANDSHAKE]: Received acknowledgement from client
[26Jul2026 01:37:10.819] [Netty Epoll Server IO #6/DEBUG] [net.minecraftforge.network.LoginWrapper/FMLHANDSHAKE]: Recieved login wrapper packet event for channel fml:handshake with index 32
[26Jul2026 01:37:10.819] [Netty Epoll Server IO #6/DEBUG] [net.minecraftforge.network.HandshakeHandler/FMLHANDSHAKE]: Received client indexed reply 32 of type net.minecraftforge.network.HandshakeMessages$C2SAcknowledge
[26Jul2026 01:37:10.819] [Netty Epoll Server IO #6/DEBUG] [net.minecraftforge.network.HandshakeHandler/FMLHANDSHAKE]: Received acknowledgement from client
[26Jul2026 01:37:10.863] [Server thread/DEBUG] [net.minecraftforge.network.HandshakeHandler/FMLHANDSHAKE]: Handshake complete!
[26Jul2026 01:37:10.932] [Server thread/INFO] [net.minecraftforge.common.AdvancementLoadFix/]: Using new advancement loading for net.minecraft.server.PlayerAdvancements@319b21f0
[26Jul2026 01:37:10.941] [Server thread/INFO] [net.minecraft.server.players.PlayerList/]: Vengador_73[/100.82.138.68:62143] logged in with entity id 1627 at (6.038482123403354, 37.10506856257888, 22.85226790182373)
[26Jul2026 01:37:10.942] [Server thread/DEBUG] [net.minecraftforge.network.filters.NetworkFilters/]: Injected net.minecraftforge.network.filters.ForgeConnectionNetworkFilter@60e452ec into net.minecraft.network.Connection@1538b6cc
[26Jul2026 01:37:10.957] [Server thread/INFO] [net.minecraft.server.dedicated.DedicatedServer/]: Vengador_73 joined the game
[26Jul2026 01:37:11.040] [Server thread/INFO] [net.minecraftforge.common.AdvancementLoadFix/]: Using new advancement loading for net.minecraft.server.PlayerAdvancements@cf4bacf
[26Jul2026 01:37:21.040] [Server thread/INFO] [net.minecraft.server.dedicated.DedicatedServer/]: [teils227: Teleported Vengador_73 to teils227]
[26Jul2026 01:37:28.521] [Server thread/INFO] [net.minecraft.server.dedicated.DedicatedServer/]: [teils227: Teleported Vengador_73 to teils227]
[26Jul2026 01:37:31.906] [Server thread/INFO] [net.minecraft.server.dedicated.DedicatedServer/]: Vengador_73 fell from a high place
[26Jul2026 01:37:34.637] [Server thread/DEBUG] [tombstone/]: A new grave of the player Vengador_73 was created at position [x:-2, y:43, z:20, dim:minecraft:the_nether]
[26Jul2026 01:37:34.643] [Server thread/WARN] [net.minecraft.server.MinecraftServer/]: Can't keep up! Is the server overloaded? Running 2738ms or 54 ticks behind
[26Jul2026 01:37:34.673] [Server thread/INFO] [tombstone/]: The player Vengador_73 has successfully been saved
[26Jul2026 01:37:57.082] [Server thread/INFO] [net.minecraft.server.dedicated.DedicatedServer/]: [teils227: Teleported Vengador_73 to teils227]
[26Jul2026 01:38:45.596] [Server thread/DEBUG] [Spartan Weaponry/]: Intercepted DamageSource.playerAtttack() method!
[26Jul2026 01:38:45.605] [Server thread/DEBUG] [Spartan Weaponry/]: Intercepted EnchantmentHelper.getSweepingDamageRatio() method!
[26Jul2026 01:38:45.605] [Server thread/DEBUG] [Spartan Weaponry/]: Intercepted DamageSource.playerAtttack() method!
[26Jul2026 01:38:45.610] [Server thread/DEBUG] [Spartan Weaponry/]: Intercepted DamageSource.playerAtttack() method!
[26Jul2026 01:38:46.574] [Server thread/DEBUG] [Spartan Weaponry/]: Intercepted DamageSource.playerAtttack() method!
[26Jul2026 01:38:46.577] [Server thread/DEBUG] [Spartan Weaponry/]: Intercepted EnchantmentHelper.getSweepingDamageRatio() method!
[26Jul2026 01:38:49.925] [Server thread/DEBUG] [Spartan Weaponry/]: Intercepted DamageSource.playerAtttack() method!
[26Jul2026 01:38:49.927] [Server thread/DEBUG] [Spartan Weaponry/]: Intercepted EnchantmentHelper.getSweepingDamageRatio() method!
[26Jul2026 01:38:52.847] [Server thread/DEBUG] [Spartan Weaponry/]: Intercepted DamageSource.playerAtttack() method!
[26Jul2026 01:38:52.850] [Server thread/DEBUG] [Spartan Weaponry/]: Intercepted EnchantmentHelper.getSweepingDamageRatio() method!
[26Jul2026 01:38:53.536] [Server thread/DEBUG] [Spartan Weaponry/]: Intercepted DamageSource.playerAtttack() method!
[26Jul2026 01:38:53.542] [Server thread/DEBUG] [Spartan Weaponry/]: Intercepted EnchantmentHelper.getSweepingDamageRatio() method!
[26Jul2026 01:38:53.542] [Server thread/DEBUG] [Spartan Weaponry/]: Intercepted DamageSource.playerAtttack() method!
[26Jul2026 01:39:34.821] [Server thread/INFO] [net.minecraft.server.dedicated.DedicatedServer/]: Vengador_73 burned to death
[26Jul2026 01:39:35.610] [Server thread/DEBUG] [tombstone/]: A new grave of the player Vengador_73 was created at position [x:1, y:35, z:10, dim:minecraft:the_nether]
[26Jul2026 01:39:35.612] [Server thread/INFO] [tombstone/]: The player Vengador_73 has successfully been saved
[26Jul2026 01:39:51.483] [Server thread/DEBUG] [net.minecraftforge.common.ForgeHooks/WP]: Gathering id map for writing to world save world
[26Jul2026 01:39:51.499] [Server thread/DEBUG] [net.minecraftforge.common.ForgeHooks/WP]: ID Map collection complete world
[26Jul2026 01:42:12.285] [Server thread/INFO] [net.minecraft.server.dedicated.DedicatedServer/]: <Vengador_73> Piglins, vengo a hacer una alianza
[26Jul2026 01:42:23.328] [Server thread/INFO] [net.minecraft.server.dedicated.DedicatedServer/]: <Vengador_73> Les ofrzco oro
[26Jul2026 01:43:05.085] [Server thread/INFO] [net.minecraft.server.dedicated.DedicatedServer/]: Vengador_73 has made the advancement [Who is Cutting Onions?]
[26Jul2026 01:44:51.748] [Server thread/DEBUG] [net.minecraftforge.common.ForgeHooks/WP]: Gathering id map for writing to world save world
[26Jul2026 01:44:51.764] [Server thread/DEBUG] [net.minecraftforge.common.ForgeHooks/WP]: ID Map collection complete world
[26Jul2026 01:45:15.708] [Server thread/WARN] [net.minecraft.server.MinecraftServer/]: Can't keep up! Is the server overloaded? Running 2002ms or 40 ticks behind
[26Jul2026 01:45:44.064] [Server thread/WARN] [net.minecraft.server.MinecraftServer/]: Can't keep up! Is the server overloaded? Running 2009ms or 40 ticks behind
[26Jul2026 01:46:05.309] [Server thread/DEBUG] [Spartan Weaponry/]: Intercepted DamageSource.playerAtttack() method!
[26Jul2026 01:46:05.862] [Server thread/DEBUG] [Spartan Weaponry/]: Intercepted DamageSource.playerAtttack() method!
[26Jul2026 01:46:07.243] [Server thread/DEBUG] [Spartan Weaponry/]: Intercepted DamageSource.playerAtttack() method!
[26Jul2026 01:46:07.245] [Server thread/DEBUG] [Spartan Weaponry/]: Intercepted EnchantmentHelper.getSweepingDamageRatio() method!
[26Jul2026 01:46:07.881] [Server thread/DEBUG] [Spartan Weaponry/]: Intercepted DamageSource.playerAtttack() method!
[26Jul2026 01:46:08.607] [Server thread/DEBUG] [Spartan Weaponry/]: Intercepted DamageSource.playerAtttack() method!
[26Jul2026 01:46:09.279] [Server thread/WARN] [net.minecraft.server.MinecraftServer/]: Can't keep up! Is the server overloaded? Running 2024ms or 40 ticks behind
[26Jul2026 01:46:09.627] [Server thread/DEBUG] [Spartan Weaponry/]: Intercepted DamageSource.playerAtttack() method!
[26Jul2026 01:46:09.630] [Server thread/DEBUG] [Spartan Weaponry/]: Intercepted EnchantmentHelper.getSweepingDamageRatio() method!
[26Jul2026 01:46:10.512] [Server thread/DEBUG] [Spartan Weaponry/]: Intercepted DamageSource.playerAtttack() method!
[26Jul2026 01:46:10.518] [Server thread/DEBUG] [Spartan Weaponry/]: Intercepted EnchantmentHelper.getSweepingDamageRatio() method!
[26Jul2026 01:46:11.774] [Server thread/DEBUG] [Spartan Weaponry/]: Intercepted DamageSource.playerAtttack() method!
[26Jul2026 01:46:12.473] [Server thread/DEBUG] [Spartan Weaponry/]: Intercepted DamageSource.playerAtttack() method!
[26Jul2026 01:46:13.429] [Server thread/DEBUG] [Spartan Weaponry/]: Intercepted DamageSource.playerAtttack() method!
[26Jul2026 01:46:13.442] [Server thread/DEBUG] [Spartan Weaponry/]: Intercepted EnchantmentHelper.getSweepingDamageRatio() method!
[26Jul2026 01:46:14.141] [Server thread/DEBUG] [Spartan Weaponry/]: Intercepted DamageSource.playerAtttack() method!
[26Jul2026 01:47:20.250] [Server thread/DEBUG] [Spartan Weaponry/]: Intercepted DamageSource.playerAtttack() method!
[26Jul2026 01:47:21.754] [Server thread/DEBUG] [Spartan Weaponry/]: Intercepted DamageSource.playerAtttack() method!
[26Jul2026 01:47:24.954] [Server thread/DEBUG] [Spartan Weaponry/]: Intercepted DamageSource.playerAtttack() method!
[26Jul2026 01:49:58.117] [Server thread/DEBUG] [net.minecraftforge.common.ForgeHooks/WP]: Gathering id map for writing to world save world
[26Jul2026 01:49:58.229] [Server thread/DEBUG] [net.minecraftforge.common.ForgeHooks/WP]: ID Map collection complete world
[26Jul2026 01:51:58.233] [Server thread/DEBUG] [Spartan Weaponry/]: Intercepted DamageSource.playerAtttack() method!
[26Jul2026 01:52:21.292] [Server thread/DEBUG] [Spartan Weaponry/]: Intercepted DamageSource.playerAtttack() method!
[26Jul2026 01:52:25.887] [Server thread/DEBUG] [Spartan Weaponry/]: Intercepted DamageSource.playerAtttack() method!
[26Jul2026 01:52:25.888] [Server thread/DEBUG] [Spartan Weaponry/]: Intercepted EnchantmentHelper.getSweepingDamageRatio() method!
[26Jul2026 01:52:29.335] [Server thread/DEBUG] [Spartan Weaponry/]: Intercepted DamageSource.playerAtttack() method!
[26Jul2026 01:52:29.336] [Server thread/DEBUG] [Spartan Weaponry/]: Intercepted EnchantmentHelper.getSweepingDamageRatio() method!
[26Jul2026 01:52:29.336] [Server thread/DEBUG] [Spartan Weaponry/]: Intercepted DamageSource.playerAtttack() method!
[26Jul2026 01:52:34.437] [Server thread/DEBUG] [Spartan Weaponry/]: Intercepted DamageSource.playerAtttack() method!
[26Jul2026 01:52:34.439] [Server thread/DEBUG] [Spartan Weaponry/]: Intercepted EnchantmentHelper.getSweepingDamageRatio() method!
[26Jul2026 01:52:35.875] [Server thread/DEBUG] [Spartan Weaponry/]: Intercepted DamageSource.playerAtttack() method!
[26Jul2026 01:52:38.200] [Server thread/DEBUG] [Spartan Weaponry/]: Intercepted DamageSource.playerAtttack() method!
[26Jul2026 01:52:38.202] [Server thread/DEBUG] [Spartan Weaponry/]: Intercepted EnchantmentHelper.getSweepingDamageRatio() method!
[26Jul2026 01:54:23.236] [Server thread/DEBUG] [Spartan Weaponry/]: Intercepted DamageSource.playerAtttack() method!
[26Jul2026 01:54:23.855] [Server thread/DEBUG] [Spartan Weaponry/]: Intercepted DamageSource.playerAtttack() method!
[26Jul2026 01:54:24.428] [Server thread/DEBUG] [Spartan Weaponry/]: Intercepted DamageSource.playerAtttack() method!
[26Jul2026 01:54:57.624] [Server thread/DEBUG] [net.minecraftforge.common.ForgeHooks/WP]: Gathering id map for writing to world save world
[26Jul2026 01:54:57.652] [Server thread/DEBUG] [net.minecraftforge.common.ForgeHooks/WP]: ID Map collection complete world
[26Jul2026 01:55:36.037] [Server thread/WARN] [net.minecraft.server.MinecraftServer/]: Can't keep up! Is the server overloaded? Running 2032ms or 40 ticks behind
[26Jul2026 01:55:53.137] [Server thread/WARN] [net.minecraft.server.MinecraftServer/]: Can't keep up! Is the server overloaded? Running 2131ms or 42 ticks behind
[26Jul2026 01:56:18.925] [Server thread/DEBUG] [Spartan Weaponry/]: Intercepted DamageSource.playerAtttack() method!
[26Jul2026 01:56:19.774] [Server thread/DEBUG] [Spartan Weaponry/]: Intercepted DamageSource.playerAtttack() method!
[26Jul2026 01:56:20.576] [Server thread/DEBUG] [Spartan Weaponry/]: Intercepted DamageSource.playerAtttack() method!
[26Jul2026 01:56:20.577] [Server thread/DEBUG] [Spartan Weaponry/]: Intercepted EnchantmentHelper.getSweepingDamageRatio() method!
[26Jul2026 01:56:22.403] [Server thread/DEBUG] [Spartan Weaponry/]: Intercepted DamageSource.playerAtttack() method!
[26Jul2026 01:57:29.034] [Server thread/INFO] [net.minecraft.server.dedicated.DedicatedServer/]: Vengador_73 has made the advancement [A Terrible Fortress]
[26Jul2026 01:57:32.680] [Server thread/INFO] [net.minecraft.server.dedicated.DedicatedServer/]: [teils227: Teleported teils227 to Vengador_73]
[26Jul2026 01:57:36.692] [Server thread/DEBUG] [Spartan Weaponry/]: Intercepted DamageSource.playerAtttack() method!
[26Jul2026 01:57:36.694] [Server thread/DEBUG] [Spartan Weaponry/]: Intercepted EnchantmentHelper.getSweepingDamageRatio() method!
[26Jul2026 01:57:51.868] [Server thread/INFO] [net.minecraft.server.network.ServerGamePacketListenerImpl/]: teils227 lost connection: Timed out
[26Jul2026 01:57:51.869] [Server thread/INFO] [net.minecraft.server.dedicated.DedicatedServer/]: teils227 left the game
